"board","canonicalBoard","toMove","cell","value","after"
".........",".........","X","4","0","....X...."
".........",".........","X","0","0","X........"
".........",".........","X","2","0","..X......"
".........",".........","X","6","0","......X.."
".........",".........","X","8","0","........X"
".........",".........","X","1","0",".X......."
".........",".........","X","3","0","...X....."
".........",".........","X","5","0",".....X..."
".........",".........","X","7","0",".......X."
"........X","........X","O","4","0","....O...X"
"........X","........X","O","0","-1","O.......X"
"........X","........X","O","2","-1","..O.....X"
"........X","........X","O","6","-1","......O.X"
"........X","........X","O","1","-1",".O......X"
"........X","........X","O","3","-1","...O....X"
"........X","........X","O","5","-1",".....O..X"
"........X","........X","O","7","-1",".......OX"
".......OX",".......OX","X","4","1","....X..OX"
".......OX",".......OX","X","0","0","X......OX"
".......OX",".......OX","X","2","1","..X....OX"
".......OX",".......OX","X","6","0","......XOX"
".......OX",".......OX","X","1","0",".X.....OX"
".......OX",".......OX","X","3","0","...X...OX"
".......OX",".......OX","X","5","1",".....X.OX"
".......X.",".......X.","O","4","0","....O..X."
".......X.",".......X.","O","0","-1","O......X."
".......X.",".......X.","O","2","-1","..O....X."
".......X.",".......X.","O","6","0","......OX."
".......X.",".......X.","O","8","0",".......XO"
".......X.",".......X.","O","1","0",".O.....X."
".......X.",".......X.","O","3","-1","...O...X."
".......X.",".......X.","O","5","-1",".....O.X."
".......XO",".......XO","X","4","0","....X..XO"
".......XO",".......XO","X","0","0","X......XO"
".......XO",".......XO","X","2","0","..X....XO"
".......XO",".......XO","X","6","-1","......XXO"
".......XO",".......XO","X","1","-1",".X.....XO"
".......XO",".......XO","X","3","-1","...X...XO"
".......XO",".......XO","X","5","0",".....X.XO"
"......O.X","......O.X","X","4","0","....X.O.X"
"......O.X","......O.X","X","0","1","X.....O.X"
"......O.X","......O.X","X","2","1","..X...O.X"
"......O.X","......O.X","X","1","0",".X....O.X"
"......O.X","......O.X","X","3","0","...X..O.X"
"......O.X","......O.X","X","5","1",".....XO.X"
"......O.X","......O.X","X","7","-1","......OXX"
"......OX.",".......XO","X","4","0","....X.OX."
"......OX.",".......XO","X","0","0","X.....OX."
"......OX.",".......XO","X","2","0","..X...OX."
"......OX.",".......XO","X","8","-1","......OXX"
"......OX.",".......XO","X","1","-1",".X....OX."
"......OX.",".......XO","X","3","0","...X..OX."
"......OX.",".......XO","X","5","-1",".....XOX."
"......OXX","......OXX","O","4","0","....O.OXX"
"......OXX","......OXX","O","0","1","O.....OXX"
"......OXX","......OXX","O","2","-1","..O...OXX"
"......OXX","......OXX","O","1","0",".O....OXX"
"......OXX","......OXX","O","3","1","...O..OXX"
"......OXX","......OXX","O","5","-1",".....OOXX"
"......X..","........X","O","4","0","....O.X.."
"......X..","........X","O","0","-1","O.....X.."
"......X..","........X","O","2","-1","..O...X.."
"......X..","........X","O","8","-1","......X.O"
"......X..","........X","O","1","-1",".O....X.."
"......X..","........X","O","3","-1","...O..X.."
"......X..","........X","O","5","-1",".....OX.."
"......X..","........X","O","7","-1","......XO."
"......X.O","......O.X","X","4","0","....X.X.O"
"......X.O","......O.X","X","0","1","X.....X.O"
"......X.O","......O.X","X","2","1","..X...X.O"
"......X.O","......O.X","X","1","0",".X....X.O"
"......X.O","......O.X","X","3","1","...X..X.O"
"......X.O","......O.X","X","5","0",".....XX.O"
"......X.O","......O.X","X","7","-1","......XXO"
"......XO.",".......OX","X","4","1","....X.XO."
"......XO.",".......OX","X","0","1","X.....XO."
"......XO.",".......OX","X","2","0","..X...XO."
"......XO.",".......OX","X","8","0","......XOX"
"......XO.",".......OX","X","1","0",".X....XO."
"......XO.",".......OX","X","3","1","...X..XO."
"......XO.",".......OX","X","5","0",".....XXO."
"......XOX","......XOX","O","4","0","....O.XOX"
"......XOX","......XOX","O","0","-1","O.....XOX"
"......XOX","......XOX","O","2","-1","..O...XOX"
"......XOX","......XOX","O","1","-1",".O....XOX"
"......XOX","......XOX","O","3","-1","...O..XOX"
"......XOX","......XOX","O","5","-1",".....OXOX"
"......XXO","......OXX","O","4","0","....O.XXO"
"......XXO","......OXX","O","0","-1","O.....XXO"
"......XXO","......OXX","O","2","1","..O...XXO"
"......XXO","......OXX","O","1","0",".O....XXO"
"......XXO","......OXX","O","3","-1","...O..XXO"
"......XXO","......OXX","O","5","1",".....OXXO"
".....O..X",".......OX","X","4","1","....XO..X"
".....O..X",".......OX","X","0","0","X....O..X"
".....O..X",".......OX","X","2","0","..X..O..X"
".....O..X",".......OX","X","6","1",".....OX.X"
".....O..X",".......OX","X","1","0",".X...O..X"
".....O..X",".......OX","X","3","0","...X.O..X"
".....O..X",".......OX","X","7","1",".....O.XX"
".....O.X.",".....O.X.","X","4","1","....XO.X."
".....O.X.",".....O.X.","X","0","0","X....O.X."
".....O.X.",".....O.X.","X","2","0","..X..O.X."
".....O.X.",".....O.X.","X","6","-1",".....OXX."
".....O.X.",".....O.X.","X","8","1",".....O.XX"
".....O.X.",".....O.X.","X","1","-1",".X...O.X."
".....O.X.",".....O.X.","X","3","0","...X.O.X."
".....O.XX",".....O.XX","O","4","-1","....OO.XX"
".....O.XX",".....O.XX","O","0","-1","O....O.XX"
".....O.XX",".....O.XX","O","2","-1","..O..O.XX"
".....O.XX",".....O.XX","O","6","-1",".....OOXX"
".....O.XX",".....O.XX","O","1","-1",".O...O.XX"
".....O.XX",".....O.XX","O","3","-1","...O.O.XX"
".....OOXX",".....OOXX","X","4","1","....XOOXX"
".....OOXX",".....OOXX","X","0","-1","X....OOXX"
".....OOXX",".....OOXX","X","2","-1","..X..OOXX"
".....OOXX",".....OOXX","X","1","-1",".X...OOXX"
".....OOXX",".....OOXX","X","3","0","...X.OOXX"
".....OX..",".....OX..","X","4","1","....XOX.."
".....OX..",".....OX..","X","0","1","X....OX.."
".....OX..",".....OX..","X","2","0","..X..OX.."
".....OX..",".....OX..","X","8","1",".....OX.X"
".....OX..",".....OX..","X","1","0",".X...OX.."
".....OX..",".....OX..","X","3","0","...X.OX.."
".....OX..",".....OX..","X","7","-1",".....OXX."
".....OX.X",".....OX.X","O","4","-1","....OOX.X"
".....OX.X",".....OX.X","O","0","-1","O....OX.X"
".....OX.X",".....OX.X","O","2","-1","..O..OX.X"
".....OX.X",".....OX.X","O","1","-1",".O...OX.X"
".....OX.X",".....OX.X","O","3","-1","...O.OX.X"
".....OX.X",".....OX.X","O","7","-1",".....OXOX"
".....OXOX",".....OXOX","X","4","1","....XOXOX"
".....OXOX",".....OXOX","X","0","1","X....OXOX"
".....OXOX",".....OXOX","X","2","-1","..X..OXOX"
".....OXOX",".....OXOX","X","1","0",".X...OXOX"
".....OXOX",".....OXOX","X","3","0","...X.OXOX"
".....OXX.",".....OXX.","O","4","-1","....OOXX."
".....OXX.",".....OXX.","O","0","-1","O....OXX."
".....OXX.",".....OXX.","O","2","-1","..O..OXX."
".....OXX.",".....OXX.","O","8","1",".....OXXO"
".....OXX.",".....OXX.","O","1","-1",".O...OXX."
".....OXX.",".....OXX.","O","3","-1","...O.OXX."
".....OXXO",".....OXXO","X","4","-1","....XOXXO"
".....OXXO",".....OXXO","X","0","-1","X....OXXO"
".....OXXO",".....OXXO","X","2","-1","..X..OXXO"
".....OXXO",".....OXXO","X","1","-1",".X...OXXO"
".....OXXO",".....OXXO","X","3","-1","...X.OXXO"
".....X...",".......X.","O","4","0","....OX..."
".....X...",".......X.","O","0","-1","O....X..."
".....X...",".......X.","O","2","0","..O..X..."
".....X...",".......X.","O","6","-1",".....XO.."
".....X...",".......X.","O","8","0",".....X..O"
".....X...",".......X.","O","1","-1",".O...X..."
".....X...",".......X.","O","3","0","...O.X..."
".....X...",".......X.","O","7","-1",".....X.O."
".....X..O",".......XO","X","4","0","....XX..O"
".....X..O",".......XO","X","0","0","X....X..O"
".....X..O",".......XO","X","2","-1","..X..X..O"
".....X..O",".......XO","X","6","0",".....XX.O"
".....X..O",".......XO","X","1","-1",".X...X..O"
".....X..O",".......XO","X","3","-1","...X.X..O"
".....X..O",".......XO","X","7","0",".....X.XO"
".....X.O.",".....O.X.","X","4","1","....XX.O."
".....X.O.",".....O.X.","X","0","0","X....X.O."
".....X.O.",".....O.X.","X","2","-1","..X..X.O."
".....X.O.",".....O.X.","X","6","0",".....XXO."
".....X.O.",".....O.X.","X","8","1",".....X.OX"
".....X.O.",".....O.X.","X","1","0",".X...X.O."
".....X.O.",".....O.X.","X","3","-1","...X.X.O."
".....X.OX",".....O.XX","O","4","-1","....OX.OX"
".....X.OX",".....O.XX","O","0","-1","O....X.OX"
".....X.OX",".....O.XX","O","2","-1","..O..X.OX"
".....X.OX",".....O.XX","O","6","-1",".....XOOX"
".....X.OX",".....O.XX","O","1","-1",".O...X.OX"
".....X.OX",".....O.XX","O","3","-1","...O.X.OX"
".....X.XO",".....X.XO","O","4","0","....OX.XO"
".....X.XO",".....X.XO","O","0","-1","O....X.XO"
".....X.XO",".....X.XO","O","2","-1","..O..X.XO"
".....X.XO",".....X.XO","O","6","-1",".....XOXO"
".....X.XO",".....X.XO","O","1","0",".O...X.XO"
".....X.XO",".....X.XO","O","3","0","...O.X.XO"
".....XO..",".....XO..","X","4","0","....XXO.."
".....XO..",".....XO..","X","0","0","X....XO.."
".....XO..",".....XO..","X","2","-1","..X..XO.."
".....XO..",".....XO..","X","8","1",".....XO.X"
".....XO..",".....XO..","X","1","-1",".X...XO.."
".....XO..",".....XO..","X","3","-1","...X.XO.."
".....XO..",".....XO..","X","7","-1",".....XOX."
".....XO.X",".....XO.X","O","4","-1","....OXO.X"
".....XO.X",".....XO.X","O","0","-1","O....XO.X"
".....XO.X",".....XO.X","O","2","-1","..O..XO.X"
".....XO.X",".....XO.X","O","1","-1",".O...XO.X"
".....XO.X",".....XO.X","O","3","-1","...O.XO.X"
".....XO.X",".....XO.X","O","7","-1",".....XOOX"
".....XOOX",".....XOOX","X","4","1","....XXOOX"
".....XOOX",".....XOOX","X","0","1","X....XOOX"
".....XOOX",".....XOOX","X","2","1","..X..XOOX"
".....XOOX",".....XOOX","X","1","1",".X...XOOX"
".....XOOX",".....XOOX","X","3","1","...X.XOOX"
".....XOX.",".....XOX.","O","4","0","....OXOX."
".....XOX.",".....XOX.","O","0","1","O....XOX."
".....XOX.",".....XOX.","O","2","-1","..O..XOX."
".....XOX.",".....XOX.","O","8","-1",".....XOXO"
".....XOX.",".....XOX.","O","1","0",".O...XOX."
".....XOX.",".....XOX.","O","3","-1","...O.XOX."
".....XOXO",".....XOXO","X","4","1","....XXOXO"
".....XOXO",".....XOXO","X","0","0","X....XOXO"
".....XOXO",".....XOXO","X","2","-1","..X..XOXO"
".....XOXO",".....XOXO","X","1","-1",".X...XOXO"
".....XOXO",".....XOXO","X","3","-1","...X.XOXO"
".....XX.O",".....XX.O","O","4","0","....OXX.O"
".....XX.O",".....XX.O","O","0","-1","O....XX.O"
".....XX.O",".....XX.O","O","2","-1","..O..XX.O"
".....XX.O",".....XX.O","O","1","-1",".O...XX.O"
".....XX.O",".....XX.O","O","3","0","...O.XX.O"
".....XX.O",".....XX.O","O","7","-1",".....XXOO"
".....XXO.",".....XXO.","O","4","0","....OXXO."
".....XXO.",".....XXO.","O","0","-1","O....XXO."
".....XXO.",".....XXO.","O","2","-1","..O..XXO."
".....XXO.",".....XXO.","O","8","-1",".....XXOO"
".....XXO.",".....XXO.","O","1","-1",".O...XXO."
".....XXO.",".....XXO.","O","3","-1","...O.XXO."
".....XXOO",".....XXOO","X","4","1","....XXXOO"
".....XXOO",".....XXOO","X","0","1","X....XXOO"
".....XXOO",".....XXOO","X","2","-1","..X..XXOO"
".....XXOO",".....XXOO","X","1","1",".X...XXOO"
".....XXOO",".....XXOO","X","3","1","...X.XXOO"
"....O...X","....O...X","X","0","0","X...O...X"
"....O...X","....O...X","X","2","0","..X.O...X"
"....O...X","....O...X","X","6","0","....O.X.X"
"....O...X","....O...X","X","1","0",".X..O...X"
"....O...X","....O...X","X","3","0","...XO...X"
"....O...X","....O...X","X","5","0","....OX..X"
"....O...X","....O...X","X","7","0","....O..XX"
"....O..X.","....O..X.","X","0","0","X...O..X."
"....O..X.","....O..X.","X","2","0","..X.O..X."
"....O..X.","....O..X.","X","6","0","....O.XX."
"....O..X.","....O..X.","X","8","0","....O..XX"
"....O..X.","....O..X.","X","1","-1",".X..O..X."
"....O..X.","....O..X.","X","3","0","...XO..X."
"....O..X.","....O..X.","X","5","0","....OX.X."
"....O..XX","....O..XX","O","0","-1","O...O..XX"
"....O..XX","....O..XX","O","2","-1","..O.O..XX"
"....O..XX","....O..XX","O","6","0","....O.OXX"
"....O..XX","....O..XX","O","1","-1",".O..O..XX"
"....O..XX","....O..XX","O","3","-1","...OO..XX"
"....O..XX","....O..XX","O","5","-1","....OO.XX"
"....O.OXX","....O.OXX","X","0","-1","X...O.OXX"
"....O.OXX","....O.OXX","X","2","0","..X.O.OXX"
"....O.OXX","....O.OXX","X","1","-1",".X..O.OXX"
"....O.OXX","....O.OXX","X","3","-1","...XO.OXX"
"....O.OXX","....O.OXX","X","5","-1","....OXOXX"
"....O.X..","....O...X","X","0","0","X...O.X.."
"....O.X..","....O...X","X","2","0","..X.O.X.."
"....O.X..","....O...X","X","8","0","....O.X.X"
"....O.X..","....O...X","X","1","0",".X..O.X.."
"....O.X..","....O...X","X","3","0","...XO.X.."
"....O.X..","....O...X","X","5","0","....OXX.."
"....O.X..","....O...X","X","7","0","....O.XX."
"....O.X.X","....O.X.X","O","0","-1","O...O.X.X"
"....O.X.X","....O.X.X","O","2","-1","..O.O.X.X"
"....O.X.X","....O.X.X","O","1","-1",".O..O.X.X"
"....O.X.X","....O.X.X","O","3","-1","...OO.X.X"
"....O.X.X","....O.X.X","O","5","-1","....OOX.X"
"....O.X.X","....O.X.X","O","7","0","....O.XOX"
"....O.XOX","....O.XOX","X","0","-1","X...O.XOX"
"....O.XOX","....O.XOX","X","2","-1","..X.O.XOX"
"....O.XOX","....O.XOX","X","1","0",".X..O.XOX"
"....O.XOX","....O.XOX","X","3","-1","...XO.XOX"
"....O.XOX","....O.XOX","X","5","-1","....OXXOX"
"....O.XX.","....O..XX","O","0","-1","O...O.XX."
"....O.XX.","....O..XX","O","2","-1","..O.O.XX."
"....O.XX.","....O..XX","O","8","0","....O.XXO"
"....O.XX.","....O..XX","O","1","-1",".O..O.XX."
"....O.XX.","....O..XX","O","3","-1","...OO.XX."
"....O.XX.","....O..XX","O","5","-1","....OOXX."
"....O.XXO","....O.OXX","X","0","0","X...O.XXO"
"....O.XXO","....O.OXX","X","2","-1","..X.O.XXO"
"....O.XXO","....O.OXX","X","1","-1",".X..O.XXO"
"....O.XXO","....O.OXX","X","3","-1","...XO.XXO"
"....O.XXO","....O.OXX","X","5","-1","....OXXXO"
"....OO.XX","....OO.XX","X","0","-1","X...OO.XX"
"....OO.XX","....OO.XX","X","2","-1","..X.OO.XX"
"....OO.XX","....OO.XX","X","6","1","....OOXXX"
"....OO.XX","....OO.XX","X","1","-1",".X..OO.XX"
"....OO.XX","....OO.XX","X","3","0","...XOO.XX"
"....OOX.X","....OOX.X","X","0","-1","X...OOX.X"
"....OOX.X","....OOX.X","X","2","-1","..X.OOX.X"
"....OOX.X","....OOX.X","X","1","-1",".X..OOX.X"
"....OOX.X","....OOX.X","X","3","1","...XOOX.X"
"....OOX.X","....OOX.X","X","7","1","....OOXXX"
"....OOXX.","....OOXX.","X","0","-1","X...OOXX."
"....OOXX.","....OOXX.","X","2","-1","..X.OOXX."
"....OOXX.","....OOXX.","X","8","1","....OOXXX"
"....OOXX.","....OOXX.","X","1","-1",".X..OOXX."
"....OOXX.","....OOXX.","X","3","1","...XOOXX."
"....OX...","....O..X.","X","0","0","X...OX..."
"....OX...","....O..X.","X","2","0","..X.OX..."
"....OX...","....O..X.","X","6","0","....OXX.."
"....OX...","....O..X.","X","8","0","....OX..X"
"....OX...","....O..X.","X","1","0",".X..OX..."
"....OX...","....O..X.","X","3","-1","...XOX..."
"....OX...","....O..X.","X","7","0","....OX.X."
"....OX..X","....O..XX","O","0","-1","O...OX..X"
"....OX..X","....O..XX","O","2","0","..O.OX..X"
"....OX..X","....O..XX","O","6","-1","....OXO.X"
"....OX..X","....O..XX","O","1","-1",".O..OX..X"
"....OX..X","....O..XX","O","3","-1","...OOX..X"
"....OX..X","....O..XX","O","7","-1","....OX.OX"
"....OX.OX","....OO.XX","X","0","-1","X...OX.OX"
"....OX.OX","....OO.XX","X","2","1","..X.OX.OX"
"....OX.OX","....OO.XX","X","6","-1","....OXXOX"
"....OX.OX","....OO.XX","X","1","0",".X..OX.OX"
"....OX.OX","....OO.XX","X","3","-1","...XOX.OX"
"....OX.X.","....OX.X.","O","0","-1","O...OX.X."
"....OX.X.","....OX.X.","O","2","0","..O.OX.X."
"....OX.X.","....OX.X.","O","6","0","....OXOX."
"....OX.X.","....OX.X.","O","8","0","....OX.XO"
"....OX.X.","....OX.X.","O","1","-1",".O..OX.X."
"....OX.X.","....OX.X.","O","3","-1","...OOX.X."
"....OX.XO","....OX.XO","X","0","0","X...OX.XO"
"....OX.XO","....OX.XO","X","2","-1","..X.OX.XO"
"....OX.XO","....OX.XO","X","6","-1","....OXXXO"
"....OX.XO","....OX.XO","X","1","-1",".X..OX.XO"
"....OX.XO","....OX.XO","X","3","-1","...XOX.XO"
"....OXO.X","....OXO.X","X","0","-1","X...OXO.X"
"....OXO.X","....OXO.X","X","2","1","..X.OXO.X"
"....OXO.X","....OXO.X","X","1","-1",".X..OXO.X"
"....OXO.X","....OXO.X","X","3","-1","...XOXO.X"
"....OXO.X","....OXO.X","X","7","-1","....OXOXX"
"....OXOX.","....OXOX.","X","0","-1","X...OXOX."
"....OXOX.","....OXOX.","X","2","0","..X.OXOX."
"....OXOX.","....OXOX.","X","8","-1","....OXOXX"
"....OXOX.","....OXOX.","X","1","-1",".X..OXOX."
"....OXOX.","....OXOX.","X","3","-1","...XOXOX."
"....OXOXX","....OXOXX","O","0","-1","O...OXOXX"
"....OXOXX","....OXOXX","O","2","1","..O.OXOXX"
"....OXOXX","....OXOXX","O","1","-1",".O..OXOXX"
"....OXOXX","....OXOXX","O","3","-1","...OOXOXX"
"....OXX..","....OXX..","O","0","-1","O...OXX.."
"....OXX..","....OXX..","O","2","0","..O.OXX.."
"....OXX..","....OXX..","O","8","0","....OXX.O"
"....OXX..","....OXX..","O","1","0",".O..OXX.."
"....OXX..","....OXX..","O","3","-1","...OOXX.."
"....OXX..","....OXX..","O","7","0","....OXXO."
"....OXX.O","....OXX.O","X","0","0","X...OXX.O"
"....OXX.O","....OXX.O","X","2","-1","..X.OXX.O"
"....OXX.O","....OXX.O","X","1","-1",".X..OXX.O"
"....OXX.O","....OXX.O","X","3","-1","...XOXX.O"
"....OXX.O","....OXX.O","X","7","-1","....OXXXO"
"....OXXO.","....OXXO.","X","0","-1","X...OXXO."
"....OXXO.","....OXXO.","X","2","-1","..X.OXXO."
"....OXXO.","....OXXO.","X","8","-1","....OXXOX"
"....OXXO.","....OXXO.","X","1","0",".X..OXXO."
"....OXXO.","....OXXO.","X","3","-1","...XOXXO."
"....OXXOX","....OXXOX","O","0","-1","O...OXXOX"
"....OXXOX","....OXXOX","O","2","0","..O.OXXOX"
"....OXXOX","....OXXOX","O","1","1",".O..OXXOX"
"....OXXOX","....OXXOX","O","3","-1","...OOXXOX"
"....OXXXO","....OXXXO","O","0","1","O...OXXXO"
"....OXXXO","....OXXXO","O","2","0","..O.OXXXO"
"....OXXXO","....OXXXO","O","1","0",".O..OXXXO"
"....OXXXO","....OXXXO","O","3","0","...OOXXXO"
"....X....","....X....","O","0","0","O...X...."
"....X....","....X....","O","2","0","..O.X...."
"....X....","....X....","O","6","0","....X.O.."
"....X....","....X....","O","8","0","....X...O"
"....X....","....X....","O","1","-1",".O..X...."
"....X....","....X....","O","3","-1","...OX...."
"....X....","....X....","O","5","-1","....XO..."
"....X....","....X....","O","7","-1","....X..O."
"....X...O","....X...O","X","0","0","X...X...O"
"....X...O","....X...O","X","2","0","..X.X...O"
"....X...O","....X...O","X","6","0","....X.X.O"
"....X...O","....X...O","X","1","0",".X..X...O"
"....X...O","....X...O","X","3","0","...XX...O"
"....X...O","....X...O","X","5","0","....XX..O"
"....X...O","....X...O","X","7","0","....X..XO"
"....X..O.","....X..O.","X","0","1","X...X..O."
"....X..O.","....X..O.","X","2","1","..X.X..O."
"....X..O.","....X..O.","X","6","1","....X.XO."
"....X..O.","....X..O.","X","8","1","....X..OX"
"....X..O.","....X..O.","X","1","0",".X..X..O."
"....X..O.","....X..O.","X","3","1","...XX..O."
"....X..O.","....X..O.","X","5","1","....XX.O."
"....X..OX","....X..OX","O","0","-1","O...X..OX"
"....X..OX","....X..OX","O","2","-1","..O.X..OX"
"....X..OX","....X..OX","O","6","-1","....X.OOX"
"....X..OX","....X..OX","O","1","-1",".O..X..OX"
"....X..OX","....X..OX","O","3","-1","...OX..OX"
"....X..OX","....X..OX","O","5","-1","....XO.OX"
"....X..XO","....X..XO","O","0","-1","O...X..XO"
"....X..XO","....X..XO","O","2","-1","..O.X..XO"
"....X..XO","....X..XO","O","6","-1","....X.OXO"
"....X..XO","....X..XO","O","1","0",".O..X..XO"
"....X..XO","....X..XO","O","3","-1","...OX..XO"
"....X..XO","....X..XO","O","5","-1","....XO.XO"
"....X.O..","....X...O","X","0","0","X...X.O.."
"....X.O..","....X...O","X","2","0","..X.X.O.."
"....X.O..","....X...O","X","8","0","....X.O.X"
"....X.O..","....X...O","X","1","0",".X..X.O.."
"....X.O..","....X...O","X","3","0","...XX.O.."
"....X.O..","....X...O","X","5","0","....XXO.."
"....X.O..","....X...O","X","7","0","....X.OX."
"....X.O.X","....X.O.X","O","0","0","O...X.O.X"
"....X.O.X","....X.O.X","O","2","-1","..O.X.O.X"
"....X.O.X","....X.O.X","O","1","-1",".O..X.O.X"
"....X.O.X","....X.O.X","O","3","-1","...OX.O.X"
"....X.O.X","....X.O.X","O","5","-1","....XOO.X"
"....X.O.X","....X.O.X","O","7","-1","....X.OOX"
"....X.OOX","....X.OOX","X","0","1","X...X.OOX"
"....X.OOX","....X.OOX","X","2","1","..X.X.OOX"
"....X.OOX","....X.OOX","X","1","0",".X..X.OOX"
"....X.OOX","....X.OOX","X","3","1","...XX.OOX"
"....X.OOX","....X.OOX","X","5","1","....XXOOX"
"....X.OX.","....X..XO","O","0","-1","O...X.OX."
"....X.OX.","....X..XO","O","2","-1","..O.X.OX."
"....X.OX.","....X..XO","O","8","-1","....X.OXO"
"....X.OX.","....X..XO","O","1","0",".O..X.OX."
"....X.OX.","....X..XO","O","3","-1","...OX.OX."
"....X.OX.","....X..XO","O","5","-1","....XOOX."
"....X.OXO","....X.OXO","X","0","0","X...X.OXO"
"....X.OXO","....X.OXO","X","2","0","..X.X.OXO"
"....X.OXO","....X.OXO","X","1","1",".X..X.OXO"
"....X.OXO","....X.OXO","X","3","1","...XX.OXO"
"....X.OXO","....X.OXO","X","5","1","....XXOXO"
"....X.X.O","....X.O.X","O","0","-1","O...X.X.O"
"....X.X.O","....X.O.X","O","2","0","..O.X.X.O"
"....X.X.O","....X.O.X","O","1","-1",".O..X.X.O"
"....X.X.O","....X.O.X","O","3","-1","...OX.X.O"
"....X.X.O","....X.O.X","O","5","-1","....XOX.O"
"....X.X.O","....X.O.X","O","7","-1","....X.XOO"
"....X.XO.","....X..OX","O","0","-1","O...X.XO."
"....X.XO.","....X..OX","O","2","-1","..O.X.XO."
"....X.XO.","....X..OX","O","8","-1","....X.XOO"
"....X.XO.","....X..OX","O","1","-1",".O..X.XO."
"....X.XO.","....X..OX","O","3","-1","...OX.XO."
"....X.XO.","....X..OX","O","5","-1","....XOXO."
"....X.XOO","....X.OOX","X","0","1","X...X.XOO"
"....X.XOO","....X.OOX","X","2","1","..X.X.XOO"
"....X.XOO","....X.OOX","X","1","0",".X..X.XOO"
"....X.XOO","....X.OOX","X","3","1","...XX.XOO"
"....X.XOO","....X.OOX","X","5","1","....XXXOO"
"....XO...","....X..O.","X","0","1","X...XO..."
"....XO...","....X..O.","X","2","1","..X.XO..."
"....XO...","....X..O.","X","6","1","....XOX.."
"....XO...","....X..O.","X","8","1","....XO..X"
"....XO...","....X..O.","X","1","1",".X..XO..."
"....XO...","....X..O.","X","3","0","...XXO..."
"....XO...","....X..O.","X","7","1","....XO.X."
"....XO..X","....X..OX","O","0","-1","O...XO..X"
"....XO..X","....X..OX","O","2","-1","..O.XO..X"
"....XO..X","....X..OX","O","6","-1","....XOO.X"
"....XO..X","....X..OX","O","1","-1",".O..XO..X"
"....XO..X","....X..OX","O","3","-1","...OXO..X"
"....XO..X","....X..OX","O","7","-1","....XO.OX"
"....XO.OX","....XO.OX","X","0","1","X...XO.OX"
"....XO.OX","....XO.OX","X","2","1","..X.XO.OX"
"....XO.OX","....XO.OX","X","6","1","....XOXOX"
"....XO.OX","....XO.OX","X","1","0",".X..XO.OX"
"....XO.OX","....XO.OX","X","3","0","...XXO.OX"
"....XO.X.","....XO.X.","O","0","-1","O...XO.X."
"....XO.X.","....XO.X.","O","2","-1","..O.XO.X."
"....XO.X.","....XO.X.","O","6","-1","....XOOX."
"....XO.X.","....XO.X.","O","8","-1","....XO.XO"
"....XO.X.","....XO.X.","O","1","-1",".O..XO.X."
"....XO.X.","....XO.X.","O","3","-1","...OXO.X."
"....XO.XO","....XO.XO","X","0","-1","X...XO.XO"
"....XO.XO","....XO.XO","X","2","1","..X.XO.XO"
"....XO.XO","....XO.XO","X","6","-1","....XOXXO"
"....XO.XO","....XO.XO","X","1","1",".X..XO.XO"
"....XO.XO","....XO.XO","X","3","-1","...XXO.XO"
"....XOO.X","....XOO.X","X","0","1","X...XOO.X"
"....XOO.X","....XOO.X","X","2","0","..X.XOO.X"
"....XOO.X","....XOO.X","X","1","1",".X..XOO.X"
"....XOO.X","....XOO.X","X","3","0","...XXOO.X"
"....XOO.X","....XOO.X","X","7","1","....XOOXX"
"....XOOX.","....XOOX.","X","0","1","X...XOOX."
"....XOOX.","....XOOX.","X","2","0","..X.XOOX."
"....XOOX.","....XOOX.","X","8","1","....XOOXX"
"....XOOX.","....XOOX.","X","1","1",".X..XOOX."
"....XOOX.","....XOOX.","X","3","0","...XXOOX."
"....XOOXX","....XOOXX","O","0","-1","O...XOOXX"
"....XOOXX","....XOOXX","O","2","-1","..O.XOOXX"
"....XOOXX","....XOOXX","O","1","-1",".O..XOOXX"
"....XOOXX","....XOOXX","O","3","-1","...OXOOXX"
"....XOX..","....XOX..","O","0","-1","O...XOX.."
"....XOX..","....XOX..","O","2","-1","..O.XOX.."
"....XOX..","....XOX..","O","8","-1","....XOX.O"
"....XOX..","....XOX..","O","1","-1",".O..XOX.."
"....XOX..","....XOX..","O","3","-1","...OXOX.."
"....XOX..","....XOX..","O","7","-1","....XOXO."
"....XOX.O","....XOX.O","X","0","-1","X...XOX.O"
"....XOX.O","....XOX.O","X","2","1","..X.XOX.O"
"....XOX.O","....XOX.O","X","1","-1",".X..XOX.O"
"....XOX.O","....XOX.O","X","3","-1","...XXOX.O"
"....XOX.O","....XOX.O","X","7","-1","....XOXXO"
"....XOXO.","....XOXO.","X","0","1","X...XOXO."
"....XOXO.","....XOXO.","X","2","1","..X.XOXO."
"....XOXO.","....XOXO.","X","8","1","....XOXOX"
"....XOXO.","....XOXO.","X","1","0",".X..XOXO."
"....XOXO.","....XOXO.","X","3","1","...XXOXO."
"....XOXOX","....XOXOX","O","0","-1","O...XOXOX"
"....XOXOX","....XOXOX","O","2","-1","..O.XOXOX"
"....XOXOX","....XOXOX","O","1","-1",".O..XOXOX"
"....XOXOX","....XOXOX","O","3","-1","...OXOXOX"
"....XOXXO","....XOXXO","O","0","-1","O...XOXXO"
"....XOXXO","....XOXXO","O","2","1","..O.XOXXO"
"....XOXXO","....XOXXO","O","1","-1",".O..XOXXO"
"....XOXXO","....XOXXO","O","3","-1","...OXOXXO"
"....XX..O","....X..XO","O","0","-1","O...XX..O"
"....XX..O","....X..XO","O","2","-1","..O.XX..O"
"....XX..O","....X..XO","O","6","-1","....XXO.O"
"....XX..O","....X..XO","O","1","-1",".O..XX..O"
"....XX..O","....X..XO","O","3","0","...OXX..O"
"....XX..O","....X..XO","O","7","-1","....XX.OO"
"....XX.O.","....XO.X.","O","0","-1","O...XX.O."
"....XX.O.","....XO.X.","O","2","-1","..O.XX.O."
"....XX.O.","....XO.X.","O","6","-1","....XXOO."
"....XX.O.","....XO.X.","O","8","-1","....XX.OO"
"....XX.O.","....XO.X.","O","1","-1",".O..XX.O."
"....XX.O.","....XO.X.","O","3","-1","...OXX.O."
"....XX.OO","....XO.XO","X","0","-1","X...XX.OO"
"....XX.OO","....XO.XO","X","2","-1","..X.XX.OO"
"....XX.OO","....XO.XO","X","6","1","....XXXOO"
"....XX.OO","....XO.XO","X","1","-1",".X..XX.OO"
"....XX.OO","....XO.XO","X","3","1","...XXX.OO"
"....XXO..","....XXO..","O","0","-1","O...XXO.."
"....XXO..","....XXO..","O","2","-1","..O.XXO.."
"....XXO..","....XXO..","O","8","-1","....XXO.O"
"....XXO..","....XXO..","O","1","-1",".O..XXO.."
"....XXO..","....XXO..","O","3","0","...OXXO.."
"....XXO..","....XXO..","O","7","-1","....XXOO."
"....XXO.O","....XXO.O","X","0","-1","X...XXO.O"
"....XXO.O","....XXO.O","X","2","-1","..X.XXO.O"
"....XXO.O","....XXO.O","X","1","-1",".X..XXO.O"
"....XXO.O","....XXO.O","X","3","1","...XXXO.O"
"....XXO.O","....XXO.O","X","7","1","....XXOXO"
"....XXOO.","....XXOO.","X","0","-1","X...XXOO."
"....XXOO.","....XXOO.","X","2","-1","..X.XXOO."
"....XXOO.","....XXOO.","X","8","1","....XXOOX"
"....XXOO.","....XXOO.","X","1","-1",".X..XXOO."
"....XXOO.","....XXOO.","X","3","1","...XXXOO."
"....XXOOX","....XXOOX","O","0","-1","O...XXOOX"
"....XXOOX","....XXOOX","O","2","-1","..O.XXOOX"
"....XXOOX","....XXOOX","O","1","-1",".O..XXOOX"
"....XXOOX","....XXOOX","O","3","-1","...OXXOOX"
"....XXOXO","....XXOXO","O","0","-1","O...XXOXO"
"....XXOXO","....XXOXO","O","2","-1","..O.XXOXO"
"....XXOXO","....XXOXO","O","1","-1",".O..XXOXO"
"....XXOXO","....XXOXO","O","3","-1","...OXXOXO"
"....XXXOO","....XXXOO","O","0","-1","O...XXXOO"
"....XXXOO","....XXXOO","O","2","-1","..O.XXXOO"
"....XXXOO","....XXXOO","O","1","-1",".O..XXXOO"
"....XXXOO","....XXXOO","O","3","-1","...OXXXOO"
"...O....X",".....OX..","X","4","1","...OX...X"
"...O....X",".....OX..","X","0","0","X..O....X"
"...O....X",".....OX..","X","2","1","..XO....X"
"...O....X",".....OX..","X","6","1","...O..X.X"
"...O....X",".....OX..","X","1","0",".X.O....X"
"...O....X",".....OX..","X","5","0","...O.X..X"
"...O....X",".....OX..","X","7","-1","...O...XX"
"...O...X.",".....O.X.","X","4","1","...OX..X."
"...O...X.",".....O.X.","X","0","0","X..O...X."
"...O...X.",".....O.X.","X","2","0","..XO...X."
"...O...X.",".....O.X.","X","6","1","...O..XX."
"...O...X.",".....O.X.","X","8","-1","...O...XX"
"...O...X.",".....O.X.","X","1","-1",".X.O...X."
"...O...X.",".....O.X.","X","5","0","...O.X.X."
"...O...XX",".....OXX.","O","4","-1","...OO..XX"
"...O...XX",".....OXX.","O","0","-1","O..O...XX"
"...O...XX",".....OXX.","O","2","-1","..OO...XX"
"...O...XX",".....OXX.","O","6","1","...O..OXX"
"...O...XX",".....OXX.","O","1","-1",".O.O...XX"
"...O...XX",".....OXX.","O","5","-1","...O.O.XX"
"...O..OXX",".....OXXO","X","4","-1","...OX.OXX"
"...O..OXX",".....OXXO","X","0","-1","X..O..OXX"
"...O..OXX",".....OXXO","X","2","-1","..XO..OXX"
"...O..OXX",".....OXXO","X","1","-1",".X.O..OXX"
"...O..OXX",".....OXXO","X","5","-1","...O.XOXX"
"...O..X..",".......OX","X","4","1","...OX.X.."
"...O..X..",".......OX","X","0","0","X..O..X.."
"...O..X..",".......OX","X","2","0","..XO..X.."
"...O..X..",".......OX","X","8","1","...O..X.X"
"...O..X..",".......OX","X","1","0",".X.O..X.."
"...O..X..",".......OX","X","5","0","...O.XX.."
"...O..X..",".......OX","X","7","1","...O..XX."
"...O..X.X",".....OX.X","O","4","-1","...OO.X.X"
"...O..X.X",".....OX.X","O","0","-1","O..O..X.X"
"...O..X.X",".....OX.X","O","2","-1","..OO..X.X"
"...O..X.X",".....OX.X","O","1","-1",".O.O..X.X"
"...O..X.X",".....OX.X","O","5","-1","...O.OX.X"
"...O..X.X",".....OX.X","O","7","-1","...O..XOX"
"...O..XOX",".....OXOX","X","4","1","...OX.XOX"
"...O..XOX",".....OXOX","X","0","-1","X..O..XOX"
"...O..XOX",".....OXOX","X","2","1","..XO..XOX"
"...O..XOX",".....OXOX","X","1","0",".X.O..XOX"
"...O..XOX",".....OXOX","X","5","0","...O.XXOX"
"...O..XX.",".....O.XX","O","4","-1","...OO.XX."
"...O..XX.",".....O.XX","O","0","-1","O..O..XX."
"...O..XX.",".....O.XX","O","2","-1","..OO..XX."
"...O..XX.",".....O.XX","O","8","-1","...O..XXO"
"...O..XX.",".....O.XX","O","1","-1",".O.O..XX."
"...O..XX.",".....O.XX","O","5","-1","...O.OXX."
"...O..XXO",".....OOXX","X","4","1","...OX.XXO"
"...O..XXO",".....OOXX","X","0","-1","X..O..XXO"
"...O..XXO",".....OOXX","X","2","-1","..XO..XXO"
"...O..XXO",".....OOXX","X","1","-1",".X.O..XXO"
"...O..XXO",".....OOXX","X","5","0","...O.XXXO"
"...O.O.XX","...O.O.XX","X","4","1","...OXO.XX"
"...O.O.XX","...O.O.XX","X","0","-1","X..O.O.XX"
"...O.O.XX","...O.O.XX","X","2","-1","..XO.O.XX"
"...O.O.XX","...O.O.XX","X","6","1","...O.OXXX"
"...O.O.XX","...O.O.XX","X","1","-1",".X.O.O.XX"
"...O.OX.X","...O.OX.X","X","4","1","...OXOX.X"
"...O.OX.X","...O.OX.X","X","0","-1","X..O.OX.X"
"...O.OX.X","...O.OX.X","X","2","-1","..XO.OX.X"
"...O.OX.X","...O.OX.X","X","1","-1",".X.O.OX.X"
"...O.OX.X","...O.OX.X","X","7","1","...O.OXXX"
"...O.OXX.","...O.O.XX","X","4","1","...OXOXX."
"...O.OXX.","...O.O.XX","X","0","-1","X..O.OXX."
"...O.OXX.","...O.O.XX","X","2","-1","..XO.OXX."
"...O.OXX.","...O.O.XX","X","8","1","...O.OXXX"
"...O.OXX.","...O.O.XX","X","1","-1",".X.O.OXX."
"...O.X...","...O.X...","X","4","0","...OXX..."
"...O.X...","...O.X...","X","0","0","X..O.X..."
"...O.X...","...O.X...","X","2","0","..XO.X..."
"...O.X...","...O.X...","X","6","0","...O.XX.."
"...O.X...","...O.X...","X","8","0","...O.X..X"
"...O.X...","...O.X...","X","1","0",".X.O.X..."
"...O.X...","...O.X...","X","7","0","...O.X.X."
"...O.X..X","...O.X..X","O","4","-1","...OOX..X"
"...O.X..X","...O.X..X","O","0","-1","O..O.X..X"
"...O.X..X","...O.X..X","O","2","0","..OO.X..X"
"...O.X..X","...O.X..X","O","6","-1","...O.XO.X"
"...O.X..X","...O.X..X","O","1","-1",".O.O.X..X"
"...O.X..X","...O.X..X","O","7","-1","...O.X.OX"
"...O.X.OX","...O.X.OX","X","4","1","...OXX.OX"
"...O.X.OX","...O.X.OX","X","0","1","X..O.X.OX"
"...O.X.OX","...O.X.OX","X","2","1","..XO.X.OX"
"...O.X.OX","...O.X.OX","X","6","0","...O.XXOX"
"...O.X.OX","...O.X.OX","X","1","0",".X.O.X.OX"
"...O.X.X.","...O.X.X.","O","4","-1","...OOX.X."
"...O.X.X.","...O.X.X.","O","0","-1","O..O.X.X."
"...O.X.X.","...O.X.X.","O","2","0","..OO.X.X."
"...O.X.X.","...O.X.X.","O","6","-1","...O.XOX."
"...O.X.X.","...O.X.X.","O","8","0","...O.X.XO"
"...O.X.X.","...O.X.X.","O","1","-1",".O.O.X.X."
"...O.X.XO","...O.X.XO","X","4","0","...OXX.XO"
"...O.X.XO","...O.X.XO","X","0","0","X..O.X.XO"
"...O.X.XO","...O.X.XO","X","2","-1","..XO.X.XO"
"...O.X.XO","...O.X.XO","X","6","0","...O.XXXO"
"...O.X.XO","...O.X.XO","X","1","0",".X.O.X.XO"
"...O.XO.X","...O.XO.X","X","4","-1","...OXXO.X"
"...O.XO.X","...O.XO.X","X","0","1","X..O.XO.X"
"...O.XO.X","...O.XO.X","X","2","1","..XO.XO.X"
"...O.XO.X","...O.XO.X","X","1","-1",".X.O.XO.X"
"...O.XO.X","...O.XO.X","X","7","-1","...O.XOXX"
"...O.XOX.","...O.XOX.","X","4","-1","...OXXOX."
"...O.XOX.","...O.XOX.","X","0","1","X..O.XOX."
"...O.XOX.","...O.XOX.","X","2","-1","..XO.XOX."
"...O.XOX.","...O.XOX.","X","8","-1","...O.XOXX"
"...O.XOX.","...O.XOX.","X","1","-1",".X.O.XOX."
"...O.XOXX","...O.XOXX","O","4","-1","...OOXOXX"
"...O.XOXX","...O.XOXX","O","0","1","O..O.XOXX"
"...O.XOXX","...O.XOXX","O","2","1","..OO.XOXX"
"...O.XOXX","...O.XOXX","O","1","-1",".O.O.XOXX"
"...O.XX..","...O.XX..","O","4","-1","...OOXX.."
"...O.XX..","...O.XX..","O","0","-1","O..O.XX.."
"...O.XX..","...O.XX..","O","2","0","..OO.XX.."
"...O.XX..","...O.XX..","O","8","0","...O.XX.O"
"...O.XX..","...O.XX..","O","1","-1",".O.O.XX.."
"...O.XX..","...O.XX..","O","7","-1","...O.XXO."
"...O.XX.O","...O.XX.O","X","4","0","...OXXX.O"
"...O.XX.O","...O.XX.O","X","0","0","X..O.XX.O"
"...O.XX.O","...O.XX.O","X","2","0","..XO.XX.O"
"...O.XX.O","...O.XX.O","X","1","0",".X.O.XX.O"
"...O.XX.O","...O.XX.O","X","7","0","...O.XXXO"
"...O.XXO.","...O.XXO.","X","4","0","...OXXXO."
"...O.XXO.","...O.XXO.","X","0","0","X..O.XXO."
"...O.XXO.","...O.XXO.","X","2","1","..XO.XXO."
"...O.XXO.","...O.XXO.","X","8","0","...O.XXOX"
"...O.XXO.","...O.XXO.","X","1","0",".X.O.XXO."
"...O.XXOX","...O.XXOX","O","4","-1","...OOXXOX"
"...O.XXOX","...O.XXOX","O","0","-1","O..O.XXOX"
"...O.XXOX","...O.XXOX","O","2","0","..OO.XXOX"
"...O.XXOX","...O.XXOX","O","1","-1",".O.O.XXOX"
"...O.XXXO","...O.XXXO","O","4","0","...OOXXXO"
"...O.XXXO","...O.XXXO","O","0","-1","O..O.XXXO"
"...O.XXXO","...O.XXXO","O","2","0","..OO.XXXO"
"...O.XXXO","...O.XXXO","O","1","0",".O.O.XXXO"
"...OO..XX","....OOXX.","X","0","-1","X..OO..XX"
"...OO..XX","....OOXX.","X","2","-1","..XOO..XX"
"...OO..XX","....OOXX.","X","6","1","...OO.XXX"
"...OO..XX","....OOXX.","X","1","-1",".X.OO..XX"
"...OO..XX","....OOXX.","X","5","1","...OOX.XX"
"...OO.X.X","....OOX.X","X","0","-1","X..OO.X.X"
"...OO.X.X","....OOX.X","X","2","-1","..XOO.X.X"
"...OO.X.X","....OOX.X","X","1","-1",".X.OO.X.X"
"...OO.X.X","....OOX.X","X","5","1","...OOXX.X"
"...OO.X.X","....OOX.X","X","7","1","...OO.XXX"
"...OO.XX.","....OO.XX","X","0","-1","X..OO.XX."
"...OO.XX.","....OO.XX","X","2","-1","..XOO.XX."
"...OO.XX.","....OO.XX","X","8","1","...OO.XXX"
"...OO.XX.","....OO.XX","X","1","-1",".X.OO.XX."
"...OO.XX.","....OO.XX","X","5","0","...OOXXX."
"...OOX..X","...OOX..X","X","0","0","X..OOX..X"
"...OOX..X","...OOX..X","X","2","1","..XOOX..X"
"...OOX..X","...OOX..X","X","6","1","...OOXX.X"
"...OOX..X","...OOX..X","X","1","0",".X.OOX..X"
"...OOX..X","...OOX..X","X","7","1","...OOX.XX"
"...OOX.X.","...OOX.X.","X","0","0","X..OOX.X."
"...OOX.X.","...OOX.X.","X","2","0","..XOOX.X."
"...OOX.X.","...OOX.X.","X","6","0","...OOXXX."
"...OOX.X.","...OOX.X.","X","8","1","...OOX.XX"
"...OOX.X.","...OOX.X.","X","1","-1",".X.OOX.X."
"...OOX.XX","...OOX.XX","O","0","-1","O..OOX.XX"
"...OOX.XX","...OOX.XX","O","2","-1","..OOOX.XX"
"...OOX.XX","...OOX.XX","O","6","-1","...OOXOXX"
"...OOX.XX","...OOX.XX","O","1","-1",".O.OOX.XX"
"...OOXOXX","...OOXOXX","X","0","-1","X..OOXOXX"
"...OOXOXX","...OOXOXX","X","2","1","..XOOXOXX"
"...OOXOXX","...OOXOXX","X","1","-1",".X.OOXOXX"
"...OOXX..","...OOXX..","X","0","0","X..OOXX.."
"...OOXX..","...OOXX..","X","2","0","..XOOXX.."
"...OOXX..","...OOXX..","X","8","1","...OOXX.X"
"...OOXX..","...OOXX..","X","1","0",".X.OOXX.."
"...OOXX..","...OOXX..","X","7","0","...OOXXX."
"...OOXX.X","...OOXX.X","O","0","-1","O..OOXX.X"
"...OOXX.X","...OOXX.X","O","2","-1","..OOOXX.X"
"...OOXX.X","...OOXX.X","O","1","-1",".O.OOXX.X"
"...OOXX.X","...OOXX.X","O","7","-1","...OOXXOX"
"...OOXXOX","...OOXXOX","X","0","-1","X..OOXXOX"
"...OOXXOX","...OOXXOX","X","2","1","..XOOXXOX"
"...OOXXOX","...OOXXOX","X","1","0",".X.OOXXOX"
"...OOXXX.","...OOXXX.","O","0","-1","O..OOXXX."
"...OOXXX.","...OOXXX.","O","2","-1","..OOOXXX."
"...OOXXX.","...OOXXX.","O","8","0","...OOXXXO"
"...OOXXX.","...OOXXX.","O","1","-1",".O.OOXXX."
"...OOXXXO","...OOXXXO","X","0","0","X..OOXXXO"
"...OOXXXO","...OOXXXO","X","2","-1","..XOOXXXO"
"...OOXXXO","...OOXXXO","X","1","-1",".X.OOXXXO"
"...OX....","....X..O.","X","0","1","X..OX...."
"...OX....","....X..O.","X","2","1","..XOX...."
"...OX....","....X..O.","X","6","1","...OX.X.."
"...OX....","....X..O.","X","8","1","...OX...X"
"...OX....","....X..O.","X","1","1",".X.OX...."
"...OX....","....X..O.","X","5","0","...OXX..."
"...OX....","....X..O.","X","7","1","...OX..X."
"...OX...X","....XOX..","O","0","-1","O..OX...X"
"...OX...X","....XOX..","O","2","-1","..OOX...X"
"...OX...X","....XOX..","O","6","-1","...OX.O.X"
"...OX...X","....XOX..","O","1","-1",".O.OX...X"
"...OX...X","....XOX..","O","5","-1","...OXO..X"
"...OX...X","....XOX..","O","7","-1","...OX..OX"
"...OX..OX","....XOXO.","X","0","1","X..OX..OX"
"...OX..OX","....XOXO.","X","2","1","..XOX..OX"
"...OX..OX","....XOXO.","X","6","1","...OX.XOX"
"...OX..OX","....XOXO.","X","1","0",".X.OX..OX"
"...OX..OX","....XOXO.","X","5","1","...OXX.OX"
"...OX..X.","....XO.X.","O","0","-1","O..OX..X."
"...OX..X.","....XO.X.","O","2","-1","..OOX..X."
"...OX..X.","....XO.X.","O","6","-1","...OX.OX."
"...OX..X.","....XO.X.","O","8","-1","...OX..XO"
"...OX..X.","....XO.X.","O","1","-1",".O.OX..X."
"...OX..X.","....XO.X.","O","5","-1","...OXO.X."
"...OX..XO","....XOOX.","X","0","0","X..OX..XO"
"...OX..XO","....XOOX.","X","2","1","..XOX..XO"
"...OX..XO","....XOOX.","X","6","1","...OX.XXO"
"...OX..XO","....XOOX.","X","1","1",".X.OX..XO"
"...OX..XO","....XOOX.","X","5","0","...OXX.XO"
"...OX.O.X","....XOX.O","X","0","1","X..OX.O.X"
"...OX.O.X","....XOX.O","X","2","-1","..XOX.O.X"
"...OX.O.X","....XOX.O","X","1","-1",".X.OX.O.X"
"...OX.O.X","....XOX.O","X","5","-1","...OXXO.X"
"...OX.O.X","....XOX.O","X","7","-1","...OX.OXX"
"...OX.OX.","....XO.XO","X","0","1","X..OX.OX."
"...OX.OX.","....XO.XO","X","2","-1","..XOX.OX."
"...OX.OX.","....XO.XO","X","8","-1","...OX.OXX"
"...OX.OX.","....XO.XO","X","1","1",".X.OX.OX."
"...OX.OX.","....XO.XO","X","5","-1","...OXXOX."
"...OX.OXX","....XOXXO","O","0","1","O..OX.OXX"
"...OX.OXX","....XOXXO","O","2","-1","..OOX.OXX"
"...OX.OXX","....XOXXO","O","1","-1",".O.OX.OXX"
"...OX.OXX","....XOXXO","O","5","-1","...OXOOXX"
"...OX.X..","....X..OX","O","0","-1","O..OX.X.."
"...OX.X..","....X..OX","O","2","-1","..OOX.X.."
"...OX.X..","....X..OX","O","8","-1","...OX.X.O"
"...OX.X..","....X..OX","O","1","-1",".O.OX.X.."
"...OX.X..","....X..OX","O","5","-1","...OXOX.."
"...OX.X..","....X..OX","O","7","-1","...OX.XO."
"...OX.X.O","....XOO.X","X","0","0","X..OX.X.O"
"...OX.X.O","....XOO.X","X","2","1","..XOX.X.O"
"...OX.X.O","....XOO.X","X","1","1",".X.OX.X.O"
"...OX.X.O","....XOO.X","X","5","0","...OXXX.O"
"...OX.X.O","....XOO.X","X","7","1","...OX.XXO"
"...OX.XO.","....XO.OX","X","0","1","X..OX.XO."
"...OX.XO.","....XO.OX","X","2","1","..XOX.XO."
"...OX.XO.","....XO.OX","X","8","1","...OX.XOX"
"...OX.XO.","....XO.OX","X","1","0",".X.OX.XO."
"...OX.XO.","....XO.OX","X","5","0","...OXXXO."
"...OX.XOX","....XOXOX","O","0","-1","O..OX.XOX"
"...OX.XOX","....XOXOX","O","2","-1","..OOX.XOX"
"...OX.XOX","....XOXOX","O","1","-1",".O.OX.XOX"
"...OX.XOX","....XOXOX","O","5","-1","...OXOXOX"
"...OX.XXO","....XOOXX","O","0","-1","O..OX.XXO"
"...OX.XXO","....XOOXX","O","2","-1","..OOX.XXO"
"...OX.XXO","....XOOXX","O","1","-1",".O.OX.XXO"
"...OX.XXO","....XOOXX","O","5","-1","...OXOXXO"
"...OXO..X","...OXO..X","X","0","1","X..OXO..X"
"...OXO..X","...OXO..X","X","2","1","..XOXO..X"
"...OXO..X","...OXO..X","X","6","1","...OXOX.X"
"...OXO..X","...OXO..X","X","1","1",".X.OXO..X"
"...OXO..X","...OXO..X","X","7","1","...OXO.XX"
"...OXO.X.","...OXO.X.","X","0","1","X..OXO.X."
"...OXO.X.","...OXO.X.","X","2","1","..XOXO.X."
"...OXO.X.","...OXO.X.","X","6","1","...OXOXX."
"...OXO.X.","...OXO.X.","X","8","1","...OXO.XX"
"...OXO.X.","...OXO.X.","X","1","1",".X.OXO.X."
"...OXO.XX","...OXO.XX","O","0","-1","O..OXO.XX"
"...OXO.XX","...OXO.XX","O","2","-1","..OOXO.XX"
"...OXO.XX","...OXO.XX","O","6","-1","...OXOOXX"
"...OXO.XX","...OXO.XX","O","1","-1",".O.OXO.XX"
"...OXOOXX","...OXOOXX","X","0","1","X..OXOOXX"
"...OXOOXX","...OXOOXX","X","2","-1","..XOXOOXX"
"...OXOOXX","...OXOOXX","X","1","1",".X.OXOOXX"
"...OXOX..","...OXO..X","X","0","1","X..OXOX.."
"...OXOX..","...OXO..X","X","2","1","..XOXOX.."
"...OXOX..","...OXO..X","X","8","1","...OXOX.X"
"...OXOX..","...OXO..X","X","1","1",".X.OXOX.."
"...OXOX..","...OXO..X","X","7","1","...OXOXX."
"...OXOX.X","...OXOX.X","O","0","-1","O..OXOX.X"
"...OXOX.X","...OXOX.X","O","2","-1","..OOXOX.X"
"...OXOX.X","...OXOX.X","O","1","-1",".O.OXOX.X"
"...OXOX.X","...OXOX.X","O","7","-1","...OXOXOX"
"...OXOXOX","...OXOXOX","X","0","1","X..OXOXOX"
"...OXOXOX","...OXOXOX","X","2","1","..XOXOXOX"
"...OXOXOX","...OXOXOX","X","1","1",".X.OXOXOX"
"...OXOXX.","...OXO.XX","O","0","-1","O..OXOXX."
"...OXOXX.","...OXO.XX","O","2","-1","..OOXOXX."
"...OXOXX.","...OXO.XX","O","8","-1","...OXOXXO"
"...OXOXX.","...OXO.XX","O","1","-1",".O.OXOXX."
"...OXOXXO","...OXOOXX","X","0","-1","X..OXOXXO"
"...OXOXXO","...OXOOXX","X","2","1","..XOXOXXO"
"...OXOXXO","...OXOOXX","X","1","1",".X.OXOXXO"
"...OXX...","...OXX...","O","0","0","O..OXX..."
"...OXX...","...OXX...","O","2","0","..OOXX..."
"...OXX...","...OXX...","O","6","0","...OXXO.."
"...OXX...","...OXX...","O","8","0","...OXX..O"
"...OXX...","...OXX...","O","1","-1",".O.OXX..."
"...OXX...","...OXX...","O","7","-1","...OXX.O."
"...OXX..O","...OXX..O","X","0","0","X..OXX..O"
"...OXX..O","...OXX..O","X","2","-1","..XOXX..O"
"...OXX..O","...OXX..O","X","6","0","...OXXX.O"
"...OXX..O","...OXX..O","X","1","0",".X.OXX..O"
"...OXX..O","...OXX..O","X","7","0","...OXX.XO"
"...OXX.O.","...OXX.O.","X","0","0","X..OXX.O."
"...OXX.O.","...OXX.O.","X","2","1","..XOXX.O."
"...OXX.O.","...OXX.O.","X","6","0","...OXXXO."
"...OXX.O.","...OXX.O.","X","8","1","...OXX.OX"
"...OXX.O.","...OXX.O.","X","1","-1",".X.OXX.O."
"...OXX.OX","...OXX.OX","O","0","-1","O..OXX.OX"
"...OXX.OX","...OXX.OX","O","2","-1","..OOXX.OX"
"...OXX.OX","...OXX.OX","O","6","-1","...OXXOOX"
"...OXX.OX","...OXX.OX","O","1","-1",".O.OXX.OX"
"...OXX.XO","...OXX.XO","O","0","-1","O..OXX.XO"
"...OXX.XO","...OXX.XO","O","2","-1","..OOXX.XO"
"...OXX.XO","...OXX.XO","O","6","-1","...OXXOXO"
"...OXX.XO","...OXX.XO","O","1","0",".O.OXX.XO"
"...OXXO..","...OXXO..","X","0","0","X..OXXO.."
"...OXXO..","...OXXO..","X","2","-1","..XOXXO.."
"...OXXO..","...OXXO..","X","8","-1","...OXXO.X"
"...OXXO..","...OXXO..","X","1","-1",".X.OXXO.."
"...OXXO..","...OXXO..","X","7","-1","...OXXOX."
"...OXXO.X","...OXXO.X","O","0","1","O..OXXO.X"
"...OXXO.X","...OXXO.X","O","2","-1","..OOXXO.X"
"...OXXO.X","...OXXO.X","O","1","-1",".O.OXXO.X"
"...OXXO.X","...OXXO.X","O","7","-1","...OXXOOX"
"...OXXOOX","...OXXOOX","X","0","1","X..OXXOOX"
"...OXXOOX","...OXXOOX","X","2","1","..XOXXOOX"
"...OXXOOX","...OXXOOX","X","1","-1",".X.OXXOOX"
"...OXXOX.","...OXXOX.","O","0","1","O..OXXOX."
"...OXXOX.","...OXXOX.","O","2","-1","..OOXXOX."
"...OXXOX.","...OXXOX.","O","8","-1","...OXXOXO"
"...OXXOX.","...OXXOX.","O","1","0",".O.OXXOX."
"...OXXOXO","...OXXOXO","X","0","0","X..OXXOXO"
"...OXXOXO","...OXXOXO","X","2","-1","..XOXXOXO"
"...OXXOXO","...OXXOXO","X","1","1",".X.OXXOXO"
"...OXXX.O","...OXXX.O","O","0","-1","O..OXXX.O"
"...OXXX.O","...OXXX.O","O","2","0","..OOXXX.O"
"...OXXX.O","...OXXX.O","O","1","-1",".O.OXXX.O"
"...OXXX.O","...OXXX.O","O","7","-1","...OXXXOO"
"...OXXXO.","...OXXXO.","O","0","-1","O..OXXXO."
"...OXXXO.","...OXXXO.","O","2","0","..OOXXXO."
"...OXXXO.","...OXXXO.","O","8","-1","...OXXXOO"
"...OXXXO.","...OXXXO.","O","1","-1",".O.OXXXO."
"...OXXXOO","...OXXXOO","X","0","0","X..OXXXOO"
"...OXXXOO","...OXXXOO","X","2","1","..XOXXXOO"
"...OXXXOO","...OXXXOO","X","1","0",".X.OXXXOO"
"...X.....",".......X.","O","4","0","...XO...."
"...X.....",".......X.","O","0","0","O..X....."
"...X.....",".......X.","O","2","-1","..OX....."
"...X.....",".......X.","O","6","0","...X..O.."
"...X.....",".......X.","O","8","-1","...X....O"
"...X.....",".......X.","O","1","-1",".O.X....."
"...X.....",".......X.","O","5","0","...X.O..."
"...X.....",".......X.","O","7","-1","...X...O."
"...X....O",".....XO..","X","4","0","...XX...O"
"...X....O",".....XO..","X","0","-1","X..X....O"
"...X....O",".....XO..","X","2","0","..XX....O"
"...X....O",".....XO..","X","6","1","...X..X.O"
"...X....O",".....XO..","X","1","-1",".X.X....O"
"...X....O",".....XO..","X","5","-1","...X.X..O"
"...X....O",".....XO..","X","7","-1","...X...XO"
"...X...O.",".....O.X.","X","4","1","...XX..O."
"...X...O.",".....O.X.","X","0","-1","X..X...O."
"...X...O.",".....O.X.","X","2","0","..XX...O."
"...X...O.",".....O.X.","X","6","1","...X..XO."
"...X...O.",".....O.X.","X","8","0","...X...OX"
"...X...O.",".....O.X.","X","1","0",".X.X...O."
"...X...O.",".....O.X.","X","5","-1","...X.X.O."
"...X...OX",".....XXO.","O","4","0","...XO..OX"
"...X...OX",".....XXO.","O","0","-1","O..X...OX"
"...X...OX",".....XXO.","O","2","-1","..OX...OX"
"...X...OX",".....XXO.","O","6","-1","...X..OOX"
"...X...OX",".....XXO.","O","1","-1",".O.X...OX"
"...X...OX",".....XXO.","O","5","-1","...X.O.OX"
"...X...XO",".....XOX.","O","4","0","...XO..XO"
"...X...XO",".....XOX.","O","0","-1","O..X...XO"
"...X...XO",".....XOX.","O","2","1","..OX...XO"
"...X...XO",".....XOX.","O","6","-1","...X..OXO"
"...X...XO",".....XOX.","O","1","0",".O.X...XO"
"...X...XO",".....XOX.","O","5","-1","...X.O.XO"
"...X..O..",".......XO","X","4","0","...XX.O.."
"...X..O..",".......XO","X","0","-1","X..X..O.."
"...X..O..",".......XO","X","2","0","..XX..O.."
"...X..O..",".......XO","X","8","0","...X..O.X"
"...X..O..",".......XO","X","1","-1",".X.X..O.."
"...X..O..",".......XO","X","5","-1","...X.XO.."
"...X..O..",".......XO","X","7","0","...X..OX."
"...X..O.X",".....XX.O","O","4","0","...XO.O.X"
"...X..O.X",".....XX.O","O","0","-1","O..X..O.X"
"...X..O.X",".....XX.O","O","2","-1","..OX..O.X"
"...X..O.X",".....XX.O","O","1","-1",".O.X..O.X"
"...X..O.X",".....XX.O","O","5","0","...X.OO.X"
"...X..O.X",".....XX.O","O","7","-1","...X..OOX"
"...X..OOX",".....XXOO","X","4","1","...XX.OOX"
"...X..OOX",".....XXOO","X","0","-1","X..X..OOX"
"...X..OOX",".....XXOO","X","2","1","..XX..OOX"
"...X..OOX",".....XXOO","X","1","1",".X.X..OOX"
"...X..OOX",".....XXOO","X","5","1","...X.XOOX"
"...X..OX.",".....X.XO","O","4","0","...XO.OX."
"...X..OX.",".....X.XO","O","0","-1","O..X..OX."
"...X..OX.",".....X.XO","O","2","-1","..OX..OX."
"...X..OX.",".....X.XO","O","8","-1","...X..OXO"
"...X..OX.",".....X.XO","O","1","0",".O.X..OX."
"...X..OX.",".....X.XO","O","5","0","...X.OOX."
"...X..OXO",".....XOXO","X","4","1","...XX.OXO"
"...X..OXO",".....XOXO","X","0","-1","X..X..OXO"
"...X..OXO",".....XOXO","X","2","0","..XX..OXO"
"...X..OXO",".....XOXO","X","1","-1",".X.X..OXO"
"...X..OXO",".....XOXO","X","5","-1","...X.XOXO"
"...X..X.O",".....XO.X","O","4","-1","...XO.X.O"
"...X..X.O",".....XO.X","O","0","-1","O..X..X.O"
"...X..X.O",".....XO.X","O","2","-1","..OX..X.O"
"...X..X.O",".....XO.X","O","1","-1",".O.X..X.O"
"...X..X.O",".....XO.X","O","5","-1","...X.OX.O"
"...X..X.O",".....XO.X","O","7","-1","...X..XOO"
"...X..XO.",".....O.XX","O","4","-1","...XO.XO."
"...X..XO.",".....O.XX","O","0","-1","O..X..XO."
"...X..XO.",".....O.XX","O","2","-1","..OX..XO."
"...X..XO.",".....O.XX","O","8","-1","...X..XOO"
"...X..XO.",".....O.XX","O","1","-1",".O.X..XO."
"...X..XO.",".....O.XX","O","5","-1","...X.OXO."
"...X..XOO",".....XOOX","X","4","1","...XX.XOO"
"...X..XOO",".....XOOX","X","0","1","X..X..XOO"
"...X..XOO",".....XOOX","X","2","1","..XX..XOO"
"...X..XOO",".....XOOX","X","1","1",".X.X..XOO"
"...X..XOO",".....XOOX","X","5","1","...X.XXOO"
"...X.O...","...O.X...","X","4","0","...XXO..."
"...X.O...","...O.X...","X","0","0","X..X.O..."
"...X.O...","...O.X...","X","2","0","..XX.O..."
"...X.O...","...O.X...","X","6","0","...X.OX.."
"...X.O...","...O.X...","X","8","0","...X.O..X"
"...X.O...","...O.X...","X","1","0",".X.X.O..."
"...X.O...","...O.X...","X","7","0","...X.O.X."
"...X.O..X","...O.XX..","O","4","-1","...XOO..X"
"...X.O..X","...O.XX..","O","0","0","O..X.O..X"
"...X.O..X","...O.XX..","O","2","-1","..OX.O..X"
"...X.O..X","...O.XX..","O","6","0","...X.OO.X"
"...X.O..X","...O.XX..","O","1","-1",".O.X.O..X"
"...X.O..X","...O.XX..","O","7","-1","...X.O.OX"
"...X.O.OX","...O.XXO.","X","4","0","...XXO.OX"
"...X.O.OX","...O.XXO.","X","0","1","X..X.O.OX"
"...X.O.OX","...O.XXO.","X","2","0","..XX.O.OX"
"...X.O.OX","...O.XXO.","X","6","0","...X.OXOX"
"...X.O.OX","...O.XXO.","X","1","0",".X.X.O.OX"
"...X.O.X.","...O.X.X.","O","4","-1","...XOO.X."
"...X.O.X.","...O.X.X.","O","0","0","O..X.O.X."
"...X.O.X.","...O.X.X.","O","2","-1","..OX.O.X."
"...X.O.X.","...O.X.X.","O","6","0","...X.OOX."
"...X.O.X.","...O.X.X.","O","8","-1","...X.O.XO"
"...X.O.X.","...O.X.X.","O","1","-1",".O.X.O.X."
"...X.O.XO","...O.XOX.","X","4","-1","...XXO.XO"
"...X.O.XO","...O.XOX.","X","0","-1","X..X.O.XO"
"...X.O.XO","...O.XOX.","X","2","1","..XX.O.XO"
"...X.O.XO","...O.XOX.","X","6","-1","...X.OXXO"
"...X.O.XO","...O.XOX.","X","1","-1",".X.X.O.XO"
"...X.OO.X","...O.XX.O","X","4","0","...XXOO.X"
"...X.OO.X","...O.XX.O","X","0","0","X..X.OO.X"
"...X.OO.X","...O.XX.O","X","2","0","..XX.OO.X"
"...X.OO.X","...O.XX.O","X","1","0",".X.X.OO.X"
"...X.OO.X","...O.XX.O","X","7","0","...X.OOXX"
"...X.OOX.","...O.X.XO","X","4","0","...XXOOX."
"...X.OOX.","...O.X.XO","X","0","-1","X..X.OOX."
"...X.OOX.","...O.X.XO","X","2","0","..XX.OOX."
"...X.OOX.","...O.X.XO","X","8","0","...X.OOXX"
"...X.OOX.","...O.X.XO","X","1","0",".X.X.OOX."
"...X.OOXX","...O.XXXO","O","4","0","...XOOOXX"
"...X.OOXX","...O.XXXO","O","0","0","O..X.OOXX"
"...X.OOXX","...O.XXXO","O","2","-1","..OX.OOXX"
"...X.OOXX","...O.XXXO","O","1","0",".O.X.OOXX"
"...X.OX..","...O.X..X","O","4","-1","...XOOX.."
"...X.OX..","...O.X..X","O","0","0","O..X.OX.."
"...X.OX..","...O.X..X","O","2","-1","..OX.OX.."
"...X.OX..","...O.X..X","O","8","-1","...X.OX.O"
"...X.OX..","...O.X..X","O","1","-1",".O.X.OX.."
"...X.OX..","...O.X..X","O","7","-1","...X.OXO."
"...X.OX.O","...O.XO.X","X","4","-1","...XXOX.O"
"...X.OX.O","...O.XO.X","X","0","1","X..X.OX.O"
"...X.OX.O","...O.XO.X","X","2","1","..XX.OX.O"
"...X.OX.O","...O.XO.X","X","1","-1",".X.X.OX.O"
"...X.OX.O","...O.XO.X","X","7","-1","...X.OXXO"
"...X.OXO.","...O.X.OX","X","4","1","...XXOXO."
"...X.OXO.","...O.X.OX","X","0","1","X..X.OXO."
"...X.OXO.","...O.X.OX","X","2","1","..XX.OXO."
"...X.OXO.","...O.X.OX","X","8","0","...X.OXOX"
"...X.OXO.","...O.X.OX","X","1","0",".X.X.OXO."
"...X.OXOX","...O.XXOX","O","4","-1","...XOOXOX"
"...X.OXOX","...O.XXOX","O","0","0","O..X.OXOX"
"...X.OXOX","...O.XXOX","O","2","-1","..OX.OXOX"
"...X.OXOX","...O.XXOX","O","1","-1",".O.X.OXOX"
"...X.OXXO","...O.XOXX","O","4","-1","...XOOXXO"
"...X.OXXO","...O.XOXX","O","0","1","O..X.OXXO"
"...X.OXXO","...O.XOXX","O","2","1","..OX.OXXO"
"...X.OXXO","...O.XOXX","O","1","-1",".O.X.OXXO"
"...X.X..O","...X.X..O","O","4","1","...XOX..O"
"...X.X..O","...X.X..O","O","0","-1","O..X.X..O"
"...X.X..O","...X.X..O","O","2","-1","..OX.X..O"
"...X.X..O","...X.X..O","O","6","-1","...X.XO.O"
"...X.X..O","...X.X..O","O","1","-1",".O.X.X..O"
"...X.X..O","...X.X..O","O","7","-1","...X.X.OO"
"...X.X.O.","...X.X.O.","O","4","1","...XOX.O."
"...X.X.O.","...X.X.O.","O","0","-1","O..X.X.O."
"...X.X.O.","...X.X.O.","O","2","-1","..OX.X.O."
"...X.X.O.","...X.X.O.","O","6","-1","...X.XOO."
"...X.X.O.","...X.X.O.","O","8","-1","...X.X.OO"
"...X.X.O.","...X.X.O.","O","1","-1",".O.X.X.O."
"...X.X.OO","...X.X.OO","X","4","1","...XXX.OO"
"...X.X.OO","...X.X.OO","X","0","-1","X..X.X.OO"
"...X.X.OO","...X.X.OO","X","2","-1","..XX.X.OO"
"...X.X.OO","...X.X.OO","X","6","1","...X.XXOO"
"...X.X.OO","...X.X.OO","X","1","-1",".X.X.X.OO"
"...X.XO..","...X.X..O","O","4","1","...XOXO.."
"...X.XO..","...X.X..O","O","0","-1","O..X.XO.."
"...X.XO..","...X.X..O","O","2","-1","..OX.XO.."
"...X.XO..","...X.X..O","O","8","-1","...X.XO.O"
"...X.XO..","...X.X..O","O","1","-1",".O.X.XO.."
"...X.XO..","...X.X..O","O","7","-1","...X.XOO."
"...X.XO.O","...X.XO.O","X","4","1","...XXXO.O"
"...X.XO.O","...X.XO.O","X","0","-1","X..X.XO.O"
"...X.XO.O","...X.XO.O","X","2","-1","..XX.XO.O"
"...X.XO.O","...X.XO.O","X","1","-1",".X.X.XO.O"
"...X.XO.O","...X.XO.O","X","7","-1","...X.XOXO"
"...X.XOO.","...X.X.OO","X","4","1","...XXXOO."
"...X.XOO.","...X.X.OO","X","0","-1","X..X.XOO."
"...X.XOO.","...X.X.OO","X","2","-1","..XX.XOO."
"...X.XOO.","...X.X.OO","X","8","1","...X.XOOX"
"...X.XOO.","...X.X.OO","X","1","-1",".X.X.XOO."
"...X.XOOX","...X.XOOX","O","4","-1","...XOXOOX"
"...X.XOOX","...X.XOOX","O","0","-1","O..X.XOOX"
"...X.XOOX","...X.XOOX","O","2","-1","..OX.XOOX"
"...X.XOOX","...X.XOOX","O","1","-1",".O.X.XOOX"
"...X.XOXO","...X.XOXO","O","4","1","...XOXOXO"
"...X.XOXO","...X.XOXO","O","0","-1","O..X.XOXO"
"...X.XOXO","...X.XOXO","O","2","-1","..OX.XOXO"
"...X.XOXO","...X.XOXO","O","1","-1",".O.X.XOXO"
"...X.XXOO","...X.XOOX","O","4","-1","...XOXXOO"
"...X.XXOO","...X.XOOX","O","0","-1","O..X.XXOO"
"...X.XXOO","...X.XOOX","O","2","-1","..OX.XXOO"
"...X.XXOO","...X.XOOX","O","1","-1",".O.X.XXOO"
"...XO....","....O..X.","X","0","0","X..XO...."
"...XO....","....O..X.","X","2","0","..XXO...."
"...XO....","....O..X.","X","6","0","...XO.X.."
"...XO....","....O..X.","X","8","0","...XO...X"
"...XO....","....O..X.","X","1","0",".X.XO...."
"...XO....","....O..X.","X","5","-1","...XOX..."
"...XO....","....O..X.","X","7","0","...XO..X."
"...XO...X","....OXX..","O","0","0","O..XO...X"
"...XO...X","....OXX..","O","2","-1","..OXO...X"
"...XO...X","....OXX..","O","6","0","...XO.O.X"
"...XO...X","....OXX..","O","1","0",".O.XO...X"
"...XO...X","....OXX..","O","5","-1","...XOO..X"
"...XO...X","....OXX..","O","7","0","...XO..OX"
"...XO..OX","....OXXO.","X","0","-1","X..XO..OX"
"...XO..OX","....OXXO.","X","2","-1","..XXO..OX"
"...XO..OX","....OXXO.","X","6","-1","...XO.XOX"
"...XO..OX","....OXXO.","X","1","0",".X.XO..OX"
"...XO..OX","....OXXO.","X","5","-1","...XOX.OX"
"...XO..X.","....OX.X.","O","0","0","O..XO..X."
"...XO..X.","....OX.X.","O","2","-1","..OXO..X."
"...XO..X.","....OX.X.","O","6","0","...XO.OX."
"...XO..X.","....OX.X.","O","8","0","...XO..XO"
"...XO..X.","....OX.X.","O","1","-1",".O.XO..X."
"...XO..X.","....OX.X.","O","5","-1","...XOO.X."
"...XO..XO","....OXOX.","X","0","0","X..XO..XO"
"...XO..XO","....OXOX.","X","2","-1","..XXO..XO"
"...XO..XO","....OXOX.","X","6","-1","...XO.XXO"
"...XO..XO","....OXOX.","X","1","-1",".X.XO..XO"
"...XO..XO","....OXOX.","X","5","-1","...XOX.XO"
"...XO.O.X","....OXX.O","X","0","-1","X..XO.O.X"
"...XO.O.X","....OXX.O","X","2","0","..XXO.O.X"
"...XO.O.X","....OXX.O","X","1","-1",".X.XO.O.X"
"...XO.O.X","....OXX.O","X","5","-1","...XOXO.X"
"...XO.O.X","....OXX.O","X","7","-1","...XO.OXX"
"...XO.OX.","....OX.XO","X","0","-1","X..XO.OX."
"...XO.OX.","....OX.XO","X","2","0","..XXO.OX."
"...XO.OX.","....OX.XO","X","8","-1","...XO.OXX"
"...XO.OX.","....OX.XO","X","1","-1",".X.XO.OX."
"...XO.OX.","....OX.XO","X","5","-1","...XOXOX."
"...XO.OXX","....OXXXO","O","0","0","O..XO.OXX"
"...XO.OXX","....OXXXO","O","2","1","..OXO.OXX"
"...XO.OXX","....OXXXO","O","1","0",".O.XO.OXX"
"...XO.OXX","....OXXXO","O","5","0","...XOOOXX"
"...XO.X..","....O..XX","O","0","0","O..XO.X.."
"...XO.X..","....O..XX","O","2","-1","..OXO.X.."
"...XO.X..","....O..XX","O","8","-1","...XO.X.O"
"...XO.X..","....O..XX","O","1","-1",".O.XO.X.."
"...XO.X..","....O..XX","O","5","-1","...XOOX.."
"...XO.X..","....O..XX","O","7","-1","...XO.XO."
"...XO.X.O","....OXO.X","X","0","1","X..XO.X.O"
"...XO.X.O","....OXO.X","X","2","-1","..XXO.X.O"
"...XO.X.O","....OXO.X","X","1","-1",".X.XO.X.O"
"...XO.X.O","....OXO.X","X","5","-1","...XOXX.O"
"...XO.X.O","....OXO.X","X","7","-1","...XO.XXO"
"...XO.XO.","....OO.XX","X","0","1","X..XO.XO."
"...XO.XO.","....OO.XX","X","2","-1","..XXO.XO."
"...XO.XO.","....OO.XX","X","8","-1","...XO.XOX"
"...XO.XO.","....OO.XX","X","1","0",".X.XO.XO."
"...XO.XO.","....OO.XX","X","5","-1","...XOXXO."
"...XO.XOX","....OXXOX","O","0","0","O..XO.XOX"
"...XO.XOX","....OXXOX","O","2","-1","..OXO.XOX"
"...XO.XOX","....OXXOX","O","1","1",".O.XO.XOX"
"...XO.XOX","....OXXOX","O","5","-1","...XOOXOX"
"...XO.XXO","....OXOXX","O","0","1","O..XO.XXO"
"...XO.XXO","....OXOXX","O","2","-1","..OXO.XXO"
"...XO.XXO","....OXOXX","O","1","-1",".O.XO.XXO"
"...XO.XXO","....OXOXX","O","5","-1","...XOOXXO"
"...XOO..X","...OOXX..","X","0","0","X..XOO..X"
"...XOO..X","...OOXX..","X","2","0","..XXOO..X"
"...XOO..X","...OOXX..","X","6","1","...XOOX.X"
"...XOO..X","...OOXX..","X","1","0",".X.XOO..X"
"...XOO..X","...OOXX..","X","7","0","...XOO.XX"
"...XOO.X.","...OOX.X.","X","0","0","X..XOO.X."
"...XOO.X.","...OOX.X.","X","2","0","..XXOO.X."
"...XOO.X.","...OOX.X.","X","6","1","...XOOXX."
"...XOO.X.","...OOX.X.","X","8","0","...XOO.XX"
"...XOO.X.","...OOX.X.","X","1","-1",".X.XOO.X."
"...XOO.XX","...OOXXX.","O","0","-1","O..XOO.XX"
"...XOO.XX","...OOXXX.","O","2","-1","..OXOO.XX"
"...XOO.XX","...OOXXX.","O","6","0","...XOOOXX"
"...XOO.XX","...OOXXX.","O","1","-1",".O.XOO.XX"
"...XOOOXX","...OOXXXO","X","0","-1","X..XOOOXX"
"...XOOOXX","...OOXXXO","X","2","0","..XXOOOXX"
"...XOOOXX","...OOXXXO","X","1","-1",".X.XOOOXX"
"...XOOX..","...OOX..X","X","0","1","X..XOOX.."
"...XOOX..","...OOX..X","X","2","0","..XXOOX.."
"...XOOX..","...OOX..X","X","8","1","...XOOX.X"
"...XOOX..","...OOX..X","X","1","0",".X.XOOX.."
"...XOOX..","...OOX..X","X","7","1","...XOOXX."
"...XOOX.X","...OOXX.X","O","0","-1","O..XOOX.X"
"...XOOX.X","...OOXX.X","O","2","-1","..OXOOX.X"
"...XOOX.X","...OOXX.X","O","1","-1",".O.XOOX.X"
"...XOOX.X","...OOXX.X","O","7","-1","...XOOXOX"
"...XOOXOX","...OOXXOX","X","0","1","X..XOOXOX"
"...XOOXOX","...OOXXOX","X","2","-1","..XXOOXOX"
"...XOOXOX","...OOXXOX","X","1","0",".X.XOOXOX"
"...XOOXX.","...OOX.XX","O","0","-1","O..XOOXX."
"...XOOXX.","...OOX.XX","O","2","-1","..OXOOXX."
"...XOOXX.","...OOX.XX","O","8","-1","...XOOXXO"
"...XOOXX.","...OOX.XX","O","1","-1",".O.XOOXX."
"...XOOXXO","...OOXOXX","X","0","1","X..XOOXXO"
"...XOOXXO","...OOXOXX","X","2","-1","..XXOOXXO"
"...XOOXXO","...OOXOXX","X","1","-1",".X.XOOXXO"
"...XOX...","...XOX...","O","0","1","O..XOX..."
"...XOX...","...XOX...","O","2","1","..OXOX..."
"...XOX...","...XOX...","O","6","1","...XOXO.."
"...XOX...","...XOX...","O","8","1","...XOX..O"
"...XOX...","...XOX...","O","1","1",".O.XOX..."
"...XOX...","...XOX...","O","7","1","...XOX.O."
"...XOX..O","...XOX..O","X","0","-1","X..XOX..O"
"...XOX..O","...XOX..O","X","2","-1","..XXOX..O"
"...XOX..O","...XOX..O","X","6","-1","...XOXX.O"
"...XOX..O","...XOX..O","X","1","-1",".X.XOX..O"
"...XOX..O","...XOX..O","X","7","-1","...XOX.XO"
"...XOX.O.","...XOX.O.","X","0","-1","X..XOX.O."
"...XOX.O.","...XOX.O.","X","2","-1","..XXOX.O."
"...XOX.O.","...XOX.O.","X","6","-1","...XOXXO."
"...XOX.O.","...XOX.O.","X","8","-1","...XOX.OX"
"...XOX.O.","...XOX.O.","X","1","-1",".X.XOX.O."
"...XOX.OX","...XOX.OX","O","0","-1","O..XOX.OX"
"...XOX.OX","...XOX.OX","O","2","1","..OXOX.OX"
"...XOX.OX","...XOX.OX","O","6","-1","...XOXOOX"
"...XOX.OX","...XOX.OX","O","1","1",".O.XOX.OX"
"...XOX.XO","...XOX.XO","O","0","1","O..XOX.XO"
"...XOX.XO","...XOX.XO","O","2","1","..OXOX.XO"
"...XOX.XO","...XOX.XO","O","6","1","...XOXOXO"
"...XOX.XO","...XOX.XO","O","1","0",".O.XOX.XO"
"...XOXO..","...XOX..O","X","0","-1","X..XOXO.."
"...XOXO..","...XOX..O","X","2","-1","..XXOXO.."
"...XOXO..","...XOX..O","X","8","-1","...XOXO.X"
"...XOXO..","...XOX..O","X","1","-1",".X.XOXO.."
"...XOXO..","...XOX..O","X","7","-1","...XOXOX."
"...XOXO.X","...XOXO.X","O","0","-1","O..XOXO.X"
"...XOXO.X","...XOXO.X","O","2","1","..OXOXO.X"
"...XOXO.X","...XOXO.X","O","1","-1",".O.XOXO.X"
"...XOXO.X","...XOXO.X","O","7","-1","...XOXOOX"
"...XOXOOX","...XOXOOX","X","0","-1","X..XOXOOX"
"...XOXOOX","...XOXOOX","X","2","1","..XXOXOOX"
"...XOXOOX","...XOXOOX","X","1","-1",".X.XOXOOX"
"...XOXOX.","...XOX.XO","O","0","1","O..XOXOX."
"...XOXOX.","...XOX.XO","O","2","1","..OXOXOX."
"...XOXOX.","...XOX.XO","O","8","1","...XOXOXO"
"...XOXOX.","...XOX.XO","O","1","0",".O.XOXOX."
"...XOXOXO","...XOXOXO","X","0","-1","X..XOXOXO"
"...XOXOXO","...XOXOXO","X","2","-1","..XXOXOXO"
"...XOXOXO","...XOXOXO","X","1","-1",".X.XOXOXO"
"...XOXX.O","...XOXO.X","O","0","1","O..XOXX.O"
"...XOXX.O","...XOXO.X","O","2","-1","..OXOXX.O"
"...XOXX.O","...XOXO.X","O","1","-1",".O.XOXX.O"
"...XOXX.O","...XOXO.X","O","7","-1","...XOXXOO"
"...XOXXO.","...XOX.OX","O","0","1","O..XOXXO."
"...XOXXO.","...XOX.OX","O","2","-1","..OXOXXO."
"...XOXXO.","...XOX.OX","O","8","-1","...XOXXOO"
"...XOXXO.","...XOX.OX","O","1","1",".O.XOXXO."
"...XOXXOO","...XOXOOX","X","0","1","X..XOXXOO"
"...XOXXOO","...XOXOOX","X","2","-1","..XXOXXOO"
"...XOXXOO","...XOXOOX","X","1","-1",".X.XOXXOO"
"...XX...O","....XXO..","O","0","-1","O..XX...O"
"...XX...O","....XXO..","O","2","-1","..OXX...O"
"...XX...O","....XXO..","O","6","-1","...XX.O.O"
"...XX...O","....XXO..","O","1","-1",".O.XX...O"
"...XX...O","....XXO..","O","5","0","...XXO..O"
"...XX...O","....XXO..","O","7","-1","...XX..OO"
"...XX..O.","....XO.X.","O","0","-1","O..XX..O."
"...XX..O.","....XO.X.","O","2","-1","..OXX..O."
"...XX..O.","....XO.X.","O","6","-1","...XX.OO."
"...XX..O.","....XO.X.","O","8","-1","...XX..OO"
"...XX..O.","....XO.X.","O","1","-1",".O.XX..O."
"...XX..O.","....XO.X.","O","5","-1","...XXO.O."
"...XX..OO","....XXOO.","X","0","-1","X..XX..OO"
"...XX..OO","....XXOO.","X","2","-1","..XXX..OO"
"...XX..OO","....XXOO.","X","6","1","...XX.XOO"
"...XX..OO","....XXOO.","X","1","-1",".X.XX..OO"
"...XX..OO","....XXOO.","X","5","1","...XXX.OO"
"...XX.O..","....X..XO","O","0","-1","O..XX.O.."
"...XX.O..","....X..XO","O","2","-1","..OXX.O.."
"...XX.O..","....X..XO","O","8","-1","...XX.O.O"
"...XX.O..","....X..XO","O","1","-1",".O.XX.O.."
"...XX.O..","....X..XO","O","5","0","...XXOO.."
"...XX.O..","....X..XO","O","7","-1","...XX.OO."
"...XX.O.O","....XXO.O","X","0","-1","X..XX.O.O"
"...XX.O.O","....XXO.O","X","2","-1","..XXX.O.O"
"...XX.O.O","....XXO.O","X","1","-1",".X.XX.O.O"
"...XX.O.O","....XXO.O","X","5","1","...XXXO.O"
"...XX.O.O","....XXO.O","X","7","1","...XX.OXO"
"...XX.OO.","....XO.XO","X","0","-1","X..XX.OO."
"...XX.OO.","....XO.XO","X","2","-1","..XXX.OO."
"...XX.OO.","....XO.XO","X","8","1","...XX.OOX"
"...XX.OO.","....XO.XO","X","1","-1",".X.XX.OO."
"...XX.OO.","....XO.XO","X","5","1","...XXXOO."
"...XX.OOX","....XXXOO","O","0","-1","O..XX.OOX"
"...XX.OOX","....XXXOO","O","2","-1","..OXX.OOX"
"...XX.OOX","....XXXOO","O","1","-1",".O.XX.OOX"
"...XX.OOX","....XXXOO","O","5","-1","...XXOOOX"
"...XX.OXO","....XXOXO","O","0","-1","O..XX.OXO"
"...XX.OXO","....XXOXO","O","2","-1","..OXX.OXO"
"...XX.OXO","....XXOXO","O","1","-1",".O.XX.OXO"
"...XX.OXO","....XXOXO","O","5","-1","...XXOOXO"
"...XX.XOO","....XXOOX","O","0","-1","O..XX.XOO"
"...XX.XOO","....XXOOX","O","2","-1","..OXX.XOO"
"...XX.XOO","....XXOOX","O","1","-1",".O.XX.XOO"
"...XX.XOO","....XXOOX","O","5","-1","...XXOXOO"
"...XXO...","...OXX...","O","0","0","O..XXO..."
"...XXO...","...OXX...","O","2","0","..OXXO..."
"...XXO...","...OXX...","O","6","0","...XXOO.."
"...XXO...","...OXX...","O","8","0","...XXO..O"
"...XXO...","...OXX...","O","1","-1",".O.XXO..."
"...XXO...","...OXX...","O","7","-1","...XXO.O."
"...XXO..O","...OXXO..","X","0","-1","X..XXO..O"
"...XXO..O","...OXXO..","X","2","0","..XXXO..O"
"...XXO..O","...OXXO..","X","6","-1","...XXOX.O"
"...XXO..O","...OXXO..","X","1","-1",".X.XXO..O"
"...XXO..O","...OXXO..","X","7","-1","...XXO.XO"
"...XXO.O.","...OXX.O.","X","0","1","X..XXO.O."
"...XXO.O.","...OXX.O.","X","2","0","..XXXO.O."
"...XXO.O.","...OXX.O.","X","6","1","...XXOXO."
"...XXO.O.","...OXX.O.","X","8","0","...XXO.OX"
"...XXO.O.","...OXX.O.","X","1","-1",".X.XXO.O."
"...XXO.OX","...OXXXO.","O","0","0","O..XXO.OX"
"...XXO.OX","...OXXXO.","O","2","-1","..OXXO.OX"
"...XXO.OX","...OXXXO.","O","6","-1","...XXOOOX"
"...XXO.OX","...OXXXO.","O","1","-1",".O.XXO.OX"
"...XXO.XO","...OXXOX.","O","0","-1","O..XXO.XO"
"...XXO.XO","...OXXOX.","O","2","1","..OXXO.XO"
"...XXO.XO","...OXXOX.","O","6","-1","...XXOOXO"
"...XXO.XO","...OXXOX.","O","1","0",".O.XXO.XO"
"...XXOO..","...OXX..O","X","0","-1","X..XXOO.."
"...XXOO..","...OXX..O","X","2","0","..XXXOO.."
"...XXOO..","...OXX..O","X","8","0","...XXOO.X"
"...XXOO..","...OXX..O","X","1","0",".X.XXOO.."
"...XXOO..","...OXX..O","X","7","0","...XXOOX."
"...XXOO.X","...OXXX.O","O","0","0","O..XXOO.X"
"...XXOO.X","...OXXX.O","O","2","-1","..OXXOO.X"
"...XXOO.X","...OXXX.O","O","1","-1",".O.XXOO.X"
"...XXOO.X","...OXXX.O","O","7","-1","...XXOOOX"
"...XXOOOX","...OXXXOO","X","0","1","X..XXOOOX"
"...XXOOOX","...OXXXOO","X","2","0","..XXXOOOX"
"...XXOOOX","...OXXXOO","X","1","0",".X.XXOOOX"
"...XXOOX.","...OXX.XO","O","0","-1","O..XXOOX."
"...XXOOX.","...OXX.XO","O","2","-1","..OXXOOX."
"...XXOOX.","...OXX.XO","O","8","-1","...XXOOXO"
"...XXOOX.","...OXX.XO","O","1","0",".O.XXOOX."
"...XXOOXO","...OXXOXO","X","0","-1","X..XXOOXO"
"...XXOOXO","...OXXOXO","X","2","0","..XXXOOXO"
"...XXOOXO","...OXXOXO","X","1","1",".X.XXOOXO"
"...XXOX.O","...OXXO.X","O","0","-1","O..XXOX.O"
"...XXOX.O","...OXXO.X","O","2","1","..OXXOX.O"
"...XXOX.O","...OXXO.X","O","1","-1",".O.XXOX.O"
"...XXOX.O","...OXXO.X","O","7","-1","...XXOXOO"
"...XXOXO.","...OXX.OX","O","0","-1","O..XXOXO."
"...XXOXO.","...OXX.OX","O","2","-1","..OXXOXO."
"...XXOXO.","...OXX.OX","O","8","-1","...XXOXOO"
"...XXOXO.","...OXX.OX","O","1","-1",".O.XXOXO."
"...XXOXOO","...OXXOOX","X","0","1","X..XXOXOO"
"...XXOXOO","...OXXOOX","X","2","1","..XXXOXOO"
"...XXOXOO","...OXXOOX","X","1","-1",".X.XXOXOO"
"..O.....X","......O.X","X","4","0","..O.X...X"
"..O.....X","......O.X","X","0","1","X.O.....X"
"..O.....X","......O.X","X","6","1","..O...X.X"
"..O.....X","......O.X","X","1","0",".XO.....X"
"..O.....X","......O.X","X","3","0","..OX....X"
"..O.....X","......O.X","X","5","-1","..O..X..X"
"..O.....X","......O.X","X","7","1","..O....XX"
"..O....X.",".....XO..","X","4","0","..O.X..X."
"..O....X.",".....XO..","X","0","0","X.O....X."
"..O....X.",".....XO..","X","6","-1","..O...XX."
"..O....X.",".....XO..","X","8","1","..O....XX"
"..O....X.",".....XO..","X","1","-1",".XO....X."
"..O....X.",".....XO..","X","3","-1","..OX...X."
"..O....X.",".....XO..","X","5","-1","..O..X.X."
"..O....XX",".....XO.X","O","4","-1","..O.O..XX"
"..O....XX",".....XO.X","O","0","-1","O.O....XX"
"..O....XX",".....XO.X","O","6","-1","..O...OXX"
"..O....XX",".....XO.X","O","1","-1",".OO....XX"
"..O....XX",".....XO.X","O","3","-1","..OO...XX"
"..O....XX",".....XO.X","O","5","-1","..O..O.XX"
"..O...OXX","..O...OXX","X","4","1","..O.X.OXX"
"..O...OXX","..O...OXX","X","0","-1","X.O...OXX"
"..O...OXX","..O...OXX","X","1","-1",".XO...OXX"
"..O...OXX","..O...OXX","X","3","-1","..OX..OXX"
"..O...OXX","..O...OXX","X","5","-1","..O..XOXX"
"..O...X..","..O...X..","X","4","0","..O.X.X.."
"..O...X..","..O...X..","X","0","1","X.O...X.."
"..O...X..","..O...X..","X","8","1","..O...X.X"
"..O...X..","..O...X..","X","1","0",".XO...X.."
"..O...X..","..O...X..","X","3","-1","..OX..X.."
"..O...X..","..O...X..","X","5","0","..O..XX.."
"..O...X..","..O...X..","X","7","-1","..O...XX."
"..O...X.X","..O...X.X","O","4","-1","..O.O.X.X"
"..O...X.X","..O...X.X","O","0","-1","O.O...X.X"
"..O...X.X","..O...X.X","O","1","-1",".OO...X.X"
"..O...X.X","..O...X.X","O","3","-1","..OO..X.X"
"..O...X.X","..O...X.X","O","5","-1","..O..OX.X"
"..O...X.X","..O...X.X","O","7","-1","..O...XOX"
"..O...XOX","..O...XOX","X","4","0","..O.X.XOX"
"..O...XOX","..O...XOX","X","0","1","X.O...XOX"
"..O...XOX","..O...XOX","X","1","0",".XO...XOX"
"..O...XOX","..O...XOX","X","3","0","..OX..XOX"
"..O...XOX","..O...XOX","X","5","-1","..O..XXOX"
"..O...XX.","..O...XX.","O","4","-1","..O.O.XX."
"..O...XX.","..O...XX.","O","0","-1","O.O...XX."
"..O...XX.","..O...XX.","O","8","1","..O...XXO"
"..O...XX.","..O...XX.","O","1","-1",".OO...XX."
"..O...XX.","..O...XX.","O","3","-1","..OO..XX."
"..O...XX.","..O...XX.","O","5","-1","..O..OXX."
"..O...XXO","..O...XXO","X","4","-1","..O.X.XXO"
"..O...XXO","..O...XXO","X","0","-1","X.O...XXO"
"..O...XXO","..O...XXO","X","1","-1",".XO...XXO"
"..O...XXO","..O...XXO","X","3","-1","..OX..XXO"
"..O...XXO","..O...XXO","X","5","-1","..O..XXXO"
"..O..O.XX",".....XOOX","X","4","1","..O.XO.XX"
"..O..O.XX",".....XOOX","X","0","1","X.O..O.XX"
"..O..O.XX",".....XOOX","X","6","1","..O..OXXX"
"..O..O.XX",".....XOOX","X","1","1",".XO..O.XX"
"..O..O.XX",".....XOOX","X","3","1","..OX.O.XX"
"..O..OX.X","..O..OX.X","X","4","1","..O.XOX.X"
"..O..OX.X","..O..OX.X","X","0","1","X.O..OX.X"
"..O..OX.X","..O..OX.X","X","1","1",".XO..OX.X"
"..O..OX.X","..O..OX.X","X","3","1","..OX.OX.X"
"..O..OX.X","..O..OX.X","X","7","1","..O..OXXX"
"..O..OXX.","..O..OXX.","X","4","-1","..O.XOXX."
"..O..OXX.","..O..OXX.","X","0","-1","X.O..OXX."
"..O..OXX.","..O..OXX.","X","8","1","..O..OXXX"
"..O..OXX.","..O..OXX.","X","1","-1",".XO..OXX."
"..O..OXX.","..O..OXX.","X","3","-1","..OX.OXX."
"..O..X...",".......XO","X","4","0","..O.XX..."
"..O..X...",".......XO","X","0","0","X.O..X..."
"..O..X...",".......XO","X","6","0","..O..XX.."
"..O..X...",".......XO","X","8","-1","..O..X..X"
"..O..X...",".......XO","X","1","0",".XO..X..."
"..O..X...",".......XO","X","3","-1","..OX.X..."
"..O..X...",".......XO","X","7","-1","..O..X.X."
"..O..X..X","......OXX","O","4","0","..O.OX..X"
"..O..X..X","......OXX","O","0","1","O.O..X..X"
"..O..X..X","......OXX","O","6","-1","..O..XO.X"
"..O..X..X","......OXX","O","1","1",".OO..X..X"
"..O..X..X","......OXX","O","3","0","..OO.X..X"
"..O..X..X","......OXX","O","7","-1","..O..X.OX"
"..O..X.OX",".....OOXX","X","4","1","..O.XX.OX"
"..O..X.OX",".....OOXX","X","0","-1","X.O..X.OX"
"..O..X.OX",".....OOXX","X","6","-1","..O..XXOX"
"..O..X.OX",".....OOXX","X","1","0",".XO..X.OX"
"..O..X.OX",".....OOXX","X","3","-1","..OX.X.OX"
"..O..X.X.",".....XOX.","O","4","0","..O.OX.X."
"..O..X.X.",".....XOX.","O","0","1","O.O..X.X."
"..O..X.X.",".....XOX.","O","6","-1","..O..XOX."
"..O..X.X.",".....XOX.","O","8","-1","..O..X.XO"
"..O..X.X.",".....XOX.","O","1","-1",".OO..X.X."
"..O..X.X.",".....XOX.","O","3","0","..OO.X.X."
"..O..X.XO",".....XOXO","X","4","1","..O.XX.XO"
"..O..X.XO",".....XOXO","X","0","0","X.O..X.XO"
"..O..X.XO",".....XOXO","X","6","-1","..O..XXXO"
"..O..X.XO",".....XOXO","X","1","-1",".XO..X.XO"
"..O..X.XO",".....XOXO","X","3","-1","..OX.X.XO"
"..O..XO.X","..O...OXX","X","4","1","..O.XXO.X"
"..O..XO.X","..O...OXX","X","0","-1","X.O..XO.X"
"..O..XO.X","..O...OXX","X","1","-1",".XO..XO.X"
"..O..XO.X","..O...OXX","X","3","-1","..OX.XO.X"
"..O..XO.X","..O...OXX","X","7","-1","..O..XOXX"
"..O..XOX.","..O..XOX.","X","4","1","..O.XXOX."
"..O..XOX.","..O..XOX.","X","0","-1","X.O..XOX."
"..O..XOX.","..O..XOX.","X","8","-1","..O..XOXX"
"..O..XOX.","..O..XOX.","X","1","-1",".XO..XOX."
"..O..XOX.","..O..XOX.","X","3","-1","..OX.XOX."
"..O..XOXX","..O..XOXX","O","4","1","..O.OXOXX"
"..O..XOXX","..O..XOXX","O","0","1","O.O..XOXX"
"..O..XOXX","..O..XOXX","O","1","1",".OO..XOXX"
"..O..XOXX","..O..XOXX","O","3","1","..OO.XOXX"
"..O..XX..","..O..XX..","O","4","0","..O.OXX.."
"..O..XX..","..O..XX..","O","0","0","O.O..XX.."
"..O..XX..","..O..XX..","O","8","-1","..O..XX.O"
"..O..XX..","..O..XX..","O","1","-1",".OO..XX.."
"..O..XX..","..O..XX..","O","3","0","..OO.XX.."
"..O..XX..","..O..XX..","O","7","-1","..O..XXO."
"..O..XX.O","..O..XX.O","X","4","0","..O.XXX.O"
"..O..XX.O","..O..XX.O","X","0","0","X.O..XX.O"
"..O..XX.O","..O..XX.O","X","1","0",".XO..XX.O"
"..O..XX.O","..O..XX.O","X","3","1","..OX.XX.O"
"..O..XX.O","..O..XX.O","X","7","-1","..O..XXXO"
"..O..XXO.","..O..XXO.","X","4","0","..O.XXXO."
"..O..XXO.","..O..XXO.","X","0","0","X.O..XXO."
"..O..XXO.","..O..XXO.","X","8","-1","..O..XXOX"
"..O..XXO.","..O..XXO.","X","1","0",".XO..XXO."
"..O..XXO.","..O..XXO.","X","3","1","..OX.XXO."
"..O..XXOX","..O..XXOX","O","4","0","..O.OXXOX"
"..O..XXOX","..O..XXOX","O","0","0","O.O..XXOX"
"..O..XXOX","..O..XXOX","O","1","1",".OO..XXOX"
"..O..XXOX","..O..XXOX","O","3","0","..OO.XXOX"
"..O..XXXO","..O..XXXO","O","4","0","..O.OXXXO"
"..O..XXXO","..O..XXXO","O","0","1","O.O..XXXO"
"..O..XXXO","..O..XXXO","O","1","0",".OO..XXXO"
"..O..XXXO","..O..XXXO","O","3","0","..OO.XXXO"
"..O.O..XX","....OXO.X","X","0","-1","X.O.O..XX"
"..O.O..XX","....OXO.X","X","6","1","..O.O.XXX"
"..O.O..XX","....OXO.X","X","1","-1",".XO.O..XX"
"..O.O..XX","....OXO.X","X","3","-1","..OXO..XX"
"..O.O..XX","....OXO.X","X","5","-1","..O.OX.XX"
"..O.O.X.X","..O.O.X.X","X","0","1","X.O.O.X.X"
"..O.O.X.X","..O.O.X.X","X","1","0",".XO.O.X.X"
"..O.O.X.X","..O.O.X.X","X","3","1","..OXO.X.X"
"..O.O.X.X","..O.O.X.X","X","5","0","..O.OXX.X"
"..O.O.X.X","..O.O.X.X","X","7","1","..O.O.XXX"
"..O.O.XX.","..O.O.XX.","X","0","1","X.O.O.XX."
"..O.O.XX.","..O.O.XX.","X","8","1","..O.O.XXX"
"..O.O.XX.","..O.O.XX.","X","1","-1",".XO.O.XX."
"..O.O.XX.","..O.O.XX.","X","3","1","..OXO.XX."
"..O.O.XX.","..O.O.XX.","X","5","0","..O.OXXX."
"..O.OX..X","....O.OXX","X","0","-1","X.O.OX..X"
"..O.OX..X","....O.OXX","X","6","0","..O.OXX.X"
"..O.OX..X","....O.OXX","X","1","-1",".XO.OX..X"
"..O.OX..X","....O.OXX","X","3","-1","..OXOX..X"
"..O.OX..X","....O.OXX","X","7","-1","..O.OX.XX"
"..O.OX.X.","....OXOX.","X","0","-1","X.O.OX.X."
"..O.OX.X.","....OXOX.","X","6","0","..O.OXXX."
"..O.OX.X.","....OXOX.","X","8","-1","..O.OX.XX"
"..O.OX.X.","....OXOX.","X","1","-1",".XO.OX.X."
"..O.OX.X.","....OXOX.","X","3","-1","..OXOX.X."
"..O.OX.XX","....OXOXX","O","0","-1","O.O.OX.XX"
"..O.OX.XX","....OXOXX","O","6","1","..O.OXOXX"
"..O.OX.XX","....OXOXX","O","1","-1",".OO.OX.XX"
"..O.OX.XX","....OXOXX","O","3","-1","..OOOX.XX"
"..O.OXX..","..O.OXX..","X","0","0","X.O.OXX.."
"..O.OXX..","..O.OXX..","X","8","0","..O.OXX.X"
"..O.OXX..","..O.OXX..","X","1","0",".XO.OXX.."
"..O.OXX..","..O.OXX..","X","3","-1","..OXOXX.."
"..O.OXX..","..O.OXX..","X","7","0","..O.OXXX."
"..O.OXX.X","..O.OXX.X","O","0","-1","O.O.OXX.X"
"..O.OXX.X","..O.OXX.X","O","1","-1",".OO.OXX.X"
"..O.OXX.X","..O.OXX.X","O","3","-1","..OOOXX.X"
"..O.OXX.X","..O.OXX.X","O","7","0","..O.OXXOX"
"..O.OXXOX","..O.OXXOX","X","0","-1","X.O.OXXOX"
"..O.OXXOX","..O.OXXOX","X","1","0",".XO.OXXOX"
"..O.OXXOX","..O.OXXOX","X","3","-1","..OXOXXOX"
"..O.OXXX.","..O.OXXX.","O","0","-1","O.O.OXXX."
"..O.OXXX.","..O.OXXX.","O","8","0","..O.OXXXO"
"..O.OXXX.","..O.OXXX.","O","1","-1",".OO.OXXX."
"..O.OXXX.","..O.OXXX.","O","3","-1","..OOOXXX."
"..O.OXXXO","..O.OXXXO","X","0","0","X.O.OXXXO"
"..O.OXXXO","..O.OXXXO","X","1","-1",".XO.OXXXO"
"..O.OXXXO","..O.OXXXO","X","3","-1","..OXOXXXO"
"..O.X....","....X...O","X","0","0","X.O.X...."
"..O.X....","....X...O","X","6","0","..O.X.X.."
"..O.X....","....X...O","X","8","0","..O.X...X"
"..O.X....","....X...O","X","1","0",".XO.X...."
"..O.X....","....X...O","X","3","0","..OXX...."
"..O.X....","....X...O","X","5","0","..O.XX..."
"..O.X....","....X...O","X","7","0","..O.X..X."
"..O.X...X","....X.O.X","O","0","0","O.O.X...X"
"..O.X...X","....X.O.X","O","6","-1","..O.X.O.X"
"..O.X...X","....X.O.X","O","1","-1",".OO.X...X"
"..O.X...X","....X.O.X","O","3","-1","..OOX...X"
"..O.X...X","....X.O.X","O","5","-1","..O.XO..X"
"..O.X...X","....X.O.X","O","7","-1","..O.X..OX"
"..O.X..OX","....XOO.X","X","0","1","X.O.X..OX"
"..O.X..OX","....XOO.X","X","6","0","..O.X.XOX"
"..O.X..OX","....XOO.X","X","1","0",".XO.X..OX"
"..O.X..OX","....XOO.X","X","3","1","..OXX..OX"
"..O.X..OX","....XOO.X","X","5","1","..O.XX.OX"
"..O.X..X.","....XXO..","O","0","-1","O.O.X..X."
"..O.X..X.","....XXO..","O","6","-1","..O.X.OX."
"..O.X..X.","....XXO..","O","8","-1","..O.X..XO"
"..O.X..X.","....XXO..","O","1","0",".OO.X..X."
"..O.X..X.","....XXO..","O","3","-1","..OOX..X."
"..O.X..X.","....XXO..","O","5","-1","..O.XO.X."
"..O.X..XO","....XXO.O","X","0","-1","X.O.X..XO"
"..O.X..XO","....XXO.O","X","6","-1","..O.X.XXO"
"..O.X..XO","....XXO.O","X","1","1",".XO.X..XO"
"..O.X..XO","....XXO.O","X","3","-1","..OXX..XO"
"..O.X..XO","....XXO.O","X","5","1","..O.XX.XO"
"..O.X.O.X","..O.X.O.X","X","0","1","X.O.X.O.X"
"..O.X.O.X","..O.X.O.X","X","1","1",".XO.X.O.X"
"..O.X.O.X","..O.X.O.X","X","3","1","..OXX.O.X"
"..O.X.O.X","..O.X.O.X","X","5","1","..O.XXO.X"
"..O.X.O.X","..O.X.O.X","X","7","1","..O.X.OXX"
"..O.X.OX.","..O.X.OX.","X","0","1","X.O.X.OX."
"..O.X.OX.","..O.X.OX.","X","8","1","..O.X.OXX"
"..O.X.OX.","..O.X.OX.","X","1","1",".XO.X.OX."
"..O.X.OX.","..O.X.OX.","X","3","1","..OXX.OX."
"..O.X.OX.","..O.X.OX.","X","5","1","..O.XXOX."
"..O.X.OXX","..O.X.OXX","O","0","-1","O.O.X.OXX"
"..O.X.OXX","..O.X.OXX","O","1","-1",".OO.X.OXX"
"..O.X.OXX","..O.X.OXX","O","3","-1","..OOX.OXX"
"..O.X.OXX","..O.X.OXX","O","5","-1","..O.XOOXX"
"..O.X.X..","..O.X.X..","O","0","0","O.O.X.X.."
"..O.X.X..","..O.X.X..","O","8","0","..O.X.X.O"
"..O.X.X..","..O.X.X..","O","1","-1",".OO.X.X.."
"..O.X.X..","..O.X.X..","O","3","-1","..OOX.X.."
"..O.X.X..","..O.X.X..","O","5","-1","..O.XOX.."
"..O.X.X..","..O.X.X..","O","7","-1","..O.X.XO."
"..O.X.X.O","..O.X.X.O","X","0","-1","X.O.X.X.O"
"..O.X.X.O","..O.X.X.O","X","1","-1",".XO.X.X.O"
"..O.X.X.O","..O.X.X.O","X","3","-1","..OXX.X.O"
"..O.X.X.O","..O.X.X.O","X","5","0","..O.XXX.O"
"..O.X.X.O","..O.X.X.O","X","7","-1","..O.X.XXO"
"..O.X.XO.","..O.X.XO.","X","0","1","X.O.X.XO."
"..O.X.XO.","..O.X.XO.","X","8","0","..O.X.XOX"
"..O.X.XO.","..O.X.XO.","X","1","0",".XO.X.XO."
"..O.X.XO.","..O.X.XO.","X","3","1","..OXX.XO."
"..O.X.XO.","..O.X.XO.","X","5","0","..O.XXXO."
"..O.X.XOX","..O.X.XOX","O","0","0","O.O.X.XOX"
"..O.X.XOX","..O.X.XOX","O","1","-1",".OO.X.XOX"
"..O.X.XOX","..O.X.XOX","O","3","-1","..OOX.XOX"
"..O.X.XOX","..O.X.XOX","O","5","-1","..O.XOXOX"
"..O.X.XXO","..O.X.XXO","O","0","-1","O.O.X.XXO"
"..O.X.XXO","..O.X.XXO","O","1","1",".OO.X.XXO"
"..O.X.XXO","..O.X.XXO","O","3","-1","..OOX.XXO"
"..O.X.XXO","..O.X.XXO","O","5","1","..O.XOXXO"
"..O.XO..X","....X.OOX","X","0","1","X.O.XO..X"
"..O.XO..X","....X.OOX","X","6","1","..O.XOX.X"
"..O.XO..X","....X.OOX","X","1","1",".XO.XO..X"
"..O.XO..X","....X.OOX","X","3","0","..OXXO..X"
"..O.XO..X","....X.OOX","X","7","1","..O.XO.XX"
"..O.XO.X.","....XXOO.","X","0","-1","X.O.XO.X."
"..O.XO.X.","....XXOO.","X","6","-1","..O.XOXX."
"..O.XO.X.","....XXOO.","X","8","1","..O.XO.XX"
"..O.XO.X.","....XXOO.","X","1","1",".XO.XO.X."
"..O.XO.X.","....XXOO.","X","3","-1","..OXXO.X."
"..O.XO.XX","....XXOOX","O","0","-1","O.O.XO.XX"
"..O.XO.XX","....XXOOX","O","6","-1","..O.XOOXX"
"..O.XO.XX","....XXOOX","O","1","-1",".OO.XO.XX"
"..O.XO.XX","....XXOOX","O","3","-1","..OOXO.XX"
"..O.XOOXX","..O.XOOXX","X","0","1","X.O.XOOXX"
"..O.XOOXX","..O.XOOXX","X","1","1",".XO.XOOXX"
"..O.XOOXX","..O.XOOXX","X","3","1","..OXXOOXX"
"..O.XOX..","..O.XOX..","X","0","-1","X.O.XOX.."
"..O.XOX..","..O.XOX..","X","8","1","..O.XOX.X"
"..O.XOX..","..O.XOX..","X","1","-1",".XO.XOX.."
"..O.XOX..","..O.XOX..","X","3","-1","..OXXOX.."
"..O.XOX..","..O.XOX..","X","7","-1","..O.XOXX."
"..O.XOX.X","..O.XOX.X","O","0","-1","O.O.XOX.X"
"..O.XOX.X","..O.XOX.X","O","1","-1",".OO.XOX.X"
"..O.XOX.X","..O.XOX.X","O","3","-1","..OOXOX.X"
"..O.XOX.X","..O.XOX.X","O","7","-1","..O.XOXOX"
"..O.XOXOX","..O.XOXOX","X","0","1","X.O.XOXOX"
"..O.XOXOX","..O.XOXOX","X","1","0",".XO.XOXOX"
"..O.XOXOX","..O.XOXOX","X","3","0","..OXXOXOX"
"..O.XOXX.","..O.XOXX.","O","0","-1","O.O.XOXX."
"..O.XOXX.","..O.XOXX.","O","8","1","..O.XOXXO"
"..O.XOXX.","..O.XOXX.","O","1","-1",".OO.XOXX."
"..O.XOXX.","..O.XOXX.","O","3","-1","..OOXOXX."
"..O.XX...","....X..XO","O","0","-1","O.O.XX..."
"..O.XX...","....X..XO","O","6","-1","..O.XXO.."
"..O.XX...","....X..XO","O","8","-1","..O.XX..O"
"..O.XX...","....X..XO","O","1","-1",".OO.XX..."
"..O.XX...","....X..XO","O","3","0","..OOXX..."
"..O.XX...","....X..XO","O","7","-1","..O.XX.O."
"..O.XX..O","....X.OXO","X","0","0","X.O.XX..O"
"..O.XX..O","....X.OXO","X","6","0","..O.XXX.O"
"..O.XX..O","....X.OXO","X","1","1",".XO.XX..O"
"..O.XX..O","....X.OXO","X","3","1","..OXXX..O"
"..O.XX..O","....X.OXO","X","7","1","..O.XX.XO"
"..O.XX.O.","....XOOX.","X","0","1","X.O.XX.O."
"..O.XX.O.","....XOOX.","X","6","0","..O.XXXO."
"..O.XX.O.","....XOOX.","X","8","1","..O.XX.OX"
"..O.XX.O.","....XOOX.","X","1","0",".XO.XX.O."
"..O.XX.O.","....XOOX.","X","3","1","..OXXX.O."
"..O.XX.OX","....XOOXX","O","0","-1","O.O.XX.OX"
"..O.XX.OX","....XOOXX","O","6","-1","..O.XXOOX"
"..O.XX.OX","....XOOXX","O","1","-1",".OO.XX.OX"
"..O.XX.OX","....XOOXX","O","3","-1","..OOXX.OX"
"..O.XX.XO","....XXOXO","O","0","-1","O.O.XX.XO"
"..O.XX.XO","....XXOXO","O","6","-1","..O.XXOXO"
"..O.XX.XO","....XXOXO","O","1","-1",".OO.XX.XO"
"..O.XX.XO","....XXOXO","O","3","-1","..OOXX.XO"
"..O.XXO..","..O.X.OX.","X","0","1","X.O.XXO.."
"..O.XXO..","..O.X.OX.","X","8","1","..O.XXO.X"
"..O.XXO..","..O.X.OX.","X","1","1",".XO.XXO.."
"..O.XXO..","..O.X.OX.","X","3","1","..OXXXO.."
"..O.XXO..","..O.X.OX.","X","7","1","..O.XXOX."
"..O.XXO.X","..O.X.OXX","O","0","-1","O.O.XXO.X"
"..O.XXO.X","..O.X.OXX","O","1","-1",".OO.XXO.X"
"..O.XXO.X","..O.X.OXX","O","3","-1","..OOXXO.X"
"..O.XXO.X","..O.X.OXX","O","7","-1","..O.XXOOX"
"..O.XXOOX","..O.XOOXX","X","0","1","X.O.XXOOX"
"..O.XXOOX","..O.XOOXX","X","1","1",".XO.XXOOX"
"..O.XXOOX","..O.XOOXX","X","3","1","..OXXXOOX"
"..O.XXOX.","..O.XXOX.","O","0","-1","O.O.XXOX."
"..O.XXOX.","..O.XXOX.","O","8","-1","..O.XXOXO"
"..O.XXOX.","..O.XXOX.","O","1","-1",".OO.XXOX."
"..O.XXOX.","..O.XXOX.","O","3","-1","..OOXXOX."
"..O.XXOXO","..O.XXOXO","X","0","1","X.O.XXOXO"
"..O.XXOXO","..O.XXOXO","X","1","1",".XO.XXOXO"
"..O.XXOXO","..O.XXOXO","X","3","1","..OXXXOXO"
"..O.XXX.O","..O.XXX.O","O","0","-1","O.O.XXX.O"
"..O.XXX.O","..O.XXX.O","O","1","-1",".OO.XXX.O"
"..O.XXX.O","..O.XXX.O","O","3","0","..OOXXX.O"
"..O.XXX.O","..O.XXX.O","O","7","-1","..O.XXXOO"
"..O.XXXO.","..O.XXXO.","O","0","-1","O.O.XXXO."
"..O.XXXO.","..O.XXXO.","O","8","-1","..O.XXXOO"
"..O.XXXO.","..O.XXXO.","O","1","-1",".OO.XXXO."
"..O.XXXO.","..O.XXXO.","O","3","0","..OOXXXO."
"..O.XXXOO","..O.XXXOO","X","0","0","X.O.XXXOO"
"..O.XXXOO","..O.XXXOO","X","1","0",".XO.XXXOO"
"..O.XXXOO","..O.XXXOO","X","3","1","..OXXXXOO"
"..OO...XX","..OO...XX","X","4","1","..OOX..XX"
"..OO...XX","..OO...XX","X","0","1","X.OO...XX"
"..OO...XX","..OO...XX","X","6","1","..OO..XXX"
"..OO...XX","..OO...XX","X","1","1",".XOO...XX"
"..OO...XX","..OO...XX","X","5","-1","..OO.X.XX"
"..OO..X.X","..OO..X.X","X","4","1","..OOX.X.X"
"..OO..X.X","..OO..X.X","X","0","1","X.OO..X.X"
"..OO..X.X","..OO..X.X","X","1","0",".XOO..X.X"
"..OO..X.X","..OO..X.X","X","5","0","..OO.XX.X"
"..OO..X.X","..OO..X.X","X","7","1","..OO..XXX"
"..OO..XX.","..OO..XX.","X","4","1","..OOX.XX."
"..OO..XX.","..OO..XX.","X","0","0","X.OO..XX."
"..OO..XX.","..OO..XX.","X","8","1","..OO..XXX"
"..OO..XX.","..OO..XX.","X","1","1",".XOO..XX."
"..OO..XX.","..OO..XX.","X","5","0","..OO.XXX."
"..OO.X..X","..OO.X..X","X","4","-1","..OOXX..X"
"..OO.X..X","..OO.X..X","X","0","0","X.OO.X..X"
"..OO.X..X","..OO.X..X","X","6","0","..OO.XX.X"
"..OO.X..X","..OO.X..X","X","1","-1",".XOO.X..X"
"..OO.X..X","..OO.X..X","X","7","-1","..OO.X.XX"
"..OO.X.X.","..OO.X.X.","X","4","0","..OOXX.X."
"..OO.X.X.","..OO.X.X.","X","0","0","X.OO.X.X."
"..OO.X.X.","..OO.X.X.","X","6","0","..OO.XXX."
"..OO.X.X.","..OO.X.X.","X","8","-1","..OO.X.XX"
"..OO.X.X.","..OO.X.X.","X","1","0",".XOO.X.X."
"..OO.X.XX","..OO.X.XX","O","4","-1","..OOOX.XX"
"..OO.X.XX","..OO.X.XX","O","0","-1","O.OO.X.XX"
"..OO.X.XX","..OO.X.XX","O","6","1","..OO.XOXX"
"..OO.X.XX","..OO.X.XX","O","1","-1",".OOO.X.XX"
"..OO.XOXX","..OO.XOXX","X","4","-1","..OOXXOXX"
"..OO.XOXX","..OO.XOXX","X","0","-1","X.OO.XOXX"
"..OO.XOXX","..OO.XOXX","X","1","-1",".XOO.XOXX"
"..OO.XX..","..OO.XX..","X","4","0","..OOXXX.."
"..OO.XX..","..OO.XX..","X","0","0","X.OO.XX.."
"..OO.XX..","..OO.XX..","X","8","0","..OO.XX.X"
"..OO.XX..","..OO.XX..","X","1","0",".XOO.XX.."
"..OO.XX..","..OO.XX..","X","7","0","..OO.XXX."
"..OO.XX.X","..OO.XX.X","O","4","-1","..OOOXX.X"
"..OO.XX.X","..OO.XX.X","O","0","-1","O.OO.XX.X"
"..OO.XX.X","..OO.XX.X","O","1","-1",".OOO.XX.X"
"..OO.XX.X","..OO.XX.X","O","7","0","..OO.XXOX"
"..OO.XXOX","..OO.XXOX","X","4","0","..OOXXXOX"
"..OO.XXOX","..OO.XXOX","X","0","0","X.OO.XXOX"
"..OO.XXOX","..OO.XXOX","X","1","0",".XOO.XXOX"
"..OO.XXX.","..OO.XXX.","O","4","-1","..OOOXXX."
"..OO.XXX.","..OO.XXX.","O","0","-1","O.OO.XXX."
"..OO.XXX.","..OO.XXX.","O","8","0","..OO.XXXO"
"..OO.XXX.","..OO.XXX.","O","1","-1",".OOO.XXX."
"..OO.XXXO","..OO.XXXO","X","4","0","..OOXXXXO"
"..OO.XXXO","..OO.XXXO","X","0","0","X.OO.XXXO"
"..OO.XXXO","..OO.XXXO","X","1","0",".XOO.XXXO"
"..OOOX.XX","..OOOX.XX","X","0","-1","X.OOOX.XX"
"..OOOX.XX","..OOOX.XX","X","6","1","..OOOXXXX"
"..OOOX.XX","..OOOX.XX","X","1","-1",".XOOOX.XX"
"..OOOXX.X","..OOOXX.X","X","0","0","X.OOOXX.X"
"..OOOXX.X","..OOOXX.X","X","1","0",".XOOOXX.X"
"..OOOXX.X","..OOOXX.X","X","7","1","..OOOXXXX"
"..OOOXXX.","..OOOXXX.","X","0","0","X.OOOXXX."
"..OOOXXX.","..OOOXXX.","X","8","1","..OOOXXXX"
"..OOOXXX.","..OOOXXX.","X","1","0",".XOOOXXX."
"..OOX...X","..OOX...X","X","0","1","X.OOX...X"
"..OOX...X","..OOX...X","X","6","1","..OOX.X.X"
"..OOX...X","..OOX...X","X","1","1",".XOOX...X"
"..OOX...X","..OOX...X","X","5","-1","..OOXX..X"
"..OOX...X","..OOX...X","X","7","1","..OOX..XX"
"..OOX..X.","..OOX..X.","X","0","1","X.OOX..X."
"..OOX..X.","..OOX..X.","X","6","1","..OOX.XX."
"..OOX..X.","..OOX..X.","X","8","1","..OOX..XX"
"..OOX..X.","..OOX..X.","X","1","1",".XOOX..X."
"..OOX..X.","..OOX..X.","X","5","0","..OOXX.X."
"..OOX..XX","..OOX..XX","O","0","-1","O.OOX..XX"
"..OOX..XX","..OOX..XX","O","6","-1","..OOX.OXX"
"..OOX..XX","..OOX..XX","O","1","-1",".OOOX..XX"
"..OOX..XX","..OOX..XX","O","5","-1","..OOXO.XX"
"..OOX.OXX","..OOX.OXX","X","0","1","X.OOX.OXX"
"..OOX.OXX","..OOX.OXX","X","1","1",".XOOX.OXX"
"..OOX.OXX","..OOX.OXX","X","5","-1","..OOXXOXX"
"..OOX.X..","..O.X.XO.","X","0","0","X.OOX.X.."
"..OOX.X..","..O.X.XO.","X","8","1","..OOX.X.X"
"..OOX.X..","..O.X.XO.","X","1","0",".XOOX.X.."
"..OOX.X..","..O.X.XO.","X","5","0","..OOXXX.."
"..OOX.X..","..O.X.XO.","X","7","1","..OOX.XX."
"..OOX.X.X","..OOX.X.X","O","0","-1","O.OOX.X.X"
"..OOX.X.X","..OOX.X.X","O","1","-1",".OOOX.X.X"
"..OOX.X.X","..OOX.X.X","O","5","-1","..OOXOX.X"
"..OOX.X.X","..OOX.X.X","O","7","-1","..OOX.XOX"
"..OOX.XOX","..OOX.XOX","X","0","1","X.OOX.XOX"
"..OOX.XOX","..OOX.XOX","X","1","0",".XOOX.XOX"
"..OOX.XOX","..OOX.XOX","X","5","0","..OOXXXOX"
"..OOX.XX.","..OOX.XX.","O","0","-1","O.OOX.XX."
"..OOX.XX.","..OOX.XX.","O","8","-1","..OOX.XXO"
"..OOX.XX.","..OOX.XX.","O","1","-1",".OOOX.XX."
"..OOX.XX.","..OOX.XX.","O","5","-1","..OOXOXX."
"..OOX.XXO","..OOX.XXO","X","0","-1","X.OOX.XXO"
"..OOX.XXO","..OOX.XXO","X","1","1",".XOOX.XXO"
"..OOX.XXO","..OOX.XXO","X","5","0","..OOXXXXO"
"..OOXO.XX","..OOXO.XX","X","0","1","X.OOXO.XX"
"..OOXO.XX","..OOXO.XX","X","6","1","..OOXOXXX"
"..OOXO.XX","..OOXO.XX","X","1","1",".XOOXO.XX"
"..OOXOX.X","..OOXOX.X","X","0","1","X.OOXOX.X"
"..OOXOX.X","..OOXOX.X","X","1","1",".XOOXOX.X"
"..OOXOX.X","..OOXOX.X","X","7","1","..OOXOXXX"
"..OOXOXX.","..OOXOXX.","X","0","-1","X.OOXOXX."
"..OOXOXX.","..OOXOXX.","X","8","1","..OOXOXXX"
"..OOXOXX.","..OOXOXX.","X","1","1",".XOOXOXX."
"..OOXX...","...OXX..O","X","0","0","X.OOXX..."
"..OOXX...","...OXX..O","X","6","0","..OOXXX.."
"..OOXX...","...OXX..O","X","8","-1","..OOXX..X"
"..OOXX...","...OXX..O","X","1","0",".XOOXX..."
"..OOXX...","...OXX..O","X","7","0","..OOXX.X."
"..OOXX..X","..OOXX..X","O","0","1","O.OOXX..X"
"..OOXX..X","..OOXX..X","O","6","-1","..OOXXO.X"
"..OOXX..X","..OOXX..X","O","1","-1",".OOOXX..X"
"..OOXX..X","..OOXX..X","O","7","-1","..OOXX.OX"
"..OOXX.OX","..OOXX.OX","X","0","1","X.OOXX.OX"
"..OOXX.OX","..OOXX.OX","X","6","0","..OOXXXOX"
"..OOXX.OX","..OOXX.OX","X","1","0",".XOOXX.OX"
"..OOXX.X.","..OOXX.X.","O","0","-1","O.OOXX.X."
"..OOXX.X.","..OOXX.X.","O","6","-1","..OOXXOX."
"..OOXX.X.","..OOXX.X.","O","8","-1","..OOXX.XO"
"..OOXX.X.","..OOXX.X.","O","1","0",".OOOXX.X."
"..OOXX.XO","..OOXX.XO","X","0","0","X.OOXX.XO"
"..OOXX.XO","..OOXX.XO","X","6","0","..OOXXXXO"
"..OOXX.XO","..OOXX.XO","X","1","1",".XOOXX.XO"
"..OOXXO.X","..OOXXO.X","X","0","1","X.OOXXO.X"
"..OOXXO.X","..OOXXO.X","X","1","-1",".XOOXXO.X"
"..OOXXO.X","..OOXXO.X","X","7","-1","..OOXXOXX"
"..OOXXOX.","..OOXXOX.","X","0","1","X.OOXXOX."
"..OOXXOX.","..OOXXOX.","X","8","-1","..OOXXOXX"
"..OOXXOX.","..OOXXOX.","X","1","1",".XOOXXOX."
"..OOXXOXX","..OOXXOXX","O","0","1","O.OOXXOXX"
"..OOXXOXX","..OOXXOXX","O","1","-1",".OOOXXOXX"
"..OOXXX..","..OOXXX..","O","0","0","O.OOXXX.."
"..OOXXX..","..OOXXX..","O","8","0","..OOXXX.O"
"..OOXXX..","..OOXXX..","O","1","0",".OOOXXX.."
"..OOXXX..","..OOXXX..","O","7","0","..OOXXXO."
"..OOXXX.O","..OOXXX.O","X","0","0","X.OOXXX.O"
"..OOXXX.O","..OOXXX.O","X","1","0",".XOOXXX.O"
"..OOXXX.O","..OOXXX.O","X","7","0","..OOXXXXO"
"..OOXXXO.","..OOXXXO.","X","0","0","X.OOXXXO."
"..OOXXXO.","..OOXXXO.","X","8","0","..OOXXXOX"
"..OOXXXO.","..OOXXXO.","X","1","0",".XOOXXXO."
"..OOXXXOX","..OOXXXOX","O","0","0","O.OOXXXOX"
"..OOXXXOX","..OOXXXOX","O","1","-1",".OOOXXXOX"
"..OOXXXXO","..OOXXXXO","O","0","-1","O.OOXXXXO"
"..OOXXXXO","..OOXXXXO","O","1","0",".OOOXXXXO"
"..OX.....",".....XO..","X","4","0","..OXX...."
"..OX.....",".....XO..","X","0","1","X.OX....."
"..OX.....",".....XO..","X","6","-1","..OX..X.."
"..OX.....",".....XO..","X","8","0","..OX....X"
"..OX.....",".....XO..","X","1","-1",".XOX....."
"..OX.....",".....XO..","X","5","-1","..OX.X..."
"..OX.....",".....XO..","X","7","-1","..OX...X."
"..OX....X","..OX....X","O","4","-1","..OXO...X"
"..OX....X","..OX....X","O","0","0","O.OX....X"
"..OX....X","..OX....X","O","6","-1","..OX..O.X"
"..OX....X","..OX....X","O","1","-1",".OOX....X"
"..OX....X","..OX....X","O","5","-1","..OX.O..X"
"..OX....X","..OX....X","O","7","-1","..OX...OX"
"..OX...OX","..OX...OX","X","4","1","..OXX..OX"
"..OX...OX","..OX...OX","X","0","1","X.OX...OX"
"..OX...OX","..OX...OX","X","6","0","..OX..XOX"
"..OX...OX","..OX...OX","X","1","0",".XOX...OX"
"..OX...OX","..OX...OX","X","5","-1","..OX.X.OX"
"..OX...X.","..OX...X.","O","4","-1","..OXO..X."
"..OX...X.","..OX...X.","O","0","1","O.OX...X."
"..OX...X.","..OX...X.","O","6","-1","..OX..OX."
"..OX...X.","..OX...X.","O","8","1","..OX...XO"
"..OX...X.","..OX...X.","O","1","-1",".OOX...X."
"..OX...X.","..OX...X.","O","5","-1","..OX.O.X."
"..OX...XO","..OX...XO","X","4","-1","..OXX..XO"
"..OX...XO","..OX...XO","X","0","-1","X.OX...XO"
"..OX...XO","..OX...XO","X","6","-1","..OX..XXO"
"..OX...XO","..OX...XO","X","1","-1",".XOX...XO"
"..OX...XO","..OX...XO","X","5","-1","..OX.X.XO"
"..OX..O.X","..OX..O.X","X","4","1","..OXX.O.X"
"..OX..O.X","..OX..O.X","X","0","-1","X.OX..O.X"
"..OX..O.X","..OX..O.X","X","1","-1",".XOX..O.X"
"..OX..O.X","..OX..O.X","X","5","-1","..OX.XO.X"
"..OX..O.X","..OX..O.X","X","7","-1","..OX..OXX"
"..OX..OX.","..OX..OX.","X","4","1","..OXX.OX."
"..OX..OX.","..OX..OX.","X","0","-1","X.OX..OX."
"..OX..OX.","..OX..OX.","X","8","-1","..OX..OXX"
"..OX..OX.","..OX..OX.","X","1","-1",".XOX..OX."
"..OX..OX.","..OX..OX.","X","5","-1","..OX.XOX."
"..OX..OXX","..OX..OXX","O","4","1","..OXO.OXX"
"..OX..OXX","..OX..OXX","O","0","1","O.OX..OXX"
"..OX..OXX","..OX..OXX","O","1","1",".OOX..OXX"
"..OX..OXX","..OX..OXX","O","5","-1","..OX.OOXX"
"..OX..X..","..O...XX.","O","4","-1","..OXO.X.."
"..OX..X..","..O...XX.","O","0","1","O.OX..X.."
"..OX..X..","..O...XX.","O","8","-1","..OX..X.O"
"..OX..X..","..O...XX.","O","1","-1",".OOX..X.."
"..OX..X..","..O...XX.","O","5","-1","..OX.OX.."
"..OX..X..","..O...XX.","O","7","-1","..OX..XO."
"..OX..X.O","..OX..X.O","X","4","-1","..OXX.X.O"
"..OX..X.O","..OX..X.O","X","0","1","X.OX..X.O"
"..OX..X.O","..OX..X.O","X","1","-1",".XOX..X.O"
"..OX..X.O","..OX..X.O","X","5","1","..OX.XX.O"
"..OX..X.O","..OX..X.O","X","7","-1","..OX..XXO"
"..OX..XO.","..OO..XX.","X","4","1","..OXX.XO."
"..OX..XO.","..OO..XX.","X","0","1","X.OX..XO."
"..OX..XO.","..OO..XX.","X","8","0","..OX..XOX"
"..OX..XO.","..OO..XX.","X","1","0",".XOX..XO."
"..OX..XO.","..OO..XX.","X","5","1","..OX.XXO."
"..OX..XOX","..OX..XOX","O","4","-1","..OXO.XOX"
"..OX..XOX","..OX..XOX","O","0","0","O.OX..XOX"
"..OX..XOX","..OX..XOX","O","1","-1",".OOX..XOX"
"..OX..XOX","..OX..XOX","O","5","-1","..OX.OXOX"
"..OX..XXO","..OX..XXO","O","4","-1","..OXO.XXO"
"..OX..XXO","..OX..XXO","O","0","1","O.OX..XXO"
"..OX..XXO","..OX..XXO","O","1","-1",".OOX..XXO"
"..OX..XXO","..OX..XXO","O","5","1","..OX.OXXO"
"..OX.O..X","..OX.O..X","X","4","0","..OXXO..X"
"..OX.O..X","..OX.O..X","X","0","1","X.OX.O..X"
"..OX.O..X","..OX.O..X","X","6","1","..OX.OX.X"
"..OX.O..X","..OX.O..X","X","1","1",".XOX.O..X"
"..OX.O..X","..OX.O..X","X","7","1","..OX.O.XX"
"..OX.O.X.","..OX.O.X.","X","4","-1","..OXXO.X."
"..OX.O.X.","..OX.O.X.","X","0","-1","X.OX.O.X."
"..OX.O.X.","..OX.O.X.","X","6","-1","..OX.OXX."
"..OX.O.X.","..OX.O.X.","X","8","1","..OX.O.XX"
"..OX.O.X.","..OX.O.X.","X","1","-1",".XOX.O.X."
"..OX.O.XX","..OX.O.XX","O","4","-1","..OXOO.XX"
"..OX.O.XX","..OX.O.XX","O","0","-1","O.OX.O.XX"
"..OX.O.XX","..OX.O.XX","O","6","-1","..OX.OOXX"
"..OX.O.XX","..OX.O.XX","O","1","-1",".OOX.O.XX"
"..OX.OOXX","..OX.OOXX","X","4","1","..OXXOOXX"
"..OX.OOXX","..OX.OOXX","X","0","-1","X.OX.OOXX"
"..OX.OOXX","..OX.OOXX","X","1","-1",".XOX.OOXX"
"..OX.OX..","..OX.OX..","X","4","-1","..OXXOX.."
"..OX.OX..","..OX.OX..","X","0","1","X.OX.OX.."
"..OX.OX..","..OX.OX..","X","8","1","..OX.OX.X"
"..OX.OX..","..OX.OX..","X","1","-1",".XOX.OX.."
"..OX.OX..","..OX.OX..","X","7","-1","..OX.OXX."
"..OX.OX.X","..OX.OX.X","O","4","-1","..OXOOX.X"
"..OX.OX.X","..OX.OX.X","O","0","-1","O.OX.OX.X"
"..OX.OX.X","..OX.OX.X","O","1","-1",".OOX.OX.X"
"..OX.OX.X","..OX.OX.X","O","7","-1","..OX.OXOX"
"..OX.OXOX","..OX.OXOX","X","4","0","..OXXOXOX"
"..OX.OXOX","..OX.OXOX","X","0","1","X.OX.OXOX"
"..OX.OXOX","..OX.OXOX","X","1","0",".XOX.OXOX"
"..OX.OXX.","..OX.OXX.","O","4","-1","..OXOOXX."
"..OX.OXX.","..OX.OXX.","O","0","-1","O.OX.OXX."
"..OX.OXX.","..OX.OXX.","O","8","1","..OX.OXXO"
"..OX.OXX.","..OX.OXX.","O","1","-1",".OOX.OXX."
"..OX.X...","...X.X..O","O","4","1","..OXOX..."
"..OX.X...","...X.X..O","O","0","-1","O.OX.X..."
"..OX.X...","...X.X..O","O","6","-1","..OX.XO.."
"..OX.X...","...X.X..O","O","8","-1","..OX.X..O"
"..OX.X...","...X.X..O","O","1","-1",".OOX.X..."
"..OX.X...","...X.X..O","O","7","-1","..OX.X.O."
"..OX.X..O","..OX.X..O","X","4","1","..OXXX..O"
"..OX.X..O","..OX.X..O","X","0","1","X.OX.X..O"
"..OX.X..O","..OX.X..O","X","6","1","..OX.XX.O"
"..OX.X..O","..OX.X..O","X","1","-1",".XOX.X..O"
"..OX.X..O","..OX.X..O","X","7","-1","..OX.X.XO"
"..OX.X.O.","..OX.X.O.","X","4","1","..OXXX.O."
"..OX.X.O.","..OX.X.O.","X","0","1","X.OX.X.O."
"..OX.X.O.","..OX.X.O.","X","6","1","..OX.XXO."
"..OX.X.O.","..OX.X.O.","X","8","-1","..OX.X.OX"
"..OX.X.O.","..OX.X.O.","X","1","0",".XOX.X.O."
"..OX.X.OX","..OX.X.OX","O","4","1","..OXOX.OX"
"..OX.X.OX","..OX.X.OX","O","0","-1","O.OX.X.OX"
"..OX.X.OX","..OX.X.OX","O","6","-1","..OX.XOOX"
"..OX.X.OX","..OX.X.OX","O","1","-1",".OOX.X.OX"
"..OX.X.XO","..OX.X.XO","O","4","1","..OXOX.XO"
"..OX.X.XO","..OX.X.XO","O","0","-1","O.OX.X.XO"
"..OX.X.XO","..OX.X.XO","O","6","-1","..OX.XOXO"
"..OX.X.XO","..OX.X.XO","O","1","-1",".OOX.X.XO"
"..OX.XO..","..OX.XO..","X","4","1","..OXXXO.."
"..OX.XO..","..OX.XO..","X","0","-1","X.OX.XO.."
"..OX.XO..","..OX.XO..","X","8","-1","..OX.XO.X"
"..OX.XO..","..OX.XO..","X","1","-1",".XOX.XO.."
"..OX.XO..","..OX.XO..","X","7","-1","..OX.XOX."
"..OX.XO.X","..OX.XO.X","O","4","1","..OXOXO.X"
"..OX.XO.X","..OX.XO.X","O","0","-1","O.OX.XO.X"
"..OX.XO.X","..OX.XO.X","O","1","-1",".OOX.XO.X"
"..OX.XO.X","..OX.XO.X","O","7","-1","..OX.XOOX"
"..OX.XOOX","..OX.XOOX","X","4","1","..OXXXOOX"
"..OX.XOOX","..OX.XOOX","X","0","-1","X.OX.XOOX"
"..OX.XOOX","..OX.XOOX","X","1","-1",".XOX.XOOX"
"..OX.XOX.","..OX.XOX.","O","4","1","..OXOXOX."
"..OX.XOX.","..OX.XOX.","O","0","-1","O.OX.XOX."
"..OX.XOX.","..OX.XOX.","O","8","-1","..OX.XOXO"
"..OX.XOX.","..OX.XOX.","O","1","-1",".OOX.XOX."
"..OX.XOXO","..OX.XOXO","X","4","1","..OXXXOXO"
"..OX.XOXO","..OX.XOXO","X","0","-1","X.OX.XOXO"
"..OX.XOXO","..OX.XOXO","X","1","-1",".XOX.XOXO"
"..OX.XX.O","..OX.XX.O","O","4","-1","..OXOXX.O"
"..OX.XX.O","..OX.XX.O","O","0","-1","O.OX.XX.O"
"..OX.XX.O","..OX.XX.O","O","1","-1",".OOX.XX.O"
"..OX.XX.O","..OX.XX.O","O","7","-1","..OX.XXOO"
"..OX.XXO.","..OX.XXO.","O","4","-1","..OXOXXO."
"..OX.XXO.","..OX.XXO.","O","0","-1","O.OX.XXO."
"..OX.XXO.","..OX.XXO.","O","8","-1","..OX.XXOO"
"..OX.XXO.","..OX.XXO.","O","1","-1",".OOX.XXO."
"..OX.XXOO","..OX.XXOO","X","4","1","..OXXXXOO"
"..OX.XXOO","..OX.XXOO","X","0","1","X.OX.XXOO"
"..OX.XXOO","..OX.XXOO","X","1","1",".XOX.XXOO"
"..OXO...X","..OXO...X","X","0","-1","X.OXO...X"
"..OXO...X","..OXO...X","X","6","1","..OXO.X.X"
"..OXO...X","..OXO...X","X","1","-1",".XOXO...X"
"..OXO...X","..OXO...X","X","5","-1","..OXOX..X"
"..OXO...X","..OXO...X","X","7","-1","..OXO..XX"
"..OXO..X.","..OXO..X.","X","0","-1","X.OXO..X."
"..OXO..X.","..OXO..X.","X","6","1","..OXO.XX."
"..OXO..X.","..OXO..X.","X","8","-1","..OXO..XX"
"..OXO..X.","..OXO..X.","X","1","-1",".XOXO..X."
"..OXO..X.","..OXO..X.","X","5","-1","..OXOX.X."
"..OXO..XX","..OXO..XX","O","0","-1","O.OXO..XX"
"..OXO..XX","..OXO..XX","O","6","1","..OXO.OXX"
"..OXO..XX","..OXO..XX","O","1","-1",".OOXO..XX"
"..OXO..XX","..OXO..XX","O","5","-1","..OXOO.XX"
"..OXO.X..","..O.O.XX.","X","0","1","X.OXO.X.."
"..OXO.X..","..O.O.XX.","X","8","1","..OXO.X.X"
"..OXO.X..","..O.O.XX.","X","1","0",".XOXO.X.."
"..OXO.X..","..O.O.XX.","X","5","-1","..OXOXX.."
"..OXO.X..","..O.O.XX.","X","7","1","..OXO.XX."
"..OXO.X.X","..OXO.X.X","O","0","-1","O.OXO.X.X"
"..OXO.X.X","..OXO.X.X","O","1","-1",".OOXO.X.X"
"..OXO.X.X","..OXO.X.X","O","5","-1","..OXOOX.X"
"..OXO.X.X","..OXO.X.X","O","7","-1","..OXO.XOX"
"..OXO.XOX","..OXO.XOX","X","0","1","X.OXO.XOX"
"..OXO.XOX","..OXO.XOX","X","1","0",".XOXO.XOX"
"..OXO.XOX","..OXO.XOX","X","5","-1","..OXOXXOX"
"..OXO.XX.","..OXO.XX.","O","0","-1","O.OXO.XX."
"..OXO.XX.","..OXO.XX.","O","8","-1","..OXO.XXO"
"..OXO.XX.","..OXO.XX.","O","1","-1",".OOXO.XX."
"..OXO.XX.","..OXO.XX.","O","5","-1","..OXOOXX."
"..OXO.XXO","..OXO.XXO","X","0","1","X.OXO.XXO"
"..OXO.XXO","..OXO.XXO","X","1","-1",".XOXO.XXO"
"..OXO.XXO","..OXO.XXO","X","5","-1","..OXOXXXO"
"..OXOO.XX","..OXOO.XX","X","0","-1","X.OXOO.XX"
"..OXOO.XX","..OXOO.XX","X","6","1","..OXOOXXX"
"..OXOO.XX","..OXOO.XX","X","1","-1",".XOXOO.XX"
"..OXOOX.X","..OXOOX.X","X","0","1","X.OXOOX.X"
"..OXOOX.X","..OXOOX.X","X","1","1",".XOXOOX.X"
"..OXOOX.X","..OXOOX.X","X","7","1","..OXOOXXX"
"..OXOOXX.","..OXOOXX.","X","0","1","X.OXOOXX."
"..OXOOXX.","..OXOOXX.","X","8","1","..OXOOXXX"
"..OXOOXX.","..OXOOXX.","X","1","-1",".XOXOOXX."
"..OXOX...","...XOX..O","X","0","-1","X.OXOX..."
"..OXOX...","...XOX..O","X","6","-1","..OXOXX.."
"..OXOX...","...XOX..O","X","8","-1","..OXOX..X"
"..OXOX...","...XOX..O","X","1","-1",".XOXOX..."
"..OXOX...","...XOX..O","X","7","-1","..OXOX.X."
"..OXOX..X","..OXOX..X","O","0","1","O.OXOX..X"
"..OXOX..X","..OXOX..X","O","6","1","..OXOXO.X"
"..OXOX..X","..OXOX..X","O","1","1",".OOXOX..X"
"..OXOX..X","..OXOX..X","O","7","1","..OXOX.OX"
"..OXOX.OX","..OXOX.OX","X","0","-1","X.OXOX.OX"
"..OXOX.OX","..OXOX.OX","X","6","-1","..OXOXXOX"
"..OXOX.OX","..OXOX.OX","X","1","-1",".XOXOX.OX"
"..OXOX.X.","..OXOX.X.","O","0","1","O.OXOX.X."
"..OXOX.X.","..OXOX.X.","O","6","1","..OXOXOX."
"..OXOX.X.","..OXOX.X.","O","8","1","..OXOX.XO"
"..OXOX.X.","..OXOX.X.","O","1","1",".OOXOX.X."
"..OXOX.XO","..OXOX.XO","X","0","-1","X.OXOX.XO"
"..OXOX.XO","..OXOX.XO","X","6","-1","..OXOXXXO"
"..OXOX.XO","..OXOX.XO","X","1","-1",".XOXOX.XO"
"..OXOXX..","..OXOXX..","O","0","1","O.OXOXX.."
"..OXOXX..","..OXOXX..","O","8","-1","..OXOXX.O"
"..OXOXX..","..OXOXX..","O","1","-1",".OOXOXX.."
"..OXOXX..","..OXOXX..","O","7","-1","..OXOXXO."
"..OXOXX.O","..OXOXX.O","X","0","1","X.OXOXX.O"
"..OXOXX.O","..OXOXX.O","X","1","-1",".XOXOXX.O"
"..OXOXX.O","..OXOXX.O","X","7","-1","..OXOXXXO"
"..OXOXXO.","..OXOXXO.","X","0","1","X.OXOXXO."
"..OXOXXO.","..OXOXXO.","X","8","-1","..OXOXXOX"
"..OXOXXO.","..OXOXXO.","X","1","0",".XOXOXXO."
"..OXOXXOX","..OXOXXOX","O","0","0","O.OXOXXOX"
"..OXOXXOX","..OXOXXOX","O","1","1",".OOXOXXOX"
"..OXOXXXO","..OXOXXXO","O","0","1","O.OXOXXXO"
"..OXOXXXO","..OXOXXXO","O","1","-1",".OOXOXXXO"
"..OXX....","....XXO..","O","0","-1","O.OXX...."
"..OXX....","....XXO..","O","6","-1","..OXX.O.."
"..OXX....","....XXO..","O","8","-1","..OXX...O"
"..OXX....","....XXO..","O","1","-1",".OOXX...."
"..OXX....","....XXO..","O","5","0","..OXXO..."
"..OXX....","....XXO..","O","7","-1","..OXX..O."
"..OXX...O","..OXX...O","X","0","-1","X.OXX...O"
"..OXX...O","..OXX...O","X","6","-1","..OXX.X.O"
"..OXX...O","..OXX...O","X","1","-1",".XOXX...O"
"..OXX...O","..OXX...O","X","5","1","..OXXX..O"
"..OXX...O","..OXX...O","X","7","-1","..OXX..XO"
"..OXX..O.","..OOX..X.","X","0","1","X.OXX..O."
"..OXX..O.","..OOX..X.","X","6","1","..OXX.XO."
"..OXX..O.","..OOX..X.","X","8","1","..OXX..OX"
"..OXX..O.","..OOX..X.","X","1","0",".XOXX..O."
"..OXX..O.","..OOX..X.","X","5","1","..OXXX.O."
"..OXX..OX","..OXX..OX","O","0","-1","O.OXX..OX"
"..OXX..OX","..OXX..OX","O","6","-1","..OXX.OOX"
"..OXX..OX","..OXX..OX","O","1","-1",".OOXX..OX"
"..OXX..OX","..OXX..OX","O","5","-1","..OXXO.OX"
"..OXX..XO","..OXX..XO","O","0","-1","O.OXX..XO"
"..OXX..XO","..OXX..XO","O","6","-1","..OXX.OXO"
"..OXX..XO","..OXX..XO","O","1","-1",".OOXX..XO"
"..OXX..XO","..OXX..XO","O","5","1","..OXXO.XO"
"..OXX.O..","..O.X.OX.","X","0","1","X.OXX.O.."
"..OXX.O..","..O.X.OX.","X","8","1","..OXX.O.X"
"..OXX.O..","..O.X.OX.","X","1","1",".XOXX.O.."
"..OXX.O..","..O.X.OX.","X","5","1","..OXXXO.."
"..OXX.O..","..O.X.OX.","X","7","1","..OXX.OX."
"..OXX.O.X","..OXX.O.X","O","0","-1","O.OXX.O.X"
"..OXX.O.X","..OXX.O.X","O","1","-1",".OOXX.O.X"
"..OXX.O.X","..OXX.O.X","O","5","-1","..OXXOO.X"
"..OXX.O.X","..OXX.O.X","O","7","-1","..OXX.OOX"
"..OXX.OOX","..OXX.OOX","X","0","1","X.OXX.OOX"
"..OXX.OOX","..OXX.OOX","X","1","1",".XOXX.OOX"
"..OXX.OOX","..OXX.OOX","X","5","1","..OXXXOOX"
"..OXX.OX.","..OXX.OX.","O","0","-1","O.OXX.OX."
"..OXX.OX.","..OXX.OX.","O","8","-1","..OXX.OXO"
"..OXX.OX.","..OXX.OX.","O","1","-1",".OOXX.OX."
"..OXX.OX.","..OXX.OX.","O","5","-1","..OXXOOX."
"..OXX.OXO","..OXX.OXO","X","0","-1","X.OXX.OXO"
"..OXX.OXO","..OXX.OXO","X","1","1",".XOXX.OXO"
"..OXX.OXO","..OXX.OXO","X","5","1","..OXXXOXO"
"..OXX.X.O","..OXX.X.O","O","0","-1","O.OXX.X.O"
"..OXX.X.O","..OXX.X.O","O","1","-1",".OOXX.X.O"
"..OXX.X.O","..OXX.X.O","O","5","1","..OXXOX.O"
"..OXX.X.O","..OXX.X.O","O","7","-1","..OXX.XOO"
"..OXX.XO.","..OOX.XX.","O","0","-1","O.OXX.XO."
"..OXX.XO.","..OOX.XX.","O","8","-1","..OXX.XOO"
"..OXX.XO.","..OOX.XX.","O","1","-1",".OOXX.XO."
"..OXX.XO.","..OOX.XX.","O","5","-1","..OXXOXO."
"..OXX.XOO","..OXX.XOO","X","0","1","X.OXX.XOO"
"..OXX.XOO","..OXX.XOO","X","1","-1",".XOXX.XOO"
"..OXX.XOO","..OXX.XOO","X","5","1","..OXXXXOO"
"..OXXO...","...OXXO..","X","0","-1","X.OXXO..."
"..OXXO...","...OXXO..","X","6","-1","..OXXOX.."
"..OXXO...","...OXXO..","X","8","0","..OXXO..X"
"..OXXO...","...OXXO..","X","1","-1",".XOXXO..."
"..OXXO...","...OXXO..","X","7","-1","..OXXO.X."
"..OXXO..X","..OXXO..X","O","0","0","O.OXXO..X"
"..OXXO..X","..OXXO..X","O","6","-1","..OXXOO.X"
"..OXXO..X","..OXXO..X","O","1","-1",".OOXXO..X"
"..OXXO..X","..OXXO..X","O","7","-1","..OXXO.OX"
"..OXXO.OX","..OXXO.OX","X","0","1","X.OXXO.OX"
"..OXXO.OX","..OXXO.OX","X","6","0","..OXXOXOX"
"..OXXO.OX","..OXXO.OX","X","1","0",".XOXXO.OX"
"..OXXO.X.","..OXXO.X.","O","0","-1","O.OXXO.X."
"..OXXO.X.","..OXXO.X.","O","6","-1","..OXXOOX."
"..OXXO.X.","..OXXO.X.","O","8","1","..OXXO.XO"
"..OXXO.X.","..OXXO.X.","O","1","1",".OOXXO.X."
"..OXXOO.X","..OXXOO.X","X","0","1","X.OXXOO.X"
"..OXXOO.X","..OXXOO.X","X","1","1",".XOXXOO.X"
"..OXXOO.X","..OXXOO.X","X","7","1","..OXXOOXX"
"..OXXOOX.","..OXXOOX.","X","0","-1","X.OXXOOX."
"..OXXOOX.","..OXXOOX.","X","8","1","..OXXOOXX"
"..OXXOOX.","..OXXOOX.","X","1","1",".XOXXOOX."
"..OXXOOXX","..OXXOOXX","O","0","-1","O.OXXOOXX"
"..OXXOOXX","..OXXOOXX","O","1","-1",".OOXXOOXX"
"..OXXOX..","..OXXOX..","O","0","1","O.OXXOX.."
"..OXXOX..","..OXXOX..","O","8","1","..OXXOX.O"
"..OXXOX..","..OXXOX..","O","1","-1",".OOXXOX.."
"..OXXOX..","..OXXOX..","O","7","-1","..OXXOXO."
"..OXXOXO.","..OXXOXO.","X","0","1","X.OXXOXO."
"..OXXOXO.","..OXXOXO.","X","8","0","..OXXOXOX"
"..OXXOXO.","..OXXOXO.","X","1","-1",".XOXXOXO."
"..OXXOXOX","..OXXOXOX","O","0","0","O.OXXOXOX"
"..OXXOXOX","..OXXOXOX","O","1","-1",".OOXXOXOX"
"..X......","........X","O","4","0","..X.O...."
"..X......","........X","O","0","-1","O.X......"
"..X......","........X","O","6","-1","..X...O.."
"..X......","........X","O","8","-1","..X.....O"
"..X......","........X","O","1","-1",".OX......"
"..X......","........X","O","3","-1","..XO....."
"..X......","........X","O","5","-1","..X..O..."
"..X......","........X","O","7","-1","..X....O."
"..X.....O","......O.X","X","4","0","..X.X...O"
"..X.....O","......O.X","X","0","1","X.X.....O"
"..X.....O","......O.X","X","6","1","..X...X.O"
"..X.....O","......O.X","X","1","1",".XX.....O"
"..X.....O","......O.X","X","3","0","..XX....O"
"..X.....O","......O.X","X","5","-1","..X..X..O"
"..X.....O","......O.X","X","7","0","..X....XO"
"..X....O.",".....OX..","X","4","1","..X.X..O."
"..X....O.",".....OX..","X","0","1","X.X....O."
"..X....O.",".....OX..","X","6","0","..X...XO."
"..X....O.",".....OX..","X","8","1","..X....OX"
"..X....O.",".....OX..","X","1","0",".XX....O."
"..X....O.",".....OX..","X","3","0","..XX...O."
"..X....O.",".....OX..","X","5","-1","..X..X.O."
"..X....OX",".....OX.X","O","4","-1","..X.O..OX"
"..X....OX",".....OX.X","O","0","-1","O.X....OX"
"..X....OX",".....OX.X","O","6","-1","..X...OOX"
"..X....OX",".....OX.X","O","1","-1",".OX....OX"
"..X....OX",".....OX.X","O","3","-1","..XO...OX"
"..X....OX",".....OX.X","O","5","-1","..X..O.OX"
"..X....XO",".....XX.O","O","4","0","..X.O..XO"
"..X....XO",".....XX.O","O","0","-1","O.X....XO"
"..X....XO",".....XX.O","O","6","-1","..X...OXO"
"..X....XO",".....XX.O","O","1","0",".OX....XO"
"..X....XO",".....XX.O","O","3","-1","..XO...XO"
"..X....XO",".....XX.O","O","5","-1","..X..O.XO"
"..X...O..","..O...X..","X","4","0","..X.X.O.."
"..X...O..","..O...X..","X","0","1","X.X...O.."
"..X...O..","..O...X..","X","8","1","..X...O.X"
"..X...O..","..O...X..","X","1","-1",".XX...O.."
"..X...O..","..O...X..","X","3","0","..XX..O.."
"..X...O..","..O...X..","X","5","-1","..X..XO.."
"..X...O..","..O...X..","X","7","0","..X...OX."
"..X...O.X","..O...X.X","O","4","-1","..X.O.O.X"
"..X...O.X","..O...X.X","O","0","-1","O.X...O.X"
"..X...O.X","..O...X.X","O","1","-1",".OX...O.X"
"..X...O.X","..O...X.X","O","3","-1","..XO..O.X"
"..X...O.X","..O...X.X","O","5","-1","..X..OO.X"
"..X...O.X","..O...X.X","O","7","-1","..X...OOX"
"..X...OOX","..O..OX.X","X","4","1","..X.X.OOX"
"..X...OOX","..O..OX.X","X","0","1","X.X...OOX"
"..X...OOX","..O..OX.X","X","1","1",".XX...OOX"
"..X...OOX","..O..OX.X","X","3","1","..XX..OOX"
"..X...OOX","..O..OX.X","X","5","1","..X..XOOX"
"..X...OX.","..O..XX..","O","4","0","..X.O.OX."
"..X...OX.","..O..XX..","O","0","0","O.X...OX."
"..X...OX.","..O..XX..","O","8","-1","..X...OXO"
"..X...OX.","..O..XX..","O","1","0",".OX...OX."
"..X...OX.","..O..XX..","O","3","-1","..XO..OX."
"..X...OX.","..O..XX..","O","5","-1","..X..OOX."
"..X...OXO","..O..XX.O","X","4","0","..X.X.OXO"
"..X...OXO","..O..XX.O","X","0","0","X.X...OXO"
"..X...OXO","..O..XX.O","X","1","1",".XX...OXO"
"..X...OXO","..O..XX.O","X","3","0","..XX..OXO"
"..X...OXO","..O..XX.O","X","5","-1","..X..XOXO"
"..X...X.O","..X...X.O","O","4","-1","..X.O.X.O"
"..X...X.O","..X...X.O","O","0","-1","O.X...X.O"
"..X...X.O","..X...X.O","O","1","-1",".OX...X.O"
"..X...X.O","..X...X.O","O","3","-1","..XO..X.O"
"..X...X.O","..X...X.O","O","5","-1","..X..OX.O"
"..X...X.O","..X...X.O","O","7","-1","..X...XOO"
"..X...XO.","..X...XO.","O","4","0","..X.O.XO."
"..X...XO.","..X...XO.","O","0","-1","O.X...XO."
"..X...XO.","..X...XO.","O","8","-1","..X...XOO"
"..X...XO.","..X...XO.","O","1","-1",".OX...XO."
"..X...XO.","..X...XO.","O","3","-1","..XO..XO."
"..X...XO.","..X...XO.","O","5","-1","..X..OXO."
"..X...XOO","..X...XOO","X","4","1","..X.X.XOO"
"..X...XOO","..X...XOO","X","0","1","X.X...XOO"
"..X...XOO","..X...XOO","X","1","1",".XX...XOO"
"..X...XOO","..X...XOO","X","3","1","..XX..XOO"
"..X...XOO","..X...XOO","X","5","-1","..X..XXOO"
"..X..O...",".......OX","X","4","1","..X.XO..."
"..X..O...",".......OX","X","0","1","X.X..O..."
"..X..O...",".......OX","X","6","0","..X..OX.."
"..X..O...",".......OX","X","8","0","..X..O..X"
"..X..O...",".......OX","X","1","1",".XX..O..."
"..X..O...",".......OX","X","3","0","..XX.O..."
"..X..O...",".......OX","X","7","0","..X..O.X."
"..X..O..X","......XOX","O","4","0","..X.OO..X"
"..X..O..X","......XOX","O","0","-1","O.X..O..X"
"..X..O..X","......XOX","O","6","-1","..X..OO.X"
"..X..O..X","......XOX","O","1","-1",".OX..O..X"
"..X..O..X","......XOX","O","3","-1","..XO.O..X"
"..X..O..X","......XOX","O","7","-1","..X..O.OX"
"..X..O.OX",".....OXOX","X","4","1","..X.XO.OX"
"..X..O.OX",".....OXOX","X","0","1","X.X..O.OX"
"..X..O.OX",".....OXOX","X","6","-1","..X..OXOX"
"..X..O.OX",".....OXOX","X","1","0",".XX..O.OX"
"..X..O.OX",".....OXOX","X","3","0","..XX.O.OX"
"..X..O.X.",".....XXO.","O","4","0","..X.OO.X."
"..X..O.X.",".....XXO.","O","0","-1","O.X..O.X."
"..X..O.X.",".....XXO.","O","6","-1","..X..OOX."
"..X..O.X.",".....XXO.","O","8","-1","..X..O.XO"
"..X..O.X.",".....XXO.","O","1","-1",".OX..O.X."
"..X..O.X.",".....XXO.","O","3","-1","..XO.O.X."
"..X..O.XO",".....XXOO","X","4","1","..X.XO.XO"
"..X..O.XO",".....XXOO","X","0","1","X.X..O.XO"
"..X..O.XO",".....XXOO","X","6","-1","..X..OXXO"
"..X..O.XO",".....XXOO","X","1","1",".XX..O.XO"
"..X..O.XO",".....XXOO","X","3","1","..XX.O.XO"
"..X..OO.X","..O...XOX","X","4","0","..X.XOO.X"
"..X..OO.X","..O...XOX","X","0","1","X.X..OO.X"
"..X..OO.X","..O...XOX","X","1","0",".XX..OO.X"
"..X..OO.X","..O...XOX","X","3","0","..XX.OO.X"
"..X..OO.X","..O...XOX","X","7","-1","..X..OOXX"
"..X..OOX.","..O..XXO.","X","4","0","..X.XOOX."
"..X..OOX.","..O..XXO.","X","0","0","X.X..OOX."
"..X..OOX.","..O..XXO.","X","8","-1","..X..OOXX"
"..X..OOX.","..O..XXO.","X","1","1",".XX..OOX."
"..X..OOX.","..O..XXO.","X","3","0","..XX.OOX."
"..X..OOXX","..O..XXOX","O","4","0","..X.OOOXX"
"..X..OOXX","..O..XXOX","O","0","0","O.X..OOXX"
"..X..OOXX","..O..XXOX","O","1","0",".OX..OOXX"
"..X..OOXX","..O..XXOX","O","3","1","..XO.OOXX"
"..X..OX..","..X...XO.","O","4","0","..X.OOX.."
"..X..OX..","..X...XO.","O","0","-1","O.X..OX.."
"..X..OX..","..X...XO.","O","8","-1","..X..OX.O"
"..X..OX..","..X...XO.","O","1","-1",".OX..OX.."
"..X..OX..","..X...XO.","O","3","-1","..XO.OX.."
"..X..OX..","..X...XO.","O","7","-1","..X..OXO."
"..X..OX.O","..X...XOO","X","4","1","..X.XOX.O"
"..X..OX.O","..X...XOO","X","0","1","X.X..OX.O"
"..X..OX.O","..X...XOO","X","1","1",".XX..OX.O"
"..X..OX.O","..X...XOO","X","3","1","..XX.OX.O"
"..X..OX.O","..X...XOO","X","7","-1","..X..OXXO"
"..X..OXO.","..X..OXO.","X","4","1","..X.XOXO."
"..X..OXO.","..X..OXO.","X","0","1","X.X..OXO."
"..X..OXO.","..X..OXO.","X","8","-1","..X..OXOX"
"..X..OXO.","..X..OXO.","X","1","1",".XX..OXO."
"..X..OXO.","..X..OXO.","X","3","1","..XX.OXO."
"..X..OXOX","..X..OXOX","O","4","1","..X.OOXOX"
"..X..OXOX","..X..OXOX","O","0","-1","O.X..OXOX"
"..X..OXOX","..X..OXOX","O","1","-1",".OX..OXOX"
"..X..OXOX","..X..OXOX","O","3","-1","..XO.OXOX"
"..X..OXXO","..X..OXXO","O","4","1","..X.OOXXO"
"..X..OXXO","..X..OXXO","O","0","-1","O.X..OXXO"
"..X..OXXO","..X..OXXO","O","1","-1",".OX..OXXO"
"..X..OXXO","..X..OXXO","O","3","-1","..XO.OXXO"
"..X..X..O","......OXX","O","4","0","..X.OX..O"
"..X..X..O","......OXX","O","0","-1","O.X..X..O"
"..X..X..O","......OXX","O","6","1","..X..XO.O"
"..X..X..O","......OXX","O","1","-1",".OX..X..O"
"..X..X..O","......OXX","O","3","0","..XO.X..O"
"..X..X..O","......OXX","O","7","1","..X..X.OO"
"..X..X.O.",".....OXX.","O","4","-1","..X.OX.O."
"..X..X.O.",".....OXX.","O","0","-1","O.X..X.O."
"..X..X.O.",".....OXX.","O","6","-1","..X..XOO."
"..X..X.O.",".....OXX.","O","8","1","..X..X.OO"
"..X..X.O.",".....OXX.","O","1","-1",".OX..X.O."
"..X..X.O.",".....OXX.","O","3","-1","..XO.X.O."
"..X..X.OO",".....OXXO","X","4","-1","..X.XX.OO"
"..X..X.OO",".....OXXO","X","0","-1","X.X..X.OO"
"..X..X.OO",".....OXXO","X","6","-1","..X..XXOO"
"..X..X.OO",".....OXXO","X","1","-1",".XX..X.OO"
"..X..X.OO",".....OXXO","X","3","-1","..XX.X.OO"
"..X..XO..","..O...XX.","O","4","-1","..X.OXO.."
"..X..XO..","..O...XX.","O","0","-1","O.X..XO.."
"..X..XO..","..O...XX.","O","8","1","..X..XO.O"
"..X..XO..","..O...XX.","O","1","-1",".OX..XO.."
"..X..XO..","..O...XX.","O","3","-1","..XO.XO.."
"..X..XO..","..O...XX.","O","7","-1","..X..XOO."
"..X..XO.O","..O...XXO","X","4","-1","..X.XXO.O"
"..X..XO.O","..O...XXO","X","0","-1","X.X..XO.O"
"..X..XO.O","..O...XXO","X","1","-1",".XX..XO.O"
"..X..XO.O","..O...XXO","X","3","-1","..XX.XO.O"
"..X..XO.O","..O...XXO","X","7","-1","..X..XOXO"
"..X..XOO.","..O..OXX.","X","4","-1","..X.XXOO."
"..X..XOO.","..O..OXX.","X","0","-1","X.X..XOO."
"..X..XOO.","..O..OXX.","X","8","1","..X..XOOX"
"..X..XOO.","..O..OXX.","X","1","-1",".XX..XOO."
"..X..XOO.","..O..OXX.","X","3","-1","..XX.XOO."
"..X..XOXO","..O..XXXO","O","4","0","..X.OXOXO"
"..X..XOXO","..O..XXXO","O","0","1","O.X..XOXO"
"..X..XOXO","..O..XXXO","O","1","0",".OX..XOXO"
"..X..XOXO","..O..XXXO","O","3","0","..XO.XOXO"
"..X..XXOO","..X..OXXO","O","4","1","..X.OXXOO"
"..X..XXOO","..X..OXXO","O","0","-1","O.X..XXOO"
"..X..XXOO","..X..OXXO","O","1","-1",".OX..XXOO"
"..X..XXOO","..X..OXXO","O","3","-1","..XO.XXOO"
"..X.O....","....O...X","X","0","0","X.X.O...."
"..X.O....","....O...X","X","6","0","..X.O.X.."
"..X.O....","....O...X","X","8","0","..X.O...X"
"..X.O....","....O...X","X","1","0",".XX.O...."
"..X.O....","....O...X","X","3","0","..XXO...."
"..X.O....","....O...X","X","5","0","..X.OX..."
"..X.O....","....O...X","X","7","0","..X.O..X."
"..X.O...X","....O.X.X","O","0","-1","O.X.O...X"
"..X.O...X","....O.X.X","O","6","-1","..X.O.O.X"
"..X.O...X","....O.X.X","O","1","-1",".OX.O...X"
"..X.O...X","....O.X.X","O","3","-1","..XOO...X"
"..X.O...X","....O.X.X","O","5","0","..X.OO..X"
"..X.O...X","....O.X.X","O","7","-1","..X.O..OX"
"..X.O..OX","....OOX.X","X","0","-1","X.X.O..OX"
"..X.O..OX","....OOX.X","X","6","-1","..X.O.XOX"
"..X.O..OX","....OOX.X","X","1","1",".XX.O..OX"
"..X.O..OX","....OOX.X","X","3","-1","..XXO..OX"
"..X.O..OX","....OOX.X","X","5","1","..X.OX.OX"
"..X.O..X.","....OXX..","O","0","-1","O.X.O..X."
"..X.O..X.","....OXX..","O","6","0","..X.O.OX."
"..X.O..X.","....OXX..","O","8","0","..X.O..XO"
"..X.O..X.","....OXX..","O","1","-1",".OX.O..X."
"..X.O..X.","....OXX..","O","3","0","..XOO..X."
"..X.O..X.","....OXX..","O","5","0","..X.OO.X."
"..X.O..XO","....OXX.O","X","0","0","X.X.O..XO"
"..X.O..XO","....OXX.O","X","6","-1","..X.O.XXO"
"..X.O..XO","....OXX.O","X","1","-1",".XX.O..XO"
"..X.O..XO","....OXX.O","X","3","-1","..XXO..XO"
"..X.O..XO","....OXX.O","X","5","-1","..X.OX.XO"
"..X.O.O.X","..O.O.X.X","X","0","1","X.X.O.O.X"
"..X.O.O.X","..O.O.X.X","X","1","1",".XX.O.O.X"
"..X.O.O.X","..O.O.X.X","X","3","0","..XXO.O.X"
"..X.O.O.X","..O.O.X.X","X","5","1","..X.OXO.X"
"..X.O.O.X","..O.O.X.X","X","7","0","..X.O.OXX"
"..X.O.OX.","..O.OXX..","X","0","0","X.X.O.OX."
"..X.O.OX.","..O.OXX..","X","8","0","..X.O.OXX"
"..X.O.OX.","..O.OXX..","X","1","-1",".XX.O.OX."
"..X.O.OX.","..O.OXX..","X","3","0","..XXO.OX."
"..X.O.OX.","..O.OXX..","X","5","0","..X.OXOX."
"..X.O.OXX","..O.OXX.X","O","0","-1","O.X.O.OXX"
"..X.O.OXX","..O.OXX.X","O","1","-1",".OX.O.OXX"
"..X.O.OXX","..O.OXX.X","O","3","-1","..XOO.OXX"
"..X.O.OXX","..O.OXX.X","O","5","0","..X.OOOXX"
"..X.O.X..","..X.O.X..","O","0","-1","O.X.O.X.."
"..X.O.X..","..X.O.X..","O","8","-1","..X.O.X.O"
"..X.O.X..","..X.O.X..","O","1","0",".OX.O.X.."
"..X.O.X..","..X.O.X..","O","3","0","..XOO.X.."
"..X.O.X..","..X.O.X..","O","5","0","..X.OOX.."
"..X.O.X..","..X.O.X..","O","7","0","..X.O.XO."
"..X.O.X.O","..X.O.X.O","X","0","1","X.X.O.X.O"
"..X.O.X.O","..X.O.X.O","X","1","-1",".XX.O.X.O"
"..X.O.X.O","..X.O.X.O","X","3","-1","..XXO.X.O"
"..X.O.X.O","..X.O.X.O","X","5","-1","..X.OXX.O"
"..X.O.X.O","..X.O.X.O","X","7","-1","..X.O.XXO"
"..X.O.XO.","..X.O.XO.","X","0","-1","X.X.O.XO."
"..X.O.XO.","..X.O.XO.","X","8","-1","..X.O.XOX"
"..X.O.XO.","..X.O.XO.","X","1","0",".XX.O.XO."
"..X.O.XO.","..X.O.XO.","X","3","-1","..XXO.XO."
"..X.O.XO.","..X.O.XO.","X","5","-1","..X.OXXO."
"..X.O.XOX","..X.O.XOX","O","0","-1","O.X.O.XOX"
"..X.O.XOX","..X.O.XOX","O","1","1",".OX.O.XOX"
"..X.O.XOX","..X.O.XOX","O","3","-1","..XOO.XOX"
"..X.O.XOX","..X.O.XOX","O","5","1","..X.OOXOX"
"..X.O.XXO","..X.O.XXO","O","0","1","O.X.O.XXO"
"..X.O.XXO","..X.O.XXO","O","1","0",".OX.O.XXO"
"..X.O.XXO","..X.O.XXO","O","3","1","..XOO.XXO"
"..X.O.XXO","..X.O.XXO","O","5","1","..X.OOXXO"
"..X.OO..X","....O.XOX","X","0","-1","X.X.OO..X"
"..X.OO..X","....O.XOX","X","6","-1","..X.OOX.X"
"..X.OO..X","....O.XOX","X","1","-1",".XX.OO..X"
"..X.OO..X","....O.XOX","X","3","0","..XXOO..X"
"..X.OO..X","....O.XOX","X","7","-1","..X.OO.XX"
"..X.OO.X.","....OXXO.","X","0","-1","X.X.OO.X."
"..X.OO.X.","....OXXO.","X","6","-1","..X.OOXX."
"..X.OO.X.","....OXXO.","X","8","-1","..X.OO.XX"
"..X.OO.X.","....OXXO.","X","1","-1",".XX.OO.X."
"..X.OO.X.","....OXXO.","X","3","0","..XXOO.X."
"..X.OO.XX","....OXXOX","O","0","-1","O.X.OO.XX"
"..X.OO.XX","....OXXOX","O","6","0","..X.OOOXX"
"..X.OO.XX","....OXXOX","O","1","-1",".OX.OO.XX"
"..X.OO.XX","....OXXOX","O","3","1","..XOOO.XX"
"..X.OOOXX","..O.OXXOX","X","0","-1","X.X.OOOXX"
"..X.OOOXX","..O.OXXOX","X","1","-1",".XX.OOOXX"
"..X.OOOXX","..O.OXXOX","X","3","0","..XXOOOXX"
"..X.OOX..","..X.O.XO.","X","0","-1","X.X.OOX.."
"..X.OOX..","..X.O.XO.","X","8","-1","..X.OOX.X"
"..X.OOX..","..X.O.XO.","X","1","-1",".XX.OOX.."
"..X.OOX..","..X.O.XO.","X","3","0","..XXOOX.."
"..X.OOX..","..X.O.XO.","X","7","-1","..X.OOXX."
"..X.OOX.X","..X.O.XOX","O","0","-1","O.X.OOX.X"
"..X.OOX.X","..X.O.XOX","O","1","-1",".OX.OOX.X"
"..X.OOX.X","..X.O.XOX","O","3","1","..XOOOX.X"
"..X.OOX.X","..X.O.XOX","O","7","1","..X.OOXOX"
"..X.OOXOX","..X.OOXOX","X","0","-1","X.X.OOXOX"
"..X.OOXOX","..X.OOXOX","X","1","-1",".XX.OOXOX"
"..X.OOXOX","..X.OOXOX","X","3","-1","..XXOOXOX"
"..X.OOXX.","..X.OOXX.","O","0","-1","O.X.OOXX."
"..X.OOXX.","..X.OOXX.","O","8","1","..X.OOXXO"
"..X.OOXX.","..X.OOXX.","O","1","-1",".OX.OOXX."
"..X.OOXX.","..X.OOXX.","O","3","1","..XOOOXX."
"..X.OOXXO","..X.OOXXO","X","0","-1","X.X.OOXXO"
"..X.OOXXO","..X.OOXXO","X","1","-1",".XX.OOXXO"
"..X.OOXXO","..X.OOXXO","X","3","-1","..XXOOXXO"
"..X.OX...","....O..XX","O","0","-1","O.X.OX..."
"..X.OX...","....O..XX","O","6","-1","..X.OXO.."
"..X.OX...","....O..XX","O","8","0","..X.OX..O"
"..X.OX...","....O..XX","O","1","-1",".OX.OX..."
"..X.OX...","....O..XX","O","3","-1","..XOOX..."
"..X.OX...","....O..XX","O","7","-1","..X.OX.O."
"..X.OX..O","....O.OXX","X","0","0","X.X.OX..O"
"..X.OX..O","....O.OXX","X","6","-1","..X.OXX.O"
"..X.OX..O","....O.OXX","X","1","-1",".XX.OX..O"
"..X.OX..O","....O.OXX","X","3","-1","..XXOX..O"
"..X.OX..O","....O.OXX","X","7","-1","..X.OX.XO"
"..X.OX.O.","....OOXX.","X","0","-1","X.X.OX.O."
"..X.OX.O.","....OOXX.","X","6","-1","..X.OXXO."
"..X.OX.O.","....OOXX.","X","8","1","..X.OX.OX"
"..X.OX.O.","....OOXX.","X","1","1",".XX.OX.O."
"..X.OX.O.","....OOXX.","X","3","-1","..XXOX.O."
"..X.OX.XO","....OXXXO","O","0","1","O.X.OX.XO"
"..X.OX.XO","....OXXXO","O","6","0","..X.OXOXO"
"..X.OX.XO","....OXXXO","O","1","0",".OX.OX.XO"
"..X.OX.XO","....OXXXO","O","3","0","..XOOX.XO"
"..X.OXO..","..O.O.XX.","X","0","1","X.X.OXO.."
"..X.OXO..","..O.O.XX.","X","8","1","..X.OXO.X"
"..X.OXO..","..O.O.XX.","X","1","1",".XX.OXO.."
"..X.OXO..","..O.O.XX.","X","3","-1","..XXOXO.."
"..X.OXO..","..O.O.XX.","X","7","0","..X.OXOX."
"..X.OXOX.","..O.OXXX.","O","0","-1","O.X.OXOX."
"..X.OXOX.","..O.OXXX.","O","8","0","..X.OXOXO"
"..X.OXOX.","..O.OXXX.","O","1","-1",".OX.OXOX."
"..X.OXOX.","..O.OXXX.","O","3","-1","..XOOXOX."
"..X.OXOXO","..O.OXXXO","X","0","0","X.X.OXOXO"
"..X.OXOXO","..O.OXXXO","X","1","-1",".XX.OXOXO"
"..X.OXOXO","..O.OXXXO","X","3","-1","..XXOXOXO"
"..X.OXX.O","..X.O.XXO","O","0","1","O.X.OXX.O"
"..X.OXX.O","..X.O.XXO","O","1","1",".OX.OXX.O"
"..X.OXX.O","..X.O.XXO","O","3","0","..XOOXX.O"
"..X.OXX.O","..X.O.XXO","O","7","1","..X.OXXOO"
"..X.OXXO.","..X.OOXX.","O","0","-1","O.X.OXXO."
"..X.OXXO.","..X.OOXX.","O","8","1","..X.OXXOO"
"..X.OXXO.","..X.OOXX.","O","1","1",".OX.OXXO."
"..X.OXXO.","..X.OOXX.","O","3","-1","..XOOXXO."
"..X.OXXOO","..X.OOXXO","X","0","-1","X.X.OXXOO"
"..X.OXXOO","..X.OOXXO","X","1","-1",".XX.OXXOO"
"..X.OXXOO","..X.OOXXO","X","3","-1","..XXOXXOO"
"..X.X...O","....X.O.X","O","0","-1","O.X.X...O"
"..X.X...O","....X.O.X","O","6","0","..X.X.O.O"
"..X.X...O","....X.O.X","O","1","-1",".OX.X...O"
"..X.X...O","....X.O.X","O","3","-1","..XOX...O"
"..X.X...O","....X.O.X","O","5","-1","..X.XO..O"
"..X.X...O","....X.O.X","O","7","-1","..X.X..OO"
"..X.X..O.","....XOX..","O","0","-1","O.X.X..O."
"..X.X..O.","....XOX..","O","6","-1","..X.X.OO."
"..X.X..O.","....XOX..","O","8","-1","..X.X..OO"
"..X.X..O.","....XOX..","O","1","-1",".OX.X..O."
"..X.X..O.","....XOX..","O","3","-1","..XOX..O."
"..X.X..O.","....XOX..","O","5","-1","..X.XO.O."
"..X.X..OO","....XOX.O","X","0","-1","X.X.X..OO"
"..X.X..OO","....XOX.O","X","6","1","..X.X.XOO"
"..X.X..OO","....XOX.O","X","1","-1",".XX.X..OO"
"..X.X..OO","....XOX.O","X","3","-1","..XXX..OO"
"..X.X..OO","....XOX.O","X","5","-1","..X.XX.OO"
"..X.X.O..","..O.X.X..","O","0","0","O.X.X.O.."
"..X.X.O..","..O.X.X..","O","8","0","..X.X.O.O"
"..X.X.O..","..O.X.X..","O","1","-1",".OX.X.O.."
"..X.X.O..","..O.X.X..","O","3","-1","..XOX.O.."
"..X.X.O..","..O.X.X..","O","5","-1","..X.XOO.."
"..X.X.O..","..O.X.X..","O","7","-1","..X.X.OO."
"..X.X.O.O","..O.X.X.O","X","0","-1","X.X.X.O.O"
"..X.X.O.O","..O.X.X.O","X","1","-1",".XX.X.O.O"
"..X.X.O.O","..O.X.X.O","X","3","-1","..XXX.O.O"
"..X.X.O.O","..O.X.X.O","X","5","-1","..X.XXO.O"
"..X.X.O.O","..O.X.X.O","X","7","0","..X.X.OXO"
"..X.X.OO.","..O.XOX..","X","0","-1","X.X.X.OO."
"..X.X.OO.","..O.XOX..","X","8","1","..X.X.OOX"
"..X.X.OO.","..O.XOX..","X","1","-1",".XX.X.OO."
"..X.X.OO.","..O.XOX..","X","3","-1","..XXX.OO."
"..X.X.OO.","..O.XOX..","X","5","-1","..X.XXOO."
"..X.X.OOX","..O.XOX.X","O","0","-1","O.X.X.OOX"
"..X.X.OOX","..O.XOX.X","O","1","-1",".OX.X.OOX"
"..X.X.OOX","..O.XOX.X","O","3","-1","..XOX.OOX"
"..X.X.OOX","..O.XOX.X","O","5","-1","..X.XOOOX"
"..X.X.OXO","..O.XXX.O","O","0","-1","O.X.X.OXO"
"..X.X.OXO","..O.XXX.O","O","1","0",".OX.X.OXO"
"..X.X.OXO","..O.XXX.O","O","3","-1","..XOX.OXO"
"..X.X.OXO","..O.XXX.O","O","5","-1","..X.XOOXO"
"..X.XO...","....X..OX","O","0","-1","O.X.XO..."
"..X.XO...","....X..OX","O","6","-1","..X.XOO.."
"..X.XO...","....X..OX","O","8","-1","..X.XO..O"
"..X.XO...","....X..OX","O","1","-1",".OX.XO..."
"..X.XO...","....X..OX","O","3","-1","..XOXO..."
"..X.XO...","....X..OX","O","7","-1","..X.XO.O."
"..X.XO..O","....X.OOX","X","0","1","X.X.XO..O"
"..X.XO..O","....X.OOX","X","6","1","..X.XOX.O"
"..X.XO..O","....X.OOX","X","1","1",".XX.XO..O"
"..X.XO..O","....X.OOX","X","3","0","..XXXO..O"
"..X.XO..O","....X.OOX","X","7","1","..X.XO.XO"
"..X.XO.O.","....XOXO.","X","0","1","X.X.XO.O."
"..X.XO.O.","....XOXO.","X","6","1","..X.XOXO."
"..X.XO.O.","....XOXO.","X","8","1","..X.XO.OX"
"..X.XO.O.","....XOXO.","X","1","1",".XX.XO.O."
"..X.XO.O.","....XOXO.","X","3","0","..XXXO.O."
"..X.XO.OX","....XOXOX","O","0","-1","O.X.XO.OX"
"..X.XO.OX","....XOXOX","O","6","-1","..X.XOOOX"
"..X.XO.OX","....XOXOX","O","1","-1",".OX.XO.OX"
"..X.XO.OX","....XOXOX","O","3","-1","..XOXO.OX"
"..X.XO.XO","....XXXOO","O","0","-1","O.X.XO.XO"
"..X.XO.XO","....XXXOO","O","6","-1","..X.XOOXO"
"..X.XO.XO","....XXXOO","O","1","-1",".OX.XO.XO"
"..X.XO.XO","....XXXOO","O","3","-1","..XOXO.XO"
"..X.XOO..","..O.X.XO.","X","0","1","X.X.XOO.."
"..X.XOO..","..O.X.XO.","X","8","0","..X.XOO.X"
"..X.XOO..","..O.X.XO.","X","1","1",".XX.XOO.."
"..X.XOO..","..O.X.XO.","X","3","0","..XXXOO.."
"..X.XOO..","..O.X.XO.","X","7","0","..X.XOOX."
"..X.XOO.X","..O.X.XOX","O","0","0","O.X.XOO.X"
"..X.XOO.X","..O.X.XOX","O","1","-1",".OX.XOO.X"
"..X.XOO.X","..O.X.XOX","O","3","-1","..XOXOO.X"
"..X.XOO.X","..O.X.XOX","O","7","-1","..X.XOOOX"
"..X.XOOOX","..O.XOXOX","X","0","1","X.X.XOOOX"
"..X.XOOOX","..O.XOXOX","X","1","0",".XX.XOOOX"
"..X.XOOOX","..O.XOXOX","X","3","0","..XXXOOOX"
"..X.XOOX.","..O.XXXO.","O","0","-1","O.X.XOOX."
"..X.XOOX.","..O.XXXO.","O","8","-1","..X.XOOXO"
"..X.XOOX.","..O.XXXO.","O","1","0",".OX.XOOX."
"..X.XOOX.","..O.XXXO.","O","3","-1","..XOXOOX."
"..X.XOOXO","..O.XXXOO","X","0","0","X.X.XOOXO"
"..X.XOOXO","..O.XXXOO","X","1","1",".XX.XOOXO"
"..X.XOOXO","..O.XXXOO","X","3","0","..XXXOOXO"
"..X.XX.OO","....XOXXO","O","0","-1","O.X.XX.OO"
"..X.XX.OO","....XOXXO","O","6","1","..X.XXOOO"
"..X.XX.OO","....XOXXO","O","1","-1",".OX.XX.OO"
"..X.XX.OO","....XOXXO","O","3","-1","..XOXX.OO"
"..X.XXO.O","..O.X.XXO","O","0","-1","O.X.XXO.O"
"..X.XXO.O","..O.X.XXO","O","1","-1",".OX.XXO.O"
"..X.XXO.O","..O.X.XXO","O","3","1","..XOXXO.O"
"..X.XXO.O","..O.X.XXO","O","7","1","..X.XXOOO"
"..X.XXOO.","..O.XOXX.","O","0","-1","O.X.XXOO."
"..X.XXOO.","..O.XOXX.","O","8","1","..X.XXOOO"
"..X.XXOO.","..O.XOXX.","O","1","-1",".OX.XXOO."
"..X.XXOO.","..O.XOXX.","O","3","-1","..XOXXOO."
"..XO.....",".....OX..","X","4","1","..XOX...."
"..XO.....",".....OX..","X","0","1","X.XO....."
"..XO.....",".....OX..","X","6","0","..XO..X.."
"..XO.....",".....OX..","X","8","1","..XO....X"
"..XO.....",".....OX..","X","1","-1",".XXO....."
"..XO.....",".....OX..","X","5","0","..XO.X..."
"..XO.....",".....OX..","X","7","0","..XO...X."
"..XO....X","..XO....X","O","4","-1","..XOO...X"
"..XO....X","..XO....X","O","0","-1","O.XO....X"
"..XO....X","..XO....X","O","6","-1","..XO..O.X"
"..XO....X","..XO....X","O","1","-1",".OXO....X"
"..XO....X","..XO....X","O","5","-1","..XO.O..X"
"..XO....X","..XO....X","O","7","-1","..XO...OX"
"..XO...OX","..XO...OX","X","4","1","..XOX..OX"
"..XO...OX","..XO...OX","X","0","1","X.XO...OX"
"..XO...OX","..XO...OX","X","6","1","..XO..XOX"
"..XO...OX","..XO...OX","X","1","1",".XXO...OX"
"..XO...OX","..XO...OX","X","5","1","..XO.X.OX"
"..XO...X.","..XO...X.","O","4","0","..XOO..X."
"..XO...X.","..XO...X.","O","0","-1","O.XO...X."
"..XO...X.","..XO...X.","O","6","-1","..XO..OX."
"..XO...X.","..XO...X.","O","8","-1","..XO...XO"
"..XO...X.","..XO...X.","O","1","-1",".OXO...X."
"..XO...X.","..XO...X.","O","5","-1","..XO.O.X."
"..XO...XO","..XO...XO","X","4","1","..XOX..XO"
"..XO...XO","..XO...XO","X","0","0","X.XO...XO"
"..XO...XO","..XO...XO","X","6","-1","..XO..XXO"
"..XO...XO","..XO...XO","X","1","1",".XXO...XO"
"..XO...XO","..XO...XO","X","5","-1","..XO.X.XO"
"..XO..O.X","..XO..O.X","X","4","-1","..XOX.O.X"
"..XO..O.X","..XO..O.X","X","0","1","X.XO..O.X"
"..XO..O.X","..XO..O.X","X","1","-1",".XXO..O.X"
"..XO..O.X","..XO..O.X","X","5","1","..XO.XO.X"
"..XO..O.X","..XO..O.X","X","7","-1","..XO..OXX"
"..XO..OX.","..XO..OX.","X","4","-1","..XOX.OX."
"..XO..OX.","..XO..OX.","X","0","1","X.XO..OX."
"..XO..OX.","..XO..OX.","X","8","-1","..XO..OXX"
"..XO..OX.","..XO..OX.","X","1","-1",".XXO..OX."
"..XO..OX.","..XO..OX.","X","5","-1","..XO.XOX."
"..XO..OXX","..XO..OXX","O","4","-1","..XOO.OXX"
"..XO..OXX","..XO..OXX","O","0","1","O.XO..OXX"
"..XO..OXX","..XO..OXX","O","1","-1",".OXO..OXX"
"..XO..OXX","..XO..OXX","O","5","1","..XO.OOXX"
"..XO..X..","..X...XO.","O","4","0","..XOO.X.."
"..XO..X..","..X...XO.","O","0","-1","O.XO..X.."
"..XO..X..","..X...XO.","O","8","-1","..XO..X.O"
"..XO..X..","..X...XO.","O","1","-1",".OXO..X.."
"..XO..X..","..X...XO.","O","5","-1","..XO.OX.."
"..XO..X..","..X...XO.","O","7","-1","..XO..XO."
"..XO..X.O","..XO..X.O","X","4","1","..XOX.X.O"
"..XO..X.O","..XO..X.O","X","0","1","X.XO..X.O"
"..XO..X.O","..XO..X.O","X","1","1",".XXO..X.O"
"..XO..X.O","..XO..X.O","X","5","0","..XO.XX.O"
"..XO..X.O","..XO..X.O","X","7","-1","..XO..XXO"
"..XO..XO.","..XO..XO.","X","4","1","..XOX.XO."
"..XO..XO.","..XO..XO.","X","0","1","X.XO..XO."
"..XO..XO.","..XO..XO.","X","8","1","..XO..XOX"
"..XO..XO.","..XO..XO.","X","1","1",".XXO..XO."
"..XO..XO.","..XO..XO.","X","5","1","..XO.XXO."
"..XO..XOX","..XO..XOX","O","4","-1","..XOO.XOX"
"..XO..XOX","..XO..XOX","O","0","-1","O.XO..XOX"
"..XO..XOX","..XO..XOX","O","1","-1",".OXO..XOX"
"..XO..XOX","..XO..XOX","O","5","-1","..XO.OXOX"
"..XO..XXO","..XO..XXO","O","4","1","..XOO.XXO"
"..XO..XXO","..XO..XXO","O","0","-1","O.XO..XXO"
"..XO..XXO","..XO..XXO","O","1","-1",".OXO..XXO"
"..XO..XXO","..XO..XXO","O","5","-1","..XO.OXXO"
"..XO.O..X","..XO.O..X","X","4","1","..XOXO..X"
"..XO.O..X","..XO.O..X","X","0","-1","X.XO.O..X"
"..XO.O..X","..XO.O..X","X","6","-1","..XO.OX.X"
"..XO.O..X","..XO.O..X","X","1","-1",".XXO.O..X"
"..XO.O..X","..XO.O..X","X","7","-1","..XO.O.XX"
"..XO.O.X.","..XO.O.X.","X","4","1","..XOXO.X."
"..XO.O.X.","..XO.O.X.","X","0","-1","X.XO.O.X."
"..XO.O.X.","..XO.O.X.","X","6","-1","..XO.OXX."
"..XO.O.X.","..XO.O.X.","X","8","-1","..XO.O.XX"
"..XO.O.X.","..XO.O.X.","X","1","-1",".XXO.O.X."
"..XO.O.XX","..XO.O.XX","O","4","1","..XOOO.XX"
"..XO.O.XX","..XO.O.XX","O","0","-1","O.XO.O.XX"
"..XO.O.XX","..XO.O.XX","O","6","1","..XO.OOXX"
"..XO.O.XX","..XO.O.XX","O","1","-1",".OXO.O.XX"
"..XO.OOXX","..XO.OOXX","X","4","-1","..XOXOOXX"
"..XO.OOXX","..XO.OOXX","X","0","-1","X.XO.OOXX"
"..XO.OOXX","..XO.OOXX","X","1","-1",".XXO.OOXX"
"..XO.OX..","..XO.OX..","X","4","1","..XOXOX.."
"..XO.OX..","..XO.OX..","X","0","-1","X.XO.OX.."
"..XO.OX..","..XO.OX..","X","8","-1","..XO.OX.X"
"..XO.OX..","..XO.OX..","X","1","-1",".XXO.OX.."
"..XO.OX..","..XO.OX..","X","7","-1","..XO.OXX."
"..XO.OX.X","..XO.OX.X","O","4","1","..XOOOX.X"
"..XO.OX.X","..XO.OX.X","O","0","-1","O.XO.OX.X"
"..XO.OX.X","..XO.OX.X","O","1","-1",".OXO.OX.X"
"..XO.OX.X","..XO.OX.X","O","7","-1","..XO.OXOX"
"..XO.OXOX","..XO.OXOX","X","4","1","..XOXOXOX"
"..XO.OXOX","..XO.OXOX","X","0","-1","X.XO.OXOX"
"..XO.OXOX","..XO.OXOX","X","1","-1",".XXO.OXOX"
"..XO.OXX.","..XO.OXX.","O","4","1","..XOOOXX."
"..XO.OXX.","..XO.OXX.","O","0","-1","O.XO.OXX."
"..XO.OXX.","..XO.OXX.","O","8","-1","..XO.OXXO"
"..XO.OXX.","..XO.OXX.","O","1","-1",".OXO.OXX."
"..XO.OXXO","..XO.OXXO","X","4","1","..XOXOXXO"
"..XO.OXXO","..XO.OXXO","X","0","-1","X.XO.OXXO"
"..XO.OXXO","..XO.OXXO","X","1","-1",".XXO.OXXO"
"..XO.X...","...O.X..X","O","4","-1","..XOOX..."
"..XO.X...","...O.X..X","O","0","-1","O.XO.X..."
"..XO.X...","...O.X..X","O","6","-1","..XO.XO.."
"..XO.X...","...O.X..X","O","8","0","..XO.X..O"
"..XO.X...","...O.X..X","O","1","-1",".OXO.X..."
"..XO.X...","...O.X..X","O","7","-1","..XO.X.O."
"..XO.X..O","..OO.X..X","X","4","-1","..XOXX..O"
"..XO.X..O","..OO.X..X","X","0","0","X.XO.X..O"
"..XO.X..O","..OO.X..X","X","6","0","..XO.XX.O"
"..XO.X..O","..OO.X..X","X","1","-1",".XXO.X..O"
"..XO.X..O","..OO.X..X","X","7","-1","..XO.X.XO"
"..XO.X.O.","..XO.X.O.","X","4","1","..XOXX.O."
"..XO.X.O.","..XO.X.O.","X","0","1","X.XO.X.O."
"..XO.X.O.","..XO.X.O.","X","6","1","..XO.XXO."
"..XO.X.O.","..XO.X.O.","X","8","1","..XO.X.OX"
"..XO.X.O.","..XO.X.O.","X","1","1",".XXO.X.O."
"..XO.X.XO","..XO.X.XO","O","4","0","..XOOX.XO"
"..XO.X.XO","..XO.X.XO","O","0","1","O.XO.X.XO"
"..XO.X.XO","..XO.X.XO","O","6","0","..XO.XOXO"
"..XO.X.XO","..XO.X.XO","O","1","0",".OXO.X.XO"
"..XO.XO..","..OX.OX..","X","4","-1","..XOXXO.."
"..XO.XO..","..OX.OX..","X","0","1","X.XO.XO.."
"..XO.XO..","..OX.OX..","X","8","1","..XO.XO.X"
"..XO.XO..","..OX.OX..","X","1","-1",".XXO.XO.."
"..XO.XO..","..OX.OX..","X","7","-1","..XO.XOX."
"..XO.XOX.","..XO.XOX.","O","4","-1","..XOOXOX."
"..XO.XOX.","..XO.XOX.","O","0","1","O.XO.XOX."
"..XO.XOX.","..XO.XOX.","O","8","0","..XO.XOXO"
"..XO.XOX.","..XO.XOX.","O","1","-1",".OXO.XOX."
"..XO.XOXO","..XO.XOXO","X","4","-1","..XOXXOXO"
"..XO.XOXO","..XO.XOXO","X","0","0","X.XO.XOXO"
"..XO.XOXO","..XO.XOXO","X","1","-1",".XXO.XOXO"
"..XO.XX.O","..XO.XX.O","O","4","0","..XOOXX.O"
"..XO.XX.O","..XO.XX.O","O","0","-1","O.XO.XX.O"
"..XO.XX.O","..XO.XX.O","O","1","-1",".OXO.XX.O"
"..XO.XX.O","..XO.XX.O","O","7","-1","..XO.XXOO"
"..XO.XXO.","..XO.XXO.","O","4","-1","..XOOXXO."
"..XO.XXO.","..XO.XXO.","O","0","-1","O.XO.XXO."
"..XO.XXO.","..XO.XXO.","O","8","-1","..XO.XXOO"
"..XO.XXO.","..XO.XXO.","O","1","-1",".OXO.XXO."
"..XO.XXOO","..XO.XXOO","X","4","1","..XOXXXOO"
"..XO.XXOO","..XO.XXOO","X","0","1","X.XO.XXOO"
"..XO.XXOO","..XO.XXOO","X","1","1",".XXO.XXOO"
"..XOO...X","..XOO...X","X","0","-1","X.XOO...X"
"..XOO...X","..XOO...X","X","6","-1","..XOO.X.X"
"..XOO...X","..XOO...X","X","1","-1",".XXOO...X"
"..XOO...X","..XOO...X","X","5","1","..XOOX..X"
"..XOO...X","..XOO...X","X","7","-1","..XOO..XX"
"..XOO..X.","..XOO..X.","X","0","-1","X.XOO..X."
"..XOO..X.","..XOO..X.","X","6","-1","..XOO.XX."
"..XOO..X.","..XOO..X.","X","8","-1","..XOO..XX"
"..XOO..X.","..XOO..X.","X","1","-1",".XXOO..X."
"..XOO..X.","..XOO..X.","X","5","0","..XOOX.X."
"..XOO..XX","..XOO..XX","O","0","-1","O.XOO..XX"
"..XOO..XX","..XOO..XX","O","6","-1","..XOO.OXX"
"..XOO..XX","..XOO..XX","O","1","-1",".OXOO..XX"
"..XOO..XX","..XOO..XX","O","5","1","..XOOO.XX"
"..XOO.OXX","..XOO.OXX","X","0","-1","X.XOO.OXX"
"..XOO.OXX","..XOO.OXX","X","1","-1",".XXOO.OXX"
"..XOO.OXX","..XOO.OXX","X","5","1","..XOOXOXX"
"..XOO.X..","..X.O.XO.","X","0","-1","X.XOO.X.."
"..XOO.X..","..X.O.XO.","X","8","-1","..XOO.X.X"
"..XOO.X..","..X.O.XO.","X","1","-1",".XXOO.X.."
"..XOO.X..","..X.O.XO.","X","5","0","..XOOXX.."
"..XOO.X..","..X.O.XO.","X","7","-1","..XOO.XX."
"..XOO.X.X","..XOO.X.X","O","0","-1","O.XOO.X.X"
"..XOO.X.X","..XOO.X.X","O","1","-1",".OXOO.X.X"
"..XOO.X.X","..XOO.X.X","O","5","1","..XOOOX.X"
"..XOO.X.X","..XOO.X.X","O","7","-1","..XOO.XOX"
"..XOO.XOX","..XOO.XOX","X","0","-1","X.XOO.XOX"
"..XOO.XOX","..XOO.XOX","X","1","-1",".XXOO.XOX"
"..XOO.XOX","..XOO.XOX","X","5","1","..XOOXXOX"
"..XOO.XX.","..XOO.XX.","O","0","-1","O.XOO.XX."
"..XOO.XX.","..XOO.XX.","O","8","1","..XOO.XXO"
"..XOO.XX.","..XOO.XX.","O","1","-1",".OXOO.XX."
"..XOO.XX.","..XOO.XX.","O","5","1","..XOOOXX."
"..XOO.XXO","..XOO.XXO","X","0","-1","X.XOO.XXO"
"..XOO.XXO","..XOO.XXO","X","1","-1",".XXOO.XXO"
"..XOO.XXO","..XOO.XXO","X","5","-1","..XOOXXXO"
"..XOOX...","...OOX..X","X","0","1","X.XOOX..."
"..XOOX...","...OOX..X","X","6","0","..XOOXX.."
"..XOOX...","...OOX..X","X","8","1","..XOOX..X"
"..XOOX...","...OOX..X","X","1","1",".XXOOX..."
"..XOOX...","...OOX..X","X","7","0","..XOOX.X."
"..XOOX.X.","..XOOX.X.","O","0","-1","O.XOOX.X."
"..XOOX.X.","..XOOX.X.","O","6","-1","..XOOXOX."
"..XOOX.X.","..XOOX.X.","O","8","0","..XOOX.XO"
"..XOOX.X.","..XOOX.X.","O","1","-1",".OXOOX.X."
"..XOOX.XO","..XOOX.XO","X","0","0","X.XOOX.XO"
"..XOOX.XO","..XOOX.XO","X","6","-1","..XOOXXXO"
"..XOOX.XO","..XOOX.XO","X","1","-1",".XXOOX.XO"
"..XOOXOX.","..XOOXOX.","X","0","1","X.XOOXOX."
"..XOOXOX.","..XOOXOX.","X","8","1","..XOOXOXX"
"..XOOXOX.","..XOOXOX.","X","1","-1",".XXOOXOX."
"..XOOXX..","..XOOXX..","O","0","-1","O.XOOXX.."
"..XOOXX..","..XOOXX..","O","8","0","..XOOXX.O"
"..XOOXX..","..XOOXX..","O","1","-1",".OXOOXX.."
"..XOOXX..","..XOOXX..","O","7","-1","..XOOXXO."
"..XOOXX.O","..XOOXX.O","X","0","0","X.XOOXX.O"
"..XOOXX.O","..XOOXX.O","X","1","-1",".XXOOXX.O"
"..XOOXX.O","..XOOXX.O","X","7","-1","..XOOXXXO"
"..XOOXXO.","..XOOXXO.","X","0","-1","X.XOOXXO."
"..XOOXXO.","..XOOXXO.","X","8","1","..XOOXXOX"
"..XOOXXO.","..XOOXXO.","X","1","1",".XXOOXXO."
"..XOOXXXO","..XOOXXXO","O","0","1","O.XOOXXXO"
"..XOOXXXO","..XOOXXXO","O","1","0",".OXOOXXXO"
"..XOX....","....XOX..","O","0","-1","O.XOX...."
"..XOX....","....XOX..","O","6","-1","..XOX.O.."
"..XOX....","....XOX..","O","8","-1","..XOX...O"
"..XOX....","....XOX..","O","1","-1",".OXOX...."
"..XOX....","....XOX..","O","5","-1","..XOXO..."
"..XOX....","....XOX..","O","7","-1","..XOX..O."
"..XOX...O","..OOX...X","X","0","1","X.XOX...O"
"..XOX...O","..OOX...X","X","6","1","..XOX.X.O"
"..XOX...O","..OOX...X","X","1","1",".XXOX...O"
"..XOX...O","..OOX...X","X","5","-1","..XOXX..O"
"..XOX...O","..OOX...X","X","7","1","..XOX..XO"
"..XOX..O.","..XOX..O.","X","0","1","X.XOX..O."
"..XOX..O.","..XOX..O.","X","6","1","..XOX.XO."
"..XOX..O.","..XOX..O.","X","8","1","..XOX..OX"
"..XOX..O.","..XOX..O.","X","1","1",".XXOX..O."
"..XOX..O.","..XOX..O.","X","5","1","..XOXX.O."
"..XOX..OX","..XOX..OX","O","0","-1","O.XOX..OX"
"..XOX..OX","..XOX..OX","O","6","-1","..XOX.OOX"
"..XOX..OX","..XOX..OX","O","1","-1",".OXOX..OX"
"..XOX..OX","..XOX..OX","O","5","-1","..XOXO.OX"
"..XOX..XO","..XOX..XO","O","0","-1","O.XOX..XO"
"..XOX..XO","..XOX..XO","O","6","-1","..XOX.OXO"
"..XOX..XO","..XOX..XO","O","1","-1",".OXOX..XO"
"..XOX..XO","..XOX..XO","O","5","-1","..XOXO.XO"
"..XOX.O..","..O.XOX..","X","0","1","X.XOX.O.."
"..XOX.O..","..O.XOX..","X","8","-1","..XOX.O.X"
"..XOX.O..","..O.XOX..","X","1","-1",".XXOX.O.."
"..XOX.O..","..O.XOX..","X","5","-1","..XOXXO.."
"..XOX.O..","..O.XOX..","X","7","-1","..XOX.OX."
"..XOX.O.X","..XOX.O.X","O","0","1","O.XOX.O.X"
"..XOX.O.X","..XOX.O.X","O","1","-1",".OXOX.O.X"
"..XOX.O.X","..XOX.O.X","O","5","-1","..XOXOO.X"
"..XOX.O.X","..XOX.O.X","O","7","-1","..XOX.OOX"
"..XOX.OOX","..XOX.OOX","X","0","1","X.XOX.OOX"
"..XOX.OOX","..XOX.OOX","X","1","-1",".XXOX.OOX"
"..XOX.OOX","..XOX.OOX","X","5","1","..XOXXOOX"
"..XOX.OX.","..XOX.OX.","O","0","1","O.XOX.OX."
"..XOX.OX.","..XOX.OX.","O","8","-1","..XOX.OXO"
"..XOX.OX.","..XOX.OX.","O","1","0",".OXOX.OX."
"..XOX.OX.","..XOX.OX.","O","5","-1","..XOXOOX."
"..XOX.OXO","..XOX.OXO","X","0","0","X.XOX.OXO"
"..XOX.OXO","..XOX.OXO","X","1","1",".XXOX.OXO"
"..XOX.OXO","..XOX.OXO","X","5","-1","..XOXXOXO"
"..XOXO...","...OXO..X","X","0","1","X.XOXO..."
"..XOXO...","...OXO..X","X","6","1","..XOXOX.."
"..XOXO...","...OXO..X","X","8","1","..XOXO..X"
"..XOXO...","...OXO..X","X","1","1",".XXOXO..."
"..XOXO...","...OXO..X","X","7","1","..XOXO.X."
"..XOXO..X","..XOXO..X","O","0","-1","O.XOXO..X"
"..XOXO..X","..XOXO..X","O","6","-1","..XOXOO.X"
"..XOXO..X","..XOXO..X","O","1","-1",".OXOXO..X"
"..XOXO..X","..XOXO..X","O","7","-1","..XOXO.OX"
"..XOXO.OX","..XOXO.OX","X","0","1","X.XOXO.OX"
"..XOXO.OX","..XOXO.OX","X","6","1","..XOXOXOX"
"..XOXO.OX","..XOXO.OX","X","1","1",".XXOXO.OX"
"..XOXO.X.","..XOXO.X.","O","0","-1","O.XOXO.X."
"..XOXO.X.","..XOXO.X.","O","6","-1","..XOXOOX."
"..XOXO.X.","..XOXO.X.","O","8","-1","..XOXO.XO"
"..XOXO.X.","..XOXO.X.","O","1","-1",".OXOXO.X."
"..XOXO.XO","..XOXO.XO","X","0","1","X.XOXO.XO"
"..XOXO.XO","..XOXO.XO","X","6","1","..XOXOXXO"
"..XOXO.XO","..XOXO.XO","X","1","1",".XXOXO.XO"
"..XOXOO.X","..XOXOO.X","X","0","1","X.XOXOO.X"
"..XOXOO.X","..XOXOO.X","X","1","-1",".XXOXOO.X"
"..XOXOO.X","..XOXOO.X","X","7","-1","..XOXOOXX"
"..XOXOOX.","..XOXOOX.","X","0","1","X.XOXOOX."
"..XOXOOX.","..XOXOOX.","X","8","-1","..XOXOOXX"
"..XOXOOX.","..XOXOOX.","X","1","1",".XXOXOOX."
"..XOXOOXX","..XOXOOXX","O","0","1","O.XOXOOXX"
"..XOXOOXX","..XOXOOXX","O","1","-1",".OXOXOOXX"
"..XOXX..O","..OOXX..X","O","0","-1","O.XOXX..O"
"..XOXX..O","..OOXX..X","O","6","1","..XOXXO.O"
"..XOXX..O","..OOXX..X","O","1","-1",".OXOXX..O"
"..XOXX..O","..OOXX..X","O","7","-1","..XOXX.OO"
"..XOXX.O.","..XOXX.O.","O","0","-1","O.XOXX.O."
"..XOXX.O.","..XOXX.O.","O","6","-1","..XOXXOO."
"..XOXX.O.","..XOXX.O.","O","8","-1","..XOXX.OO"
"..XOXX.O.","..XOXX.O.","O","1","-1",".OXOXX.O."
"..XOXX.OO","..XOXX.OO","X","0","-1","X.XOXX.OO"
"..XOXX.OO","..XOXX.OO","X","6","1","..XOXXXOO"
"..XOXX.OO","..XOXX.OO","X","1","-1",".XXOXX.OO"
"..XOXXO..","..OXXOX..","O","0","1","O.XOXXO.."
"..XOXXO..","..OXXOX..","O","8","1","..XOXXO.O"
"..XOXXO..","..OXXOX..","O","1","-1",".OXOXXO.."
"..XOXXO..","..OXXOX..","O","7","-1","..XOXXOO."
"..XOXXO.O","..XOXXO.O","X","0","-1","X.XOXXO.O"
"..XOXXO.O","..XOXXO.O","X","1","-1",".XXOXXO.O"
"..XOXXO.O","..XOXXO.O","X","7","-1","..XOXXOXO"
"..XOXXOO.","..XOXXOO.","X","0","-1","X.XOXXOO."
"..XOXXOO.","..XOXXOO.","X","8","1","..XOXXOOX"
"..XOXXOO.","..XOXXOO.","X","1","-1",".XXOXXOO."
"..XOXXOXO","..XOXXOXO","O","0","1","O.XOXXOXO"
"..XOXXOXO","..XOXXOXO","O","1","0",".OXOXXOXO"
"..XX....O","..OX....X","O","4","-1","..XXO...O"
"..XX....O","..OX....X","O","0","-1","O.XX....O"
"..XX....O","..OX....X","O","6","0","..XX..O.O"
"..XX....O","..OX....X","O","1","-1",".OXX....O"
"..XX....O","..OX....X","O","5","-1","..XX.O..O"
"..XX....O","..OX....X","O","7","-1","..XX...OO"
"..XX...O.","..XO...X.","O","4","0","..XXO..O."
"..XX...O.","..XO...X.","O","0","-1","O.XX...O."
"..XX...O.","..XO...X.","O","6","-1","..XX..OO."
"..XX...O.","..XO...X.","O","8","-1","..XX...OO"
"..XX...O.","..XO...X.","O","1","-1",".OXX...O."
"..XX...O.","..XO...X.","O","5","-1","..XX.O.O."
"..XX...OO","..XX...OO","X","4","-1","..XXX..OO"
"..XX...OO","..XX...OO","X","0","-1","X.XX...OO"
"..XX...OO","..XX...OO","X","6","1","..XX..XOO"
"..XX...OO","..XX...OO","X","1","-1",".XXX...OO"
"..XX...OO","..XX...OO","X","5","-1","..XX.X.OO"
"..XX..O..","..O..XX..","O","4","0","..XXO.O.."
"..XX..O..","..O..XX..","O","0","-1","O.XX..O.."
"..XX..O..","..O..XX..","O","8","0","..XX..O.O"
"..XX..O..","..O..XX..","O","1","-1",".OXX..O.."
"..XX..O..","..O..XX..","O","5","0","..XX.OO.."
"..XX..O..","..O..XX..","O","7","-1","..XX..OO."
"..XX..O.O","..XX..O.O","X","4","-1","..XXX.O.O"
"..XX..O.O","..XX..O.O","X","0","-1","X.XX..O.O"
"..XX..O.O","..XX..O.O","X","1","-1",".XXX..O.O"
"..XX..O.O","..XX..O.O","X","5","-1","..XX.XO.O"
"..XX..O.O","..XX..O.O","X","7","0","..XX..OXO"
"..XX..OO.","..XO..OX.","X","4","-1","..XXX.OO."
"..XX..OO.","..XO..OX.","X","0","-1","X.XX..OO."
"..XX..OO.","..XO..OX.","X","8","1","..XX..OOX"
"..XX..OO.","..XO..OX.","X","1","-1",".XXX..OO."
"..XX..OO.","..XO..OX.","X","5","-1","..XX.XOO."
"..XX..OOX","..XX..OOX","O","4","-1","..XXO.OOX"
"..XX..OOX","..XX..OOX","O","0","-1","O.XX..OOX"
"..XX..OOX","..XX..OOX","O","1","-1",".OXX..OOX"
"..XX..OOX","..XX..OOX","O","5","-1","..XX.OOOX"
"..XX..OXO","..XX..OXO","O","4","0","..XXO.OXO"
"..XX..OXO","..XX..OXO","O","0","-1","O.XX..OXO"
"..XX..OXO","..XX..OXO","O","1","0",".OXX..OXO"
"..XX..OXO","..XX..OXO","O","5","-1","..XX.OOXO"
"..XX..XOO","..XX..XOO","O","4","-1","..XXO.XOO"
"..XX..XOO","..XX..XOO","O","0","-1","O.XX..XOO"
"..XX..XOO","..XX..XOO","O","1","-1",".OXX..XOO"
"..XX..XOO","..XX..XOO","O","5","-1","..XX.OXOO"
"..XX.O...","...O.XX..","O","4","-1","..XXOO..."
"..XX.O...","...O.XX..","O","0","0","O.XX.O..."
"..XX.O...","...O.XX..","O","6","0","..XX.OO.."
"..XX.O...","...O.XX..","O","8","-1","..XX.O..O"
"..XX.O...","...O.XX..","O","1","-1",".OXX.O..."
"..XX.O...","...O.XX..","O","7","-1","..XX.O.O."
"..XX.O..O","..OX.O..X","X","4","0","..XXXO..O"
"..XX.O..O","..OX.O..X","X","0","1","X.XX.O..O"
"..XX.O..O","..OX.O..X","X","6","1","..XX.OX.O"
"..XX.O..O","..OX.O..X","X","1","1",".XXX.O..O"
"..XX.O..O","..OX.O..X","X","7","1","..XX.O.XO"
"..XX.O.O.","..XX.O.O.","X","4","0","..XXXO.O."
"..XX.O.O.","..XX.O.O.","X","0","1","X.XX.O.O."
"..XX.O.O.","..XX.O.O.","X","6","1","..XX.OXO."
"..XX.O.O.","..XX.O.O.","X","8","0","..XX.O.OX"
"..XX.O.O.","..XX.O.O.","X","1","0",".XXX.O.O."
"..XX.O.OX","..XX.O.OX","O","4","0","..XXOO.OX"
"..XX.O.OX","..XX.O.OX","O","0","0","O.XX.O.OX"
"..XX.O.OX","..XX.O.OX","O","6","-1","..XX.OOOX"
"..XX.O.OX","..XX.O.OX","O","1","-1",".OXX.O.OX"
"..XX.O.XO","..XX.O.XO","O","4","-1","..XXOO.XO"
"..XX.O.XO","..XX.O.XO","O","0","-1","O.XX.O.XO"
"..XX.O.XO","..XX.O.XO","O","6","-1","..XX.OOXO"
"..XX.O.XO","..XX.O.XO","O","1","-1",".OXX.O.XO"
"..XX.OO..","..OO.XX..","X","4","0","..XXXOO.."
"..XX.OO..","..OO.XX..","X","0","0","X.XX.OO.."
"..XX.OO..","..OO.XX..","X","8","0","..XX.OO.X"
"..XX.OO..","..OO.XX..","X","1","0",".XXX.OO.."
"..XX.OO..","..OO.XX..","X","7","0","..XX.OOX."
"..XX.OO.X","..XX.OO.X","O","4","0","..XXOOO.X"
"..XX.OO.X","..XX.OO.X","O","0","0","O.XX.OO.X"
"..XX.OO.X","..XX.OO.X","O","1","0",".OXX.OO.X"
"..XX.OO.X","..XX.OO.X","O","7","-1","..XX.OOOX"
"..XX.OOOX","..XX.OOOX","X","4","0","..XXXOOOX"
"..XX.OOOX","..XX.OOOX","X","0","1","X.XX.OOOX"
"..XX.OOOX","..XX.OOOX","X","1","0",".XXX.OOOX"
"..XX.OOX.","..XX.OOX.","O","4","0","..XXOOOX."
"..XX.OOX.","..XX.OOX.","O","0","0","O.XX.OOX."
"..XX.OOX.","..XX.OOX.","O","8","-1","..XX.OOXO"
"..XX.OOX.","..XX.OOX.","O","1","0",".OXX.OOX."
"..XX.OOXO","..XX.OOXO","X","4","0","..XXXOOXO"
"..XX.OOXO","..XX.OOXO","X","0","0","X.XX.OOXO"
"..XX.OOXO","..XX.OOXO","X","1","1",".XXX.OOXO"
"..XX.OX.O","..XX.OX.O","O","4","-1","..XXOOX.O"
"..XX.OX.O","..XX.OX.O","O","0","-1","O.XX.OX.O"
"..XX.OX.O","..XX.OX.O","O","1","-1",".OXX.OX.O"
"..XX.OX.O","..XX.OX.O","O","7","-1","..XX.OXOO"
"..XX.OXO.","..XX.OXO.","O","4","-1","..XXOOXO."
"..XX.OXO.","..XX.OXO.","O","0","-1","O.XX.OXO."
"..XX.OXO.","..XX.OXO.","O","8","-1","..XX.OXOO"
"..XX.OXO.","..XX.OXO.","O","1","-1",".OXX.OXO."
"..XX.OXOO","..XX.OXOO","X","4","1","..XXXOXOO"
"..XX.OXOO","..XX.OXOO","X","0","1","X.XX.OXOO"
"..XX.OXOO","..XX.OXOO","X","1","1",".XXX.OXOO"
"..XX.X.OO","..XX.X.OO","O","4","1","..XXOX.OO"
"..XX.X.OO","..XX.X.OO","O","0","-1","O.XX.X.OO"
"..XX.X.OO","..XX.X.OO","O","6","1","..XX.XOOO"
"..XX.X.OO","..XX.X.OO","O","1","-1",".OXX.X.OO"
"..XX.XO.O","..XX.XO.O","O","4","1","..XXOXO.O"
"..XX.XO.O","..XX.XO.O","O","0","-1","O.XX.XO.O"
"..XX.XO.O","..XX.XO.O","O","1","-1",".OXX.XO.O"
"..XX.XO.O","..XX.XO.O","O","7","1","..XX.XOOO"
"..XX.XOO.","..XX.XOO.","O","4","-1","..XXOXOO."
"..XX.XOO.","..XX.XOO.","O","0","-1","O.XX.XOO."
"..XX.XOO.","..XX.XOO.","O","8","1","..XX.XOOO"
"..XX.XOO.","..XX.XOO.","O","1","-1",".OXX.XOO."
"..XXO....","....OXX..","O","0","0","O.XXO...."
"..XXO....","....OXX..","O","6","0","..XXO.O.."
"..XXO....","....OXX..","O","8","-1","..XXO...O"
"..XXO....","....OXX..","O","1","0",".OXXO...."
"..XXO....","....OXX..","O","5","-1","..XXOO..."
"..XXO....","....OXX..","O","7","0","..XXO..O."
"..XXO...O","..OXO...X","X","0","1","X.XXO...O"
"..XXO...O","..OXO...X","X","6","-1","..XXO.X.O"
"..XXO...O","..OXO...X","X","1","-1",".XXXO...O"
"..XXO...O","..OXO...X","X","5","-1","..XXOX..O"
"..XXO...O","..OXO...X","X","7","-1","..XXO..XO"
"..XXO..O.","..XOO..X.","X","0","-1","X.XXO..O."
"..XXO..O.","..XOO..X.","X","6","-1","..XXO.XO."
"..XXO..O.","..XOO..X.","X","8","-1","..XXO..OX"
"..XXO..O.","..XOO..X.","X","1","0",".XXXO..O."
"..XXO..O.","..XOO..X.","X","5","-1","..XXOX.O."
"..XXO..OX","..XXO..OX","O","0","-1","O.XXO..OX"
"..XXO..OX","..XXO..OX","O","6","-1","..XXO.OOX"
"..XXO..OX","..XXO..OX","O","1","1",".OXXO..OX"
"..XXO..OX","..XXO..OX","O","5","0","..XXOO.OX"
"..XXO..XO","..XXO..XO","O","0","1","O.XXO..XO"
"..XXO..XO","..XXO..XO","O","6","0","..XXO.OXO"
"..XXO..XO","..XXO..XO","O","1","0",".OXXO..XO"
"..XXO..XO","..XXO..XO","O","5","-1","..XXOO.XO"
"..XXO.O..","..O.OXX..","X","0","0","X.XXO.O.."
"..XXO.O..","..O.OXX..","X","8","0","..XXO.O.X"
"..XXO.O..","..O.OXX..","X","1","0",".XXXO.O.."
"..XXO.O..","..O.OXX..","X","5","-1","..XXOXO.."
"..XXO.O..","..O.OXX..","X","7","0","..XXO.OX."
"..XXO.O.X","..XXO.O.X","O","0","-1","O.XXO.O.X"
"..XXO.O.X","..XXO.O.X","O","1","-1",".OXXO.O.X"
"..XXO.O.X","..XXO.O.X","O","5","0","..XXOOO.X"
"..XXO.O.X","..XXO.O.X","O","7","-1","..XXO.OOX"
"..XXO.OOX","..XXO.OOX","X","0","-1","X.XXO.OOX"
"..XXO.OOX","..XXO.OOX","X","1","1",".XXXO.OOX"
"..XXO.OOX","..XXO.OOX","X","5","1","..XXOXOOX"
"..XXO.OX.","..XXO.OX.","O","0","0","O.XXO.OX."
"..XXO.OX.","..XXO.OX.","O","8","0","..XXO.OXO"
"..XXO.OX.","..XXO.OX.","O","1","0",".OXXO.OX."
"..XXO.OX.","..XXO.OX.","O","5","0","..XXOOOX."
"..XXO.OXO","..XXO.OXO","X","0","0","X.XXO.OXO"
"..XXO.OXO","..XXO.OXO","X","1","-1",".XXXO.OXO"
"..XXO.OXO","..XXO.OXO","X","5","-1","..XXOXOXO"
"..XXO.X.O","..XXO.X.O","O","0","1","O.XXO.X.O"
"..XXO.X.O","..XXO.X.O","O","1","-1",".OXXO.X.O"
"..XXO.X.O","..XXO.X.O","O","5","-1","..XXOOX.O"
"..XXO.X.O","..XXO.X.O","O","7","-1","..XXO.XOO"
"..XXO.XO.","..XOO.XX.","O","0","1","O.XXO.XO."
"..XXO.XO.","..XOO.XX.","O","8","-1","..XXO.XOO"
"..XXO.XO.","..XOO.XX.","O","1","1",".OXXO.XO."
"..XXO.XO.","..XOO.XX.","O","5","-1","..XXOOXO."
"..XXO.XOO","..XXO.XOO","X","0","1","X.XXO.XOO"
"..XXO.XOO","..XXO.XOO","X","1","-1",".XXXO.XOO"
"..XXO.XOO","..XXO.XOO","X","5","-1","..XXOXXOO"
"..XXOO...","...OOXX..","X","0","1","X.XXOO..."
"..XXOO...","...OOXX..","X","6","0","..XXOOX.."
"..XXOO...","...OOXX..","X","8","0","..XXOO..X"
"..XXOO...","...OOXX..","X","1","0",".XXXOO..."
"..XXOO...","...OOXX..","X","7","0","..XXOO.X."
"..XXOO..X","..XXOO..X","O","0","0","O.XXOO..X"
"..XXOO..X","..XXOO..X","O","6","0","..XXOOO.X"
"..XXOO..X","..XXOO..X","O","1","0",".OXXOO..X"
"..XXOO..X","..XXOO..X","O","7","0","..XXOO.OX"
"..XXOO.OX","..XXOO.OX","X","0","-1","X.XXOO.OX"
"..XXOO.OX","..XXOO.OX","X","6","-1","..XXOOXOX"
"..XXOO.OX","..XXOO.OX","X","1","0",".XXXOO.OX"
"..XXOO.X.","..XXOO.X.","O","0","0","O.XXOO.X."
"..XXOO.X.","..XXOO.X.","O","6","0","..XXOOOX."
"..XXOO.X.","..XXOO.X.","O","8","-1","..XXOO.XO"
"..XXOO.X.","..XXOO.X.","O","1","-1",".OXXOO.X."
"..XXOO.XO","..XXOO.XO","X","0","1","X.XXOO.XO"
"..XXOO.XO","..XXOO.XO","X","6","-1","..XXOOXXO"
"..XXOO.XO","..XXOO.XO","X","1","-1",".XXXOO.XO"
"..XXOOO.X","..XXOOO.X","X","0","0","X.XXOOO.X"
"..XXOOO.X","..XXOOO.X","X","1","0",".XXXOOO.X"
"..XXOOO.X","..XXOOO.X","X","7","0","..XXOOOXX"
"..XXOOOX.","..XXOOOX.","X","0","0","X.XXOOOX."
"..XXOOOX.","..XXOOOX.","X","8","0","..XXOOOXX"
"..XXOOOX.","..XXOOOX.","X","1","0",".XXXOOOX."
"..XXOOOXX","..XXOOOXX","O","0","0","O.XXOOOXX"
"..XXOOOXX","..XXOOOXX","O","1","0",".OXXOOOXX"
"..XXOOX..","..XOOXX..","O","0","0","O.XXOOX.."
"..XXOOX..","..XOOXX..","O","8","-1","..XXOOX.O"
"..XXOOX..","..XOOXX..","O","1","-1",".OXXOOX.."
"..XXOOX..","..XOOXX..","O","7","-1","..XXOOXO."
"..XXOOX.O","..XXOOX.O","X","0","1","X.XXOOX.O"
"..XXOOX.O","..XXOOX.O","X","1","-1",".XXXOOX.O"
"..XXOOX.O","..XXOOX.O","X","7","-1","..XXOOXXO"
"..XXOOXO.","..XXOOXO.","X","0","1","X.XXOOXO."
"..XXOOXO.","..XXOOXO.","X","8","-1","..XXOOXOX"
"..XXOOXO.","..XXOOXO.","X","1","0",".XXXOOXO."
"..XXOOXOX","..XXOOXOX","O","0","0","O.XXOOXOX"
"..XXOOXOX","..XXOOXOX","O","1","1",".OXXOOXOX"
"..XXOOXXO","..XXOOXXO","O","0","1","O.XXOOXXO"
"..XXOOXXO","..XXOOXXO","O","1","-1",".OXXOOXXO"
"..XXOX..O","..OXOX..X","O","0","1","O.XXOX..O"
"..XXOX..O","..OXOX..X","O","6","1","..XXOXO.O"
"..XXOX..O","..OXOX..X","O","1","1",".OXXOX..O"
"..XXOX..O","..OXOX..X","O","7","1","..XXOX.OO"
"..XXOX.O.","..XXOX.O.","O","0","-1","O.XXOX.O."
"..XXOX.O.","..XXOX.O.","O","6","-1","..XXOXOO."
"..XXOX.O.","..XXOX.O.","O","8","1","..XXOX.OO"
"..XXOX.O.","..XXOX.O.","O","1","1",".OXXOX.O."
"..XXOX.OO","..XXOX.OO","X","0","-1","X.XXOX.OO"
"..XXOX.OO","..XXOX.OO","X","6","-1","..XXOXXOO"
"..XXOX.OO","..XXOX.OO","X","1","-1",".XXXOX.OO"
"..XXOXO..","..OXOXX..","O","0","-1","O.XXOXO.."
"..XXOXO..","..OXOXX..","O","8","1","..XXOXO.O"
"..XXOXO..","..OXOXX..","O","1","-1",".OXXOXO.."
"..XXOXO..","..OXOXX..","O","7","-1","..XXOXOO."
"..XXOXO.O","..XXOXO.O","X","0","-1","X.XXOXO.O"
"..XXOXO.O","..XXOXO.O","X","1","-1",".XXXOXO.O"
"..XXOXO.O","..XXOXO.O","X","7","-1","..XXOXOXO"
"..XXOXOO.","..XXOXOO.","X","0","-1","X.XXOXOO."
"..XXOXOO.","..XXOXOO.","X","8","1","..XXOXOOX"
"..XXOXOO.","..XXOXOO.","X","1","-1",".XXXOXOO."
"..XXOXOXO","..XXOXOXO","O","0","1","O.XXOXOXO"
"..XXOXOXO","..XXOXOXO","O","1","0",".OXXOXOXO"
"..XXOXXOO","..XXOXXOO","O","0","1","O.XXOXXOO"
"..XXOXXOO","..XXOXXOO","O","1","1",".OXXOXXOO"
"..XXX..OO","..XXX..OO","O","0","-1","O.XXX..OO"
"..XXX..OO","..XXX..OO","O","6","1","..XXX.OOO"
"..XXX..OO","..XXX..OO","O","1","-1",".OXXX..OO"
"..XXX..OO","..XXX..OO","O","5","-1","..XXXO.OO"
"..XXX.O.O","..XXX.O.O","O","0","-1","O.XXX.O.O"
"..XXX.O.O","..XXX.O.O","O","1","-1",".OXXX.O.O"
"..XXX.O.O","..XXX.O.O","O","5","0","..XXXOO.O"
"..XXX.O.O","..XXX.O.O","O","7","1","..XXX.OOO"
"..XXX.OO.","..XOX.OX.","O","0","-1","O.XXX.OO."
"..XXX.OO.","..XOX.OX.","O","8","1","..XXX.OOO"
"..XXX.OO.","..XOX.OX.","O","1","-1",".OXXX.OO."
"..XXX.OO.","..XOX.OX.","O","5","0","..XXXOOO."
"..XXXO..O","..OXXO..X","O","0","-1","O.XXXO..O"
"..XXXO..O","..OXXO..X","O","6","0","..XXXOO.O"
"..XXXO..O","..OXXO..X","O","1","-1",".OXXXO..O"
"..XXXO..O","..OXXO..X","O","7","-1","..XXXO.OO"
"..XXXO.O.","..XXXO.O.","O","0","-1","O.XXXO.O."
"..XXXO.O.","..XXXO.O.","O","6","0","..XXXOOO."
"..XXXO.O.","..XXXO.O.","O","8","-1","..XXXO.OO"
"..XXXO.O.","..XXXO.O.","O","1","-1",".OXXXO.O."
"..XXXO.OO","..XXXO.OO","X","0","-1","X.XXXO.OO"
"..XXXO.OO","..XXXO.OO","X","6","1","..XXXOXOO"
"..XXXO.OO","..XXXO.OO","X","1","-1",".XXXXO.OO"
"..XXXOO..","..OOXXX..","O","0","0","O.XXXOO.."
"..XXXOO..","..OOXXX..","O","8","0","..XXXOO.O"
"..XXXOO..","..OOXXX..","O","1","0",".OXXXOO.."
"..XXXOO..","..OOXXX..","O","7","0","..XXXOOO."
"..XXXOO.O","..XXXOO.O","X","0","-1","X.XXXOO.O"
"..XXXOO.O","..XXXOO.O","X","1","-1",".XXXXOO.O"
"..XXXOO.O","..XXXOO.O","X","7","0","..XXXOOXO"
"..XXXOOO.","..XXXOOO.","X","0","-1","X.XXXOOO."
"..XXXOOO.","..XXXOOO.","X","8","0","..XXXOOOX"
"..XXXOOO.","..XXXOOO.","X","1","-1",".XXXXOOO."
"..XXXOOOX","..XXXOOOX","O","0","0","O.XXXOOOX"
"..XXXOOOX","..XXXOOOX","O","1","-1",".OXXXOOOX"
"..XXXOOXO","..XXXOOXO","O","0","-1","O.XXXOOXO"
"..XXXOOXO","..XXXOOXO","O","1","0",".OXXXOOXO"
".O......X",".....OX..","X","4","1",".O..X...X"
".O......X",".....OX..","X","0","0","XO......X"
".O......X",".....OX..","X","2","1",".OX.....X"
".O......X",".....OX..","X","6","1",".O....X.X"
".O......X",".....OX..","X","3","0",".O.X....X"
".O......X",".....OX..","X","5","-1",".O...X..X"
".O......X",".....OX..","X","7","0",".O.....XX"
".O.....X.","...O.X...","X","4","0",".O..X..X."
".O.....X.","...O.X...","X","0","0","XO.....X."
".O.....X.","...O.X...","X","2","0",".OX....X."
".O.....X.","...O.X...","X","6","0",".O....XX."
".O.....X.","...O.X...","X","8","0",".O.....XX"
".O.....X.","...O.X...","X","3","0",".O.X...X."
".O.....X.","...O.X...","X","5","0",".O...X.X."
".O.....XX","...O.X..X","O","4","-1",".O..O..XX"
".O.....XX","...O.X..X","O","0","-1","OO.....XX"
".O.....XX","...O.X..X","O","2","-1",".OO....XX"
".O.....XX","...O.X..X","O","6","0",".O....OXX"
".O.....XX","...O.X..X","O","3","-1",".O.O...XX"
".O.....XX","...O.X..X","O","5","-1",".O...O.XX"
".O....OXX","..OO.X..X","X","4","-1",".O..X.OXX"
".O....OXX","..OO.X..X","X","0","0","XO....OXX"
".O....OXX","..OO.X..X","X","2","0",".OX...OXX"
".O....OXX","..OO.X..X","X","3","-1",".O.X..OXX"
".O....OXX","..OO.X..X","X","5","-1",".O...XOXX"
".O....X..",".....OX..","X","4","1",".O..X.X.."
".O....X..",".....OX..","X","0","1","XO....X.."
".O....X..",".....OX..","X","2","0",".OX...X.."
".O....X..",".....OX..","X","8","1",".O....X.X"
".O....X..",".....OX..","X","3","-1",".O.X..X.."
".O....X..",".....OX..","X","5","0",".O...XX.."
".O....X..",".....OX..","X","7","0",".O....XX."
".O....X.X","..XO....X","O","4","-1",".O..O.X.X"
".O....X.X","..XO....X","O","0","-1","OO....X.X"
".O....X.X","..XO....X","O","2","-1",".OO...X.X"
".O....X.X","..XO....X","O","3","-1",".O.O..X.X"
".O....X.X","..XO....X","O","5","-1",".O...OX.X"
".O....X.X","..XO....X","O","7","-1",".O....XOX"
".O....XOX","..XO.O..X","X","4","1",".O..X.XOX"
".O....XOX","..XO.O..X","X","0","-1","XO....XOX"
".O....XOX","..XO.O..X","X","2","-1",".OX...XOX"
".O....XOX","..XO.O..X","X","3","-1",".O.X..XOX"
".O....XOX","..XO.O..X","X","5","-1",".O...XXOX"
".O....XX.","...O.X..X","O","4","-1",".O..O.XX."
".O....XX.","...O.X..X","O","0","-1","OO....XX."
".O....XX.","...O.X..X","O","2","-1",".OO...XX."
".O....XX.","...O.X..X","O","8","0",".O....XXO"
".O....XX.","...O.X..X","O","3","-1",".O.O..XX."
".O....XX.","...O.X..X","O","5","-1",".O...OXX."
".O....XXO","..OO.X..X","X","4","-1",".O..X.XXO"
".O....XXO","..OO.X..X","X","0","0","XO....XXO"
".O....XXO","..OO.X..X","X","2","0",".OX...XXO"
".O....XXO","..OO.X..X","X","3","-1",".O.X..XXO"
".O....XXO","..OO.X..X","X","5","-1",".O...XXXO"
".O...O.XX","...O.X.OX","X","4","1",".O..XO.XX"
".O...O.XX","...O.X.OX","X","0","1","XO...O.XX"
".O...O.XX","...O.X.OX","X","2","0",".OX..O.XX"
".O...O.XX","...O.X.OX","X","6","1",".O...OXXX"
".O...O.XX","...O.X.OX","X","3","0",".O.X.O.XX"
".O...OX.X","..XO...OX","X","4","1",".O..XOX.X"
".O...OX.X","..XO...OX","X","0","1","XO...OX.X"
".O...OX.X","..XO...OX","X","2","1",".OX..OX.X"
".O...OX.X","..XO...OX","X","3","1",".O.X.OX.X"
".O...OX.X","..XO...OX","X","7","1",".O...OXXX"
".O...OXX.","..XO.X.O.","X","4","1",".O..XOXX."
".O...OXX.","..XO.X.O.","X","0","1","XO...OXX."
".O...OXX.","..XO.X.O.","X","2","1",".OX..OXX."
".O...OXX.","..XO.X.O.","X","8","1",".O...OXXX"
".O...OXX.","..XO.X.O.","X","3","1",".O.X.OXX."
".O...X...",".....O.X.","X","4","1",".O..XX..."
".O...X...",".....O.X.","X","0","0","XO...X..."
".O...X...",".....O.X.","X","2","1",".OX..X..."
".O...X...",".....O.X.","X","6","0",".O...XX.."
".O...X...",".....O.X.","X","8","-1",".O...X..X"
".O...X...",".....O.X.","X","3","-1",".O.X.X..."
".O...X...",".....O.X.","X","7","0",".O...X.X."
".O...X..X",".....OXX.","O","4","-1",".O..OX..X"
".O...X..X",".....OXX.","O","0","-1","OO...X..X"
".O...X..X",".....OXX.","O","2","1",".OO..X..X"
".O...X..X",".....OXX.","O","6","-1",".O...XO.X"
".O...X..X",".....OXX.","O","3","-1",".O.O.X..X"
".O...X..X",".....OXX.","O","7","-1",".O...X.OX"
".O...X.OX","...O.O.XX","X","4","1",".O..XX.OX"
".O...X.OX","...O.O.XX","X","0","-1","XO...X.OX"
".O...X.OX","...O.O.XX","X","2","1",".OX..X.OX"
".O...X.OX","...O.O.XX","X","6","-1",".O...XXOX"
".O...X.OX","...O.O.XX","X","3","-1",".O.X.X.OX"
".O...X.X.","...O.X.X.","O","4","-1",".O..OX.X."
".O...X.X.","...O.X.X.","O","0","-1","OO...X.X."
".O...X.X.","...O.X.X.","O","2","-1",".OO..X.X."
".O...X.X.","...O.X.X.","O","6","0",".O...XOX."
".O...X.X.","...O.X.X.","O","8","0",".O...X.XO"
".O...X.X.","...O.X.X.","O","3","-1",".O.O.X.X."
".O...X.XO","...O.X.XO","X","4","0",".O..XX.XO"
".O...X.XO","...O.X.XO","X","0","0","XO...X.XO"
".O...X.XO","...O.X.XO","X","2","0",".OX..X.XO"
".O...X.XO","...O.X.XO","X","6","-1",".O...XXXO"
".O...X.XO","...O.X.XO","X","3","0",".O.X.X.XO"
".O...XO.X","..OO...XX","X","4","1",".O..XXO.X"
".O...XO.X","..OO...XX","X","0","1","XO...XO.X"
".O...XO.X","..OO...XX","X","2","1",".OX..XO.X"
".O...XO.X","..OO...XX","X","3","1",".O.X.XO.X"
".O...XO.X","..OO...XX","X","7","-1",".O...XOXX"
".O...XOX.","..OO.X.X.","X","4","0",".O..XXOX."
".O...XOX.","..OO.X.X.","X","0","0","XO...XOX."
".O...XOX.","..OO.X.X.","X","2","0",".OX..XOX."
".O...XOX.","..OO.X.X.","X","8","-1",".O...XOXX"
".O...XOX.","..OO.X.X.","X","3","0",".O.X.XOX."
".O...XOXX","..OO.X.XX","O","4","-1",".O..OXOXX"
".O...XOXX","..OO.X.XX","O","0","-1","OO...XOXX"
".O...XOXX","..OO.X.XX","O","2","1",".OO..XOXX"
".O...XOXX","..OO.X.XX","O","3","-1",".O.O.XOXX"
".O...XX..","..XO...X.","O","4","0",".O..OXX.."
".O...XX..","..XO...X.","O","0","-1","OO...XX.."
".O...XX..","..XO...X.","O","2","-1",".OO..XX.."
".O...XX..","..XO...X.","O","8","-1",".O...XX.O"
".O...XX..","..XO...X.","O","3","-1",".O.O.XX.."
".O...XX..","..XO...X.","O","7","-1",".O...XXO."
".O...XX.O","..XO...XO","X","4","1",".O..XXX.O"
".O...XX.O","..XO...XO","X","0","0","XO...XX.O"
".O...XX.O","..XO...XO","X","2","-1",".OX..XX.O"
".O...XX.O","..XO...XO","X","3","1",".O.X.XX.O"
".O...XX.O","..XO...XO","X","7","-1",".O...XXXO"
".O...XXO.","..XO.O.X.","X","4","1",".O..XXXO."
".O...XXO.","..XO.O.X.","X","0","-1","XO...XXO."
".O...XXO.","..XO.O.X.","X","2","-1",".OX..XXO."
".O...XXO.","..XO.O.X.","X","8","-1",".O...XXOX"
".O...XXO.","..XO.O.X.","X","3","-1",".O.X.XXO."
".O...XXOX","..XO.O.XX","O","4","1",".O..OXXOX"
".O...XXOX","..XO.O.XX","O","0","-1","OO...XXOX"
".O...XXOX","..XO.O.XX","O","2","1",".OO..XXOX"
".O...XXOX","..XO.O.XX","O","3","-1",".O.O.XXOX"
".O...XXXO","..XO.X.XO","O","4","0",".O..OXXXO"
".O...XXXO","..XO.X.XO","O","0","1","OO...XXXO"
".O...XXXO","..XO.X.XO","O","2","0",".OO..XXXO"
".O...XXXO","..XO.X.XO","O","3","0",".O.O.XXXO"
".O..O..XX","...OOX..X","X","0","0","XO..O..XX"
".O..O..XX","...OOX..X","X","2","1",".OX.O..XX"
".O..O..XX","...OOX..X","X","6","1",".O..O.XXX"
".O..O..XX","...OOX..X","X","3","0",".O.XO..XX"
".O..O..XX","...OOX..X","X","5","1",".O..OX.XX"
".O..O.X.X","..XOO...X","X","0","-1","XO..O.X.X"
".O..O.X.X","..XOO...X","X","2","-1",".OX.O.X.X"
".O..O.X.X","..XOO...X","X","3","-1",".O.XO.X.X"
".O..O.X.X","..XOO...X","X","5","-1",".O..OXX.X"
".O..O.X.X","..XOO...X","X","7","1",".O..O.XXX"
".O..O.XX.","...OOX..X","X","0","1","XO..O.XX."
".O..O.XX.","...OOX..X","X","2","0",".OX.O.XX."
".O..O.XX.","...OOX..X","X","8","1",".O..O.XXX"
".O..O.XX.","...OOX..X","X","3","1",".O.XO.XX."
".O..O.XX.","...OOX..X","X","5","0",".O..OXXX."
".O..OX..X","....OOXX.","X","0","-1","XO..OX..X"
".O..OX..X","....OOXX.","X","2","1",".OX.OX..X"
".O..OX..X","....OOXX.","X","6","-1",".O..OXX.X"
".O..OX..X","....OOXX.","X","3","-1",".O.XOX..X"
".O..OX..X","....OOXX.","X","7","1",".O..OX.XX"
".O..OX.X.","...OOX.X.","X","0","0","XO..OX.X."
".O..OX.X.","...OOX.X.","X","2","0",".OX.OX.X."
".O..OX.X.","...OOX.X.","X","6","0",".O..OXXX."
".O..OX.X.","...OOX.X.","X","8","1",".O..OX.XX"
".O..OX.X.","...OOX.X.","X","3","-1",".O.XOX.X."
".O..OX.XX","...OOX.XX","O","0","-1","OO..OX.XX"
".O..OX.XX","...OOX.XX","O","2","-1",".OO.OX.XX"
".O..OX.XX","...OOX.XX","O","6","-1",".O..OXOXX"
".O..OX.XX","...OOX.XX","O","3","-1",".O.OOX.XX"
".O..OXOXX","..OOOX.XX","X","0","-1","XO..OXOXX"
".O..OXOXX","..OOOX.XX","X","2","1",".OX.OXOXX"
".O..OXOXX","..OOOX.XX","X","3","-1",".O.XOXOXX"
".O..OXX..","..XOO..X.","X","0","-1","XO..OXX.."
".O..OXX..","..XOO..X.","X","2","-1",".OX.OXX.."
".O..OXX..","..XOO..X.","X","8","-1",".O..OXX.X"
".O..OXX..","..XOO..X.","X","3","-1",".O.XOXX.."
".O..OXX..","..XOO..X.","X","7","0",".O..OXXX."
".O..OXX.X","..XOO..XX","O","0","-1","OO..OXX.X"
".O..OXX.X","..XOO..XX","O","2","-1",".OO.OXX.X"
".O..OXX.X","..XOO..XX","O","3","-1",".O.OOXX.X"
".O..OXX.X","..XOO..XX","O","7","1",".O..OXXOX"
".O..OXXX.","..XOOX.X.","O","0","-1","OO..OXXX."
".O..OXXX.","..XOOX.X.","O","2","-1",".OO.OXXX."
".O..OXXX.","..XOOX.X.","O","8","0",".O..OXXXO"
".O..OXXX.","..XOOX.X.","O","3","-1",".O.OOXXX."
".O..OXXXO","..XOOX.XO","X","0","0","XO..OXXXO"
".O..OXXXO","..XOOX.XO","X","2","-1",".OX.OXXXO"
".O..OXXXO","..XOOX.XO","X","3","-1",".O.XOXXXO"
".O..X....","....X..O.","X","0","1","XO..X...."
".O..X....","....X..O.","X","2","1",".OX.X...."
".O..X....","....X..O.","X","6","1",".O..X.X.."
".O..X....","....X..O.","X","8","1",".O..X...X"
".O..X....","....X..O.","X","3","1",".O.XX...."
".O..X....","....X..O.","X","5","1",".O..XX..."
".O..X....","....X..O.","X","7","0",".O..X..X."
".O..X...X","....XOX..","O","0","-1","OO..X...X"
".O..X...X","....XOX..","O","2","-1",".OO.X...X"
".O..X...X","....XOX..","O","6","-1",".O..X.O.X"
".O..X...X","....XOX..","O","3","-1",".O.OX...X"
".O..X...X","....XOX..","O","5","-1",".O..XO..X"
".O..X...X","....XOX..","O","7","-1",".O..X..OX"
".O..X..OX","...OXO..X","X","0","1","XO..X..OX"
".O..X..OX","...OXO..X","X","2","1",".OX.X..OX"
".O..X..OX","...OXO..X","X","6","1",".O..X.XOX"
".O..X..OX","...OXO..X","X","3","1",".O.XX..OX"
".O..X..OX","...OXO..X","X","5","1",".O..XX.OX"
".O..X..X.","...OXX...","O","0","0","OO..X..X."
".O..X..X.","...OXX...","O","2","0",".OO.X..X."
".O..X..X.","...OXX...","O","6","0",".O..X.OX."
".O..X..X.","...OXX...","O","8","0",".O..X..XO"
".O..X..X.","...OXX...","O","3","-1",".O.OX..X."
".O..X..X.","...OXX...","O","5","-1",".O..XO.X."
".O..X..XO","...OXX..O","X","0","0","XO..X..XO"
".O..X..XO","...OXX..O","X","2","0",".OX.X..XO"
".O..X..XO","...OXX..O","X","6","-1",".O..X.XXO"
".O..X..XO","...OXX..O","X","3","0",".O.XX..XO"
".O..X..XO","...OXX..O","X","5","0",".O..XX.XO"
".O..X.O.X","..OOX...X","X","0","1","XO..X.O.X"
".O..X.O.X","..OOX...X","X","2","1",".OX.X.O.X"
".O..X.O.X","..OOX...X","X","3","1",".O.XX.O.X"
".O..X.O.X","..OOX...X","X","5","1",".O..XXO.X"
".O..X.O.X","..OOX...X","X","7","-1",".O..X.OXX"
".O..X.OX.","...OXX..O","X","0","0","XO..X.OX."
".O..X.OX.","...OXX..O","X","2","0",".OX.X.OX."
".O..X.OX.","...OXX..O","X","8","-1",".O..X.OXX"
".O..X.OX.","...OXX..O","X","3","0",".O.XX.OX."
".O..X.OX.","...OXX..O","X","5","0",".O..XXOX."
".O..X.OXX","..OOXX..X","O","0","1","OO..X.OXX"
".O..X.OXX","..OOXX..X","O","2","-1",".OO.X.OXX"
".O..X.OXX","..OOXX..X","O","3","-1",".O.OX.OXX"
".O..X.OXX","..OOXX..X","O","5","-1",".O..XOOXX"
".O..X.X..","....XOX..","O","0","-1","OO..X.X.."
".O..X.X..","....XOX..","O","2","-1",".OO.X.X.."
".O..X.X..","....XOX..","O","8","-1",".O..X.X.O"
".O..X.X..","....XOX..","O","3","-1",".O.OX.X.."
".O..X.X..","....XOX..","O","5","-1",".O..XOX.."
".O..X.X..","....XOX..","O","7","-1",".O..X.XO."
".O..X.X.O","..OOX...X","X","0","1","XO..X.X.O"
".O..X.X.O","..OOX...X","X","2","1",".OX.X.X.O"
".O..X.X.O","..OOX...X","X","3","1",".O.XX.X.O"
".O..X.X.O","..OOX...X","X","5","1",".O..XXX.O"
".O..X.X.O","..OOX...X","X","7","-1",".O..X.XXO"
".O..X.XO.","...OXO..X","X","0","1","XO..X.XO."
".O..X.XO.","...OXO..X","X","2","1",".OX.X.XO."
".O..X.XO.","...OXO..X","X","8","1",".O..X.XOX"
".O..X.XO.","...OXO..X","X","3","1",".O.XX.XO."
".O..X.XO.","...OXO..X","X","5","1",".O..XXXO."
".O..X.XOX","..XOXO..X","O","0","-1","OO..X.XOX"
".O..X.XOX","..XOXO..X","O","2","-1",".OO.X.XOX"
".O..X.XOX","..XOXO..X","O","3","-1",".O.OX.XOX"
".O..X.XOX","..XOXO..X","O","5","-1",".O..XOXOX"
".O..X.XXO","..OOXX..X","O","0","-1","OO..X.XXO"
".O..X.XXO","..OOXX..X","O","2","1",".OO.X.XXO"
".O..X.XXO","..OOXX..X","O","3","-1",".O.OX.XXO"
".O..X.XXO","..OOXX..X","O","5","-1",".O..XOXXO"
".O..XO..X","....XOXO.","X","0","1","XO..XO..X"
".O..XO..X","....XOXO.","X","2","1",".OX.XO..X"
".O..XO..X","....XOXO.","X","6","1",".O..XOX.X"
".O..XO..X","....XOXO.","X","3","0",".O.XXO..X"
".O..XO..X","....XOXO.","X","7","1",".O..XO.XX"
".O..XO.X.","...OXX.O.","X","0","0","XO..XO.X."
".O..XO.X.","...OXX.O.","X","2","0",".OX.XO.X."
".O..XO.X.","...OXX.O.","X","6","1",".O..XOXX."
".O..XO.X.","...OXX.O.","X","8","1",".O..XO.XX"
".O..XO.X.","...OXX.O.","X","3","-1",".O.XXO.X."
".O..XO.XX","...OXX.OX","O","0","-1","OO..XO.XX"
".O..XO.XX","...OXX.OX","O","2","-1",".OO.XO.XX"
".O..XO.XX","...OXX.OX","O","6","-1",".O..XOOXX"
".O..XO.XX","...OXX.OX","O","3","-1",".O.OXO.XX"
".O..XOOXX","..OOXX.OX","X","0","1","XO..XOOXX"
".O..XOOXX","..OOXX.OX","X","2","0",".OX.XOOXX"
".O..XOOXX","..OOXX.OX","X","3","0",".O.XXOOXX"
".O..XOX..","..XOX..O.","X","0","1","XO..XOX.."
".O..XOX..","..XOX..O.","X","2","1",".OX.XOX.."
".O..XOX..","..XOX..O.","X","8","1",".O..XOX.X"
".O..XOX..","..XOX..O.","X","3","1",".O.XXOX.."
".O..XOX..","..XOX..O.","X","7","1",".O..XOXX."
".O..XOX.X","..XOX..OX","O","0","-1","OO..XOX.X"
".O..XOX.X","..XOX..OX","O","2","-1",".OO.XOX.X"
".O..XOX.X","..XOX..OX","O","3","-1",".O.OXOX.X"
".O..XOX.X","..XOX..OX","O","7","-1",".O..XOXOX"
".O..XOXOX","..XOXO.OX","X","0","1","XO..XOXOX"
".O..XOXOX","..XOXO.OX","X","2","1",".OX.XOXOX"
".O..XOXOX","..XOXO.OX","X","3","1",".O.XXOXOX"
".O..XOXX.","..XOXX.O.","O","0","-1","OO..XOXX."
".O..XOXX.","..XOXX.O.","O","2","-1",".OO.XOXX."
".O..XOXX.","..XOXX.O.","O","8","-1",".O..XOXXO"
".O..XOXX.","..XOXX.O.","O","3","-1",".O.OXOXX."
".O..XOXXO","..XOXX.OO","X","0","-1","XO..XOXXO"
".O..XOXXO","..XOXX.OO","X","2","1",".OX.XOXXO"
".O..XOXXO","..XOXX.OO","X","3","-1",".O.XXOXXO"
".O..XX...","....XO.X.","O","0","-1","OO..XX..."
".O..XX...","....XO.X.","O","2","-1",".OO.XX..."
".O..XX...","....XO.X.","O","6","-1",".O..XXO.."
".O..XX...","....XO.X.","O","8","-1",".O..XX..O"
".O..XX...","....XO.X.","O","3","-1",".O.OXX..."
".O..XX...","....XO.X.","O","7","-1",".O..XX.O."
".O..XX..O","....XOOX.","X","0","0","XO..XX..O"
".O..XX..O","....XOOX.","X","2","1",".OX.XX..O"
".O..XX..O","....XOOX.","X","6","1",".O..XXX.O"
".O..XX..O","....XOOX.","X","3","1",".O.XXX..O"
".O..XX..O","....XOOX.","X","7","0",".O..XX.XO"
".O..XX.O.","...OXO.X.","X","0","1","XO..XX.O."
".O..XX.O.","...OXO.X.","X","2","1",".OX.XX.O."
".O..XX.O.","...OXO.X.","X","6","1",".O..XXXO."
".O..XX.O.","...OXO.X.","X","8","1",".O..XX.OX"
".O..XX.O.","...OXO.X.","X","3","1",".O.XXX.O."
".O..XX.OX","...OXO.XX","O","0","-1","OO..XX.OX"
".O..XX.OX","...OXO.XX","O","2","-1",".OO.XX.OX"
".O..XX.OX","...OXO.XX","O","6","-1",".O..XXOOX"
".O..XX.OX","...OXO.XX","O","3","-1",".O.OXX.OX"
".O..XX.XO","...OXX.XO","O","0","-1","OO..XX.XO"
".O..XX.XO","...OXX.XO","O","2","-1",".OO.XX.XO"
".O..XX.XO","...OXX.XO","O","6","-1",".O..XXOXO"
".O..XX.XO","...OXX.XO","O","3","0",".O.OXX.XO"
".O..XXO..","..OOX..X.","X","0","1","XO..XXO.."
".O..XXO..","..OOX..X.","X","2","1",".OX.XXO.."
".O..XXO..","..OOX..X.","X","8","1",".O..XXO.X"
".O..XXO..","..OOX..X.","X","3","1",".O.XXXO.."
".O..XXO..","..OOX..X.","X","7","0",".O..XXOX."
".O..XXO.X","..OOX..XX","O","0","-1","OO..XXO.X"
".O..XXO.X","..OOX..XX","O","2","-1",".OO.XXO.X"
".O..XXO.X","..OOX..XX","O","3","-1",".O.OXXO.X"
".O..XXO.X","..OOX..XX","O","7","-1",".O..XXOOX"
".O..XXOOX","..OOXO.XX","X","0","1","XO..XXOOX"
".O..XXOOX","..OOXO.XX","X","2","1",".OX.XXOOX"
".O..XXOOX","..OOXO.XX","X","3","1",".O.XXXOOX"
".O..XXOX.","..OOXX.X.","O","0","-1","OO..XXOX."
".O..XXOX.","..OOXX.X.","O","2","-1",".OO.XXOX."
".O..XXOX.","..OOXX.X.","O","8","-1",".O..XXOXO"
".O..XXOX.","..OOXX.X.","O","3","0",".O.OXXOX."
".O..XXOXO","..OOXX.XO","X","0","0","XO..XXOXO"
".O..XXOXO","..OOXX.XO","X","2","0",".OX.XXOXO"
".O..XXOXO","..OOXX.XO","X","3","1",".O.XXXOXO"
".O..XXX.O","..XOX..XO","O","0","-1","OO..XXX.O"
".O..XXX.O","..XOX..XO","O","2","-1",".OO.XXX.O"
".O..XXX.O","..XOX..XO","O","3","-1",".O.OXXX.O"
".O..XXX.O","..XOX..XO","O","7","-1",".O..XXXOO"
".O..XXXO.","..XOXO.X.","O","0","-1","OO..XXXO."
".O..XXXO.","..XOXO.X.","O","2","-1",".OO.XXXO."
".O..XXXO.","..XOXO.X.","O","8","-1",".O..XXXOO"
".O..XXXO.","..XOXO.X.","O","3","-1",".O.OXXXO."
".O..XXXOO","..XOXO.XO","X","0","1","XO..XXXOO"
".O..XXXOO","..XOXO.XO","X","2","1",".OX.XXXOO"
".O..XXXOO","..XOXO.XO","X","3","1",".O.XXXXOO"
".O.O...XX","..XO.X.O.","X","4","1",".O.OX..XX"
".O.O...XX","..XO.X.O.","X","0","1","XO.O...XX"
".O.O...XX","..XO.X.O.","X","2","1",".OXO...XX"
".O.O...XX","..XO.X.O.","X","6","1",".O.O..XXX"
".O.O...XX","..XO.X.O.","X","5","1",".O.O.X.XX"
".O.O..X.X","..XO...OX","X","4","1",".O.OX.X.X"
".O.O..X.X","..XO...OX","X","0","1","XO.O..X.X"
".O.O..X.X","..XO...OX","X","2","1",".OXO..X.X"
".O.O..X.X","..XO...OX","X","5","1",".O.O.XX.X"
".O.O..X.X","..XO...OX","X","7","1",".O.O..XXX"
".O.O..XX.","...O.X.OX","X","4","1",".O.OX.XX."
".O.O..XX.","...O.X.OX","X","0","0","XO.O..XX."
".O.O..XX.","...O.X.OX","X","2","1",".OXO..XX."
".O.O..XX.","...O.X.OX","X","8","1",".O.O..XXX"
".O.O..XX.","...O.X.OX","X","5","0",".O.O.XXX."
".O.O.X..X","..XO.X.O.","X","4","1",".O.OXX..X"
".O.O.X..X","..XO.X.O.","X","0","1","XO.O.X..X"
".O.O.X..X","..XO.X.O.","X","2","1",".OXO.X..X"
".O.O.X..X","..XO.X.O.","X","6","1",".O.O.XX.X"
".O.O.X..X","..XO.X.O.","X","7","1",".O.O.X.XX"
".O.O.X.X.",".O.O.X.X.","X","4","-1",".O.OXX.X."
".O.O.X.X.",".O.O.X.X.","X","0","0","XO.O.X.X."
".O.O.X.X.",".O.O.X.X.","X","2","0",".OXO.X.X."
".O.O.X.X.",".O.O.X.X.","X","6","0",".O.O.XXX."
".O.O.X.X.",".O.O.X.X.","X","8","1",".O.O.X.XX"
".O.O.X.XX",".O.O.X.XX","O","4","-1",".O.OOX.XX"
".O.O.X.XX",".O.O.X.XX","O","0","-1","OO.O.X.XX"
".O.O.X.XX",".O.O.X.XX","O","2","-1",".OOO.X.XX"
".O.O.X.XX",".O.O.X.XX","O","6","-1",".O.O.XOXX"
".O.O.XOXX",".O.O.XOXX","X","4","-1",".O.OXXOXX"
".O.O.XOXX",".O.O.XOXX","X","0","1","XO.O.XOXX"
".O.O.XOXX",".O.O.XOXX","X","2","1",".OXO.XOXX"
".O.O.XX..","..XX.O.O.","X","4","0",".O.OXXX.."
".O.O.XX..","..XX.O.O.","X","0","0","XO.O.XX.."
".O.O.XX..","..XX.O.O.","X","2","1",".OXO.XX.."
".O.O.XX..","..XX.O.O.","X","8","1",".O.O.XX.X"
".O.O.XX..","..XX.O.O.","X","7","0",".O.O.XXX."
".O.O.XX.X",".O.O.XX.X","O","4","-1",".O.OOXX.X"
".O.O.XX.X",".O.O.XX.X","O","0","-1","OO.O.XX.X"
".O.O.XX.X",".O.O.XX.X","O","2","-1",".OOO.XX.X"
".O.O.XX.X",".O.O.XX.X","O","7","-1",".O.O.XXOX"
".O.O.XXOX",".O.O.XXOX","X","4","1",".O.OXXXOX"
".O.O.XXOX",".O.O.XXOX","X","0","-1","XO.O.XXOX"
".O.O.XXOX",".O.O.XXOX","X","2","1",".OXO.XXOX"
".O.O.XXX.",".O.O.XXX.","O","4","-1",".O.OOXXX."
".O.O.XXX.",".O.O.XXX.","O","0","-1","OO.O.XXX."
".O.O.XXX.",".O.O.XXX.","O","2","-1",".OOO.XXX."
".O.O.XXX.",".O.O.XXX.","O","8","0",".O.O.XXXO"
".O.O.XXXO",".O.O.XXXO","X","4","0",".O.OXXXXO"
".O.O.XXXO",".O.O.XXXO","X","0","0","XO.O.XXXO"
".O.O.XXXO",".O.O.XXXO","X","2","0",".OXO.XXXO"
".O.OOX.XX",".O.OOX.XX","X","0","1","XO.OOX.XX"
".O.OOX.XX",".O.OOX.XX","X","2","1",".OXOOX.XX"
".O.OOX.XX",".O.OOX.XX","X","6","1",".O.OOXXXX"
".O.OOXX.X",".O.OOXX.X","X","0","-1","XO.OOXX.X"
".O.OOXX.X",".O.OOXX.X","X","2","1",".OXOOXX.X"
".O.OOXX.X",".O.OOXX.X","X","7","1",".O.OOXXXX"
".O.OOXXX.",".O.OOXXX.","X","0","0","XO.OOXXX."
".O.OOXXX.",".O.OOXXX.","X","2","0",".OXOOXXX."
".O.OOXXX.",".O.OOXXX.","X","8","1",".O.OOXXXX"
".O.OX...X","..XOX..O.","X","0","1","XO.OX...X"
".O.OX...X","..XOX..O.","X","2","1",".OXOX...X"
".O.OX...X","..XOX..O.","X","6","1",".O.OX.X.X"
".O.OX...X","..XOX..O.","X","5","1",".O.OXX..X"
".O.OX...X","..XOX..O.","X","7","1",".O.OX..XX"
".O.OX..X.","...OXX.O.","X","0","0","XO.OX..X."
".O.OX..X.","...OXX.O.","X","2","0",".OXOX..X."
".O.OX..X.","...OXX.O.","X","6","1",".O.OX.XX."
".O.OX..X.","...OXX.O.","X","8","1",".O.OX..XX"
".O.OX..X.","...OXX.O.","X","5","-1",".O.OXX.X."
".O.OX..XX","..XOXX.O.","O","0","-1","OO.OX..XX"
".O.OX..XX","..XOXX.O.","O","2","-1",".OOOX..XX"
".O.OX..XX","..XOXX.O.","O","6","-1",".O.OX.OXX"
".O.OX..XX","..XOXX.O.","O","5","-1",".O.OXO.XX"
".O.OX.OXX","..XOXX.OO","X","0","1","XO.OX.OXX"
".O.OX.OXX","..XOXX.OO","X","2","-1",".OXOX.OXX"
".O.OX.OXX","..XOXX.OO","X","5","-1",".O.OXXOXX"
".O.OX.X..","....XOXO.","X","0","1","XO.OX.X.."
".O.OX.X..","....XOXO.","X","2","1",".OXOX.X.."
".O.OX.X..","....XOXO.","X","8","1",".O.OX.X.X"
".O.OX.X..","....XOXO.","X","5","0",".O.OXXX.."
".O.OX.X..","....XOXO.","X","7","1",".O.OX.XX."
".O.OX.X.X","..XOX..OX","O","0","-1","OO.OX.X.X"
".O.OX.X.X","..XOX..OX","O","2","-1",".OOOX.X.X"
".O.OX.X.X","..XOX..OX","O","5","-1",".O.OXOX.X"
".O.OX.X.X","..XOX..OX","O","7","-1",".O.OX.XOX"
".O.OX.XOX","..XOXO.OX","X","0","1","XO.OX.XOX"
".O.OX.XOX","..XOXO.OX","X","2","1",".OXOX.XOX"
".O.OX.XOX","..XOXO.OX","X","5","1",".O.OXXXOX"
".O.OX.XX.","...OXX.OX","O","0","-1","OO.OX.XX."
".O.OX.XX.","...OXX.OX","O","2","-1",".OOOX.XX."
".O.OX.XX.","...OXX.OX","O","8","-1",".O.OX.XXO"
".O.OX.XX.","...OXX.OX","O","5","-1",".O.OXOXX."
".O.OX.XXO","..OOXX.OX","X","0","0","XO.OX.XXO"
".O.OX.XXO","..OOXX.OX","X","2","1",".OXOX.XXO"
".O.OX.XXO","..OOXX.OX","X","5","0",".O.OXXXXO"
".O.OXO.XX",".O.OXO.XX","X","0","1","XO.OXO.XX"
".O.OXO.XX",".O.OXO.XX","X","2","1",".OXOXO.XX"
".O.OXO.XX",".O.OXO.XX","X","6","1",".O.OXOXXX"
".O.OXOX.X",".O.OXOX.X","X","0","1","XO.OXOX.X"
".O.OXOX.X",".O.OXOX.X","X","2","1",".OXOXOX.X"
".O.OXOX.X",".O.OXOX.X","X","7","1",".O.OXOXXX"
".O.OXOXX.",".O.OXO.XX","X","0","1","XO.OXOXX."
".O.OXOXX.",".O.OXO.XX","X","2","1",".OXOXOXX."
".O.OXOXX.",".O.OXO.XX","X","8","1",".O.OXOXXX"
".O.OXX...","...OXX.O.","X","0","0","XO.OXX..."
".O.OXX...","...OXX.O.","X","2","1",".OXOXX..."
".O.OXX...","...OXX.O.","X","6","0",".O.OXXX.."
".O.OXX...","...OXX.O.","X","8","1",".O.OXX..X"
".O.OXX...","...OXX.O.","X","7","-1",".O.OXX.X."
".O.OXX..X","..XOXX.O.","O","0","-1","OO.OXX..X"
".O.OXX..X","..XOXX.O.","O","2","-1",".OOOXX..X"
".O.OXX..X","..XOXX.O.","O","6","-1",".O.OXXO.X"
".O.OXX..X","..XOXX.O.","O","7","-1",".O.OXX.OX"
".O.OXX.OX",".O.OXO.XX","X","0","1","XO.OXX.OX"
".O.OXX.OX",".O.OXO.XX","X","2","1",".OXOXX.OX"
".O.OXX.OX",".O.OXO.XX","X","6","1",".O.OXXXOX"
".O.OXX.X.",".O.OXX.X.","O","0","1","OO.OXX.X."
".O.OXX.X.",".O.OXX.X.","O","2","0",".OOOXX.X."
".O.OXX.X.",".O.OXX.X.","O","6","0",".O.OXXOX."
".O.OXX.X.",".O.OXX.X.","O","8","0",".O.OXX.XO"
".O.OXX.XO",".O.OXX.XO","X","0","0","XO.OXX.XO"
".O.OXX.XO",".O.OXX.XO","X","2","0",".OXOXX.XO"
".O.OXX.XO",".O.OXX.XO","X","6","0",".O.OXXXXO"
".O.OXXO.X",".O.OXXO.X","X","0","1","XO.OXXO.X"
".O.OXXO.X",".O.OXXO.X","X","2","1",".OXOXXO.X"
".O.OXXO.X",".O.OXXO.X","X","7","-1",".O.OXXOXX"
".O.OXXOX.",".O.OXXOX.","X","0","0","XO.OXXOX."
".O.OXXOX.",".O.OXXOX.","X","2","-1",".OXOXXOX."
".O.OXXOX.",".O.OXXOX.","X","8","-1",".O.OXXOXX"
".O.OXXOXX",".O.OXXOXX","O","0","1","OO.OXXOXX"
".O.OXXOXX",".O.OXXOXX","O","2","-1",".OOOXXOXX"
".O.OXXX..","..XXXO.O.","O","0","-1","OO.OXXX.."
".O.OXXX..","..XXXO.O.","O","2","0",".OOOXXX.."
".O.OXXX..","..XXXO.O.","O","8","-1",".O.OXXX.O"
".O.OXXX..","..XXXO.O.","O","7","-1",".O.OXXXO."
".O.OXXX.O",".O.OXXX.O","X","0","0","XO.OXXX.O"
".O.OXXX.O",".O.OXXX.O","X","2","1",".OXOXXX.O"
".O.OXXX.O",".O.OXXX.O","X","7","0",".O.OXXXXO"
".O.OXXXO.",".O.OXXXO.","X","0","1","XO.OXXXO."
".O.OXXXO.",".O.OXXXO.","X","2","1",".OXOXXXO."
".O.OXXXO.",".O.OXXXO.","X","8","1",".O.OXXXOX"
".O.OXXXOX",".O.OXXXOX","O","0","-1","OO.OXXXOX"
".O.OXXXOX",".O.OXXXOX","O","2","-1",".OOOXXXOX"
".O.OXXXXO",".O.OXXXXO","O","0","-1","OO.OXXXXO"
".O.OXXXXO",".O.OXXXXO","O","2","0",".OOOXXXXO"
".O.X.....",".....O.X.","X","4","1",".O.XX...."
".O.X.....",".....O.X.","X","0","1","XO.X....."
".O.X.....",".....O.X.","X","2","0",".OXX....."
".O.X.....",".....O.X.","X","6","-1",".O.X..X.."
".O.X.....",".....O.X.","X","8","0",".O.X....X"
".O.X.....",".....O.X.","X","5","-1",".O.X.X..."
".O.X.....",".....O.X.","X","7","0",".O.X...X."
".O.X....X","..XO...X.","O","4","0",".O.XO...X"
".O.X....X","..XO...X.","O","0","-1","OO.X....X"
".O.X....X","..XO...X.","O","2","-1",".OOX....X"
".O.X....X","..XO...X.","O","6","-1",".O.X..O.X"
".O.X....X","..XO...X.","O","5","-1",".O.X.O..X"
".O.X....X","..XO...X.","O","7","-1",".O.X...OX"
".O.X...OX","..XO.O.X.","X","4","1",".O.XX..OX"
".O.X...OX","..XO.O.X.","X","0","-1","XO.X...OX"
".O.X...OX","..XO.O.X.","X","2","-1",".OXX...OX"
".O.X...OX","..XO.O.X.","X","6","-1",".O.X..XOX"
".O.X...OX","..XO.O.X.","X","5","-1",".O.X.X.OX"
".O.X...X.","...O.X.X.","O","4","-1",".O.XO..X."
".O.X...X.","...O.X.X.","O","0","-1","OO.X...X."
".O.X...X.","...O.X.X.","O","2","-1",".OOX...X."
".O.X...X.","...O.X.X.","O","6","0",".O.X..OX."
".O.X...X.","...O.X.X.","O","8","0",".O.X...XO"
".O.X...X.","...O.X.X.","O","5","-1",".O.X.O.X."
".O.X...XO","..OO.X.X.","X","4","0",".O.XX..XO"
".O.X...XO","..OO.X.X.","X","0","0","XO.X...XO"
".O.X...XO","..OO.X.X.","X","2","0",".OXX...XO"
".O.X...XO","..OO.X.X.","X","6","-1",".O.X..XXO"
".O.X...XO","..OO.X.X.","X","5","0",".O.X.X.XO"
".O.X..O.X","..XO...XO","X","4","1",".O.XX.O.X"
".O.X..O.X","..XO...XO","X","0","-1","XO.X..O.X"
".O.X..O.X","..XO...XO","X","2","0",".OXX..O.X"
".O.X..O.X","..XO...XO","X","5","1",".O.X.XO.X"
".O.X..O.X","..XO...XO","X","7","-1",".O.X..OXX"
".O.X..OX.","...O.X.XO","X","4","0",".O.XX.OX."
".O.X..OX.","...O.X.XO","X","0","0","XO.X..OX."
".O.X..OX.","...O.X.XO","X","2","0",".OXX..OX."
".O.X..OX.","...O.X.XO","X","8","-1",".O.X..OXX"
".O.X..OX.","...O.X.XO","X","5","0",".O.X.XOX."
".O.X..OXX","..XO.X.XO","O","4","0",".O.XO.OXX"
".O.X..OXX","..XO.X.XO","O","0","0","OO.X..OXX"
".O.X..OXX","..XO.X.XO","O","2","1",".OOX..OXX"
".O.X..OXX","..XO.X.XO","O","5","0",".O.X.OOXX"
".O.X..X..",".....OXX.","O","4","-1",".O.XO.X.."
".O.X..X..",".....OXX.","O","0","1","OO.X..X.."
".O.X..X..",".....OXX.","O","2","-1",".OOX..X.."
".O.X..X..",".....OXX.","O","8","-1",".O.X..X.O"
".O.X..X..",".....OXX.","O","5","-1",".O.X.OX.."
".O.X..X..",".....OXX.","O","7","-1",".O.X..XO."
".O.X..X.O","..OO...XX","X","4","1",".O.XX.X.O"
".O.X..X.O","..OO...XX","X","0","1","XO.X..X.O"
".O.X..X.O","..OO...XX","X","2","1",".OXX..X.O"
".O.X..X.O","..OO...XX","X","5","1",".O.X.XX.O"
".O.X..X.O","..OO...XX","X","7","-1",".O.X..XXO"
".O.X..XO.","...O.O.XX","X","4","1",".O.XX.XO."
".O.X..XO.","...O.O.XX","X","0","1","XO.X..XO."
".O.X..XO.","...O.O.XX","X","2","-1",".OXX..XO."
".O.X..XO.","...O.O.XX","X","8","-1",".O.X..XOX"
".O.X..XO.","...O.O.XX","X","5","-1",".O.X.XXO."
".O.X..XOX","..XO.O.XX","O","4","1",".O.XO.XOX"
".O.X..XOX","..XO.O.XX","O","0","1","OO.X..XOX"
".O.X..XOX","..XO.O.XX","O","2","-1",".OOX..XOX"
".O.X..XOX","..XO.O.XX","O","5","-1",".O.X.OXOX"
".O.X..XXO","..OO.X.XX","O","4","-1",".O.XO.XXO"
".O.X..XXO","..OO.X.XX","O","0","1","OO.X..XXO"
".O.X..XXO","..OO.X.XX","O","2","-1",".OOX..XXO"
".O.X..XXO","..OO.X.XX","O","5","-1",".O.X.OXXO"
".O.X.O..X","..XX.O.O.","X","4","0",".O.XXO..X"
".O.X.O..X","..XX.O.O.","X","0","1","XO.X.O..X"
".O.X.O..X","..XX.O.O.","X","2","0",".OXX.O..X"
".O.X.O..X","..XX.O.O.","X","6","1",".O.X.OX.X"
".O.X.O..X","..XX.O.O.","X","7","0",".O.X.O.XX"
".O.X.O.X.",".O.O.X.X.","X","4","-1",".O.XXO.X."
".O.X.O.X.",".O.O.X.X.","X","0","0","XO.X.O.X."
".O.X.O.X.",".O.O.X.X.","X","2","0",".OXX.O.X."
".O.X.O.X.",".O.O.X.X.","X","6","1",".O.X.OXX."
".O.X.O.X.",".O.O.X.X.","X","8","0",".O.X.O.XX"
".O.X.O.XX",".O.O.XXX.","O","4","-1",".O.XOO.XX"
".O.X.O.XX",".O.O.XXX.","O","0","-1","OO.X.O.XX"
".O.X.O.XX",".O.O.XXX.","O","2","-1",".OOX.O.XX"
".O.X.O.XX",".O.O.XXX.","O","6","0",".O.X.OOXX"
".O.X.OOXX",".O.O.XXXO","X","4","0",".O.XXOOXX"
".O.X.OOXX",".O.O.XXXO","X","0","0","XO.X.OOXX"
".O.X.OOXX",".O.O.XXXO","X","2","0",".OXX.OOXX"
".O.X.OX..","..XO.X.O.","X","4","1",".O.XXOX.."
".O.X.OX..","..XO.X.O.","X","0","1","XO.X.OX.."
".O.X.OX..","..XO.X.O.","X","2","1",".OXX.OX.."
".O.X.OX..","..XO.X.O.","X","8","1",".O.X.OX.X"
".O.X.OX..","..XO.X.O.","X","7","1",".O.X.OXX."
".O.X.OX.X",".O.O.XX.X","O","4","-1",".O.XOOX.X"
".O.X.OX.X",".O.O.XX.X","O","0","-1","OO.X.OX.X"
".O.X.OX.X",".O.O.XX.X","O","2","-1",".OOX.OX.X"
".O.X.OX.X",".O.O.XX.X","O","7","-1",".O.X.OXOX"
".O.X.OXOX",".O.O.XXOX","X","4","1",".O.XXOXOX"
".O.X.OXOX",".O.O.XXOX","X","0","1","XO.X.OXOX"
".O.X.OXOX",".O.O.XXOX","X","2","-1",".OXX.OXOX"
".O.X.OXX.",".O.O.X.XX","O","4","-1",".O.XOOXX."
".O.X.OXX.",".O.O.X.XX","O","0","-1","OO.X.OXX."
".O.X.OXX.",".O.O.X.XX","O","2","-1",".OOX.OXX."
".O.X.OXX.",".O.O.X.XX","O","8","-1",".O.X.OXXO"
".O.X.OXXO",".O.O.XOXX","X","4","-1",".O.XXOXXO"
".O.X.OXXO",".O.O.XOXX","X","0","1","XO.X.OXXO"
".O.X.OXXO",".O.O.XOXX","X","2","1",".OXX.OXXO"
".O.X.X...","...X.X.O.","O","4","1",".O.XOX..."
".O.X.X...","...X.X.O.","O","0","-1","OO.X.X..."
".O.X.X...","...X.X.O.","O","2","-1",".OOX.X..."
".O.X.X...","...X.X.O.","O","6","-1",".O.X.XO.."
".O.X.X...","...X.X.O.","O","8","-1",".O.X.X..O"
".O.X.X...","...X.X.O.","O","7","-1",".O.X.X.O."
".O.X.X..O","..OX.X.O.","X","4","1",".O.XXX..O"
".O.X.X..O","..OX.X.O.","X","0","1","XO.X.X..O"
".O.X.X..O","..OX.X.O.","X","2","-1",".OXX.X..O"
".O.X.X..O","..OX.X.O.","X","6","1",".O.X.XX.O"
".O.X.X..O","..OX.X.O.","X","7","0",".O.X.X.XO"
".O.X.X.O.",".O.X.X.O.","X","4","1",".O.XXX.O."
".O.X.X.O.",".O.X.X.O.","X","0","-1","XO.X.X.O."
".O.X.X.O.",".O.X.X.O.","X","2","-1",".OXX.X.O."
".O.X.X.O.",".O.X.X.O.","X","6","-1",".O.X.XXO."
".O.X.X.O.",".O.X.X.O.","X","8","-1",".O.X.X.OX"
".O.X.X.OX",".O.X.X.OX","O","4","1",".O.XOX.OX"
".O.X.X.OX",".O.X.X.OX","O","0","-1","OO.X.X.OX"
".O.X.X.OX",".O.X.X.OX","O","2","-1",".OOX.X.OX"
".O.X.X.OX",".O.X.X.OX","O","6","-1",".O.X.XOOX"
".O.X.X.XO",".O.X.X.XO","O","4","0",".O.XOX.XO"
".O.X.X.XO",".O.X.X.XO","O","0","-1","OO.X.X.XO"
".O.X.X.XO",".O.X.X.XO","O","2","-1",".OOX.X.XO"
".O.X.X.XO",".O.X.X.XO","O","6","-1",".O.X.XOXO"
".O.X.XO..","..OX.X.O.","X","4","1",".O.XXXO.."
".O.X.XO..","..OX.X.O.","X","0","-1","XO.X.XO.."
".O.X.XO..","..OX.X.O.","X","2","1",".OXX.XO.."
".O.X.XO..","..OX.X.O.","X","8","1",".O.X.XO.X"
".O.X.XO..","..OX.X.O.","X","7","0",".O.X.XOX."
".O.X.XO.X",".O.X.XO.X","O","4","-1",".O.XOXO.X"
".O.X.XO.X",".O.X.XO.X","O","0","-1","OO.X.XO.X"
".O.X.XO.X",".O.X.XO.X","O","2","-1",".OOX.XO.X"
".O.X.XO.X",".O.X.XO.X","O","7","-1",".O.X.XOOX"
".O.X.XOOX",".O.X.XOOX","X","4","1",".O.XXXOOX"
".O.X.XOOX",".O.X.XOOX","X","0","-1","XO.X.XOOX"
".O.X.XOOX",".O.X.XOOX","X","2","1",".OXX.XOOX"
".O.X.XOX.",".O.X.X.XO","O","4","0",".O.XOXOX."
".O.X.XOX.",".O.X.X.XO","O","0","-1","OO.X.XOX."
".O.X.XOX.",".O.X.X.XO","O","2","-1",".OOX.XOX."
".O.X.XOX.",".O.X.X.XO","O","8","-1",".O.X.XOXO"
".O.X.XOXO",".O.X.XOXO","X","4","1",".O.XXXOXO"
".O.X.XOXO",".O.X.XOXO","X","0","0","XO.X.XOXO"
".O.X.XOXO",".O.X.XOXO","X","2","0",".OXX.XOXO"
".O.X.XX.O",".O.X.XO.X","O","4","-1",".O.XOXX.O"
".O.X.XX.O",".O.X.XO.X","O","0","-1","OO.X.XX.O"
".O.X.XX.O",".O.X.XO.X","O","2","-1",".OOX.XX.O"
".O.X.XX.O",".O.X.XO.X","O","7","-1",".O.X.XXOO"
".O.X.XXO.",".O.X.X.OX","O","4","1",".O.XOXXO."
".O.X.XXO.",".O.X.X.OX","O","0","-1","OO.X.XXO."
".O.X.XXO.",".O.X.X.OX","O","2","-1",".OOX.XXO."
".O.X.XXO.",".O.X.X.OX","O","8","-1",".O.X.XXOO"
".O.X.XXOO",".O.X.XOOX","X","4","1",".O.XXXXOO"
".O.X.XXOO",".O.X.XOOX","X","0","1","XO.X.XXOO"
".O.X.XXOO",".O.X.XOOX","X","2","-1",".OXX.XXOO"
".O.XO...X","..XOO..X.","X","0","-1","XO.XO...X"
".O.XO...X","..XOO..X.","X","2","-1",".OXXO...X"
".O.XO...X","..XOO..X.","X","6","-1",".O.XO.X.X"
".O.XO...X","..XOO..X.","X","5","-1",".O.XOX..X"
".O.XO...X","..XOO..X.","X","7","0",".O.XO..XX"
".O.XO..X.","...OOX.X.","X","0","0","XO.XO..X."
".O.XO..X.","...OOX.X.","X","2","0",".OXXO..X."
".O.XO..X.","...OOX.X.","X","6","1",".O.XO.XX."
".O.XO..X.","...OOX.X.","X","8","0",".O.XO..XX"
".O.XO..X.","...OOX.X.","X","5","-1",".O.XOX.X."
".O.XO..XX","..XOOX.X.","O","0","-1","OO.XO..XX"
".O.XO..XX","..XOOX.X.","O","2","-1",".OOXO..XX"
".O.XO..XX","..XOOX.X.","O","6","0",".O.XO.OXX"
".O.XO..XX","..XOOX.X.","O","5","-1",".O.XOO.XX"
".O.XO.OXX","..XOOX.XO","X","0","-1","XO.XO.OXX"
".O.XO.OXX","..XOOX.XO","X","2","0",".OXXO.OXX"
".O.XO.OXX","..XOOX.XO","X","5","-1",".O.XOXOXX"
".O.XO.X..","....OOXX.","X","0","1","XO.XO.X.."
".O.XO.X..","....OOXX.","X","2","-1",".OXXO.X.."
".O.XO.X..","....OOXX.","X","8","-1",".O.XO.X.X"
".O.XO.X..","....OOXX.","X","5","-1",".O.XOXX.."
".O.XO.X..","....OOXX.","X","7","1",".O.XO.XX."
".O.XO.X.X","..XOO..XX","O","0","-1","OO.XO.X.X"
".O.XO.X.X","..XOO..XX","O","2","-1",".OOXO.X.X"
".O.XO.X.X","..XOO..XX","O","5","-1",".O.XOOX.X"
".O.XO.X.X","..XOO..XX","O","7","1",".O.XO.XOX"
".O.XO.XX.","...OOX.XX","O","0","-1","OO.XO.XX."
".O.XO.XX.","...OOX.XX","O","2","-1",".OOXO.XX."
".O.XO.XX.","...OOX.XX","O","8","-1",".O.XO.XXO"
".O.XO.XX.","...OOX.XX","O","5","-1",".O.XOOXX."
".O.XO.XXO","..OOOX.XX","X","0","1","XO.XO.XXO"
".O.XO.XXO","..OOOX.XX","X","2","-1",".OXXO.XXO"
".O.XO.XXO","..OOOX.XX","X","5","-1",".O.XOXXXO"
".O.XOO.XX",".O.OOXXX.","X","0","0","XO.XOO.XX"
".O.XOO.XX",".O.OOXXX.","X","2","0",".OXXOO.XX"
".O.XOO.XX",".O.OOXXX.","X","6","1",".O.XOOXXX"
".O.XOOX.X",".O.OOXX.X","X","0","1","XO.XOOX.X"
".O.XOOX.X",".O.OOXX.X","X","2","-1",".OXXOOX.X"
".O.XOOX.X",".O.OOXX.X","X","7","1",".O.XOOXXX"
".O.XOOXX.",".O.OOX.XX","X","0","1","XO.XOOXX."
".O.XOOXX.",".O.OOX.XX","X","2","1",".OXXOOXX."
".O.XOOXX.",".O.OOX.XX","X","8","1",".O.XOOXXX"
".O.XOX...","...XOX.O.","X","0","-1","XO.XOX..."
".O.XOX...","...XOX.O.","X","2","-1",".OXXOX..."
".O.XOX...","...XOX.O.","X","6","-1",".O.XOXX.."
".O.XOX...","...XOX.O.","X","8","-1",".O.XOX..X"
".O.XOX...","...XOX.O.","X","7","-1",".O.XOX.X."
".O.XOX..X","..XXOX.O.","O","0","-1","OO.XOX..X"
".O.XOX..X","..XXOX.O.","O","2","1",".OOXOX..X"
".O.XOX..X","..XXOX.O.","O","6","-1",".O.XOXO.X"
".O.XOX..X","..XXOX.O.","O","7","1",".O.XOX.OX"
".O.XOX.X.",".O.XOX.X.","O","0","1","OO.XOX.X."
".O.XOX.X.",".O.XOX.X.","O","2","1",".OOXOX.X."
".O.XOX.X.",".O.XOX.X.","O","6","0",".O.XOXOX."
".O.XOX.X.",".O.XOX.X.","O","8","0",".O.XOX.XO"
".O.XOX.XO",".O.XOX.XO","X","0","0","XO.XOX.XO"
".O.XOX.XO",".O.XOX.XO","X","2","-1",".OXXOX.XO"
".O.XOX.XO",".O.XOX.XO","X","6","-1",".O.XOXXXO"
".O.XOXO.X",".O.XOXO.X","X","0","-1","XO.XOXO.X"
".O.XOXO.X",".O.XOXO.X","X","2","1",".OXXOXO.X"
".O.XOXO.X",".O.XOXO.X","X","7","-1",".O.XOXOXX"
".O.XOXOX.",".O.XOX.XO","X","0","-1","XO.XOXOX."
".O.XOXOX.",".O.XOX.XO","X","2","0",".OXXOXOX."
".O.XOXOX.",".O.XOX.XO","X","8","-1",".O.XOXOXX"
".O.XOXOXX",".O.XOXOXX","O","0","-1","OO.XOXOXX"
".O.XOXOXX",".O.XOXOXX","O","2","1",".OOXOXOXX"
".O.XOXX..","..XXOX.O.","O","0","1","OO.XOXX.."
".O.XOXX..","..XXOX.O.","O","2","-1",".OOXOXX.."
".O.XOXX..","..XXOX.O.","O","8","-1",".O.XOXX.O"
".O.XOXX..","..XXOX.O.","O","7","1",".O.XOXXO."
".O.XOXX.O",".O.XOXO.X","X","0","1","XO.XOXX.O"
".O.XOXX.O",".O.XOXO.X","X","2","-1",".OXXOXX.O"
".O.XOXX.O",".O.XOXO.X","X","7","-1",".O.XOXXXO"
".O.XOXXXO",".O.XOXOXX","O","0","1","OO.XOXXXO"
".O.XOXXXO",".O.XOXOXX","O","2","-1",".OOXOXXXO"
".O.XX....","....XO.X.","O","0","-1","OO.XX...."
".O.XX....","....XO.X.","O","2","-1",".OOXX...."
".O.XX....","....XO.X.","O","6","-1",".O.XX.O.."
".O.XX....","....XO.X.","O","8","-1",".O.XX...O"
".O.XX....","....XO.X.","O","5","-1",".O.XXO..."
".O.XX....","....XO.X.","O","7","-1",".O.XX..O."
".O.XX...O","..OOX..X.","X","0","1","XO.XX...O"
".O.XX...O","..OOX..X.","X","2","1",".OXXX...O"
".O.XX...O","..OOX..X.","X","6","1",".O.XX.X.O"
".O.XX...O","..OOX..X.","X","5","1",".O.XXX..O"
".O.XX...O","..OOX..X.","X","7","0",".O.XX..XO"
".O.XX..O.","...OXO.X.","X","0","1","XO.XX..O."
".O.XX..O.","...OXO.X.","X","2","1",".OXXX..O."
".O.XX..O.","...OXO.X.","X","6","1",".O.XX.XO."
".O.XX..O.","...OXO.X.","X","8","1",".O.XX..OX"
".O.XX..O.","...OXO.X.","X","5","1",".O.XXX.O."
".O.XX..OX","..XOXO.X.","O","0","-1","OO.XX..OX"
".O.XX..OX","..XOXO.X.","O","2","-1",".OOXX..OX"
".O.XX..OX","..XOXO.X.","O","6","-1",".O.XX.OOX"
".O.XX..OX","..XOXO.X.","O","5","-1",".O.XXO.OX"
".O.XX..XO","..OOXX.X.","O","0","-1","OO.XX..XO"
".O.XX..XO","..OOXX.X.","O","2","-1",".OOXX..XO"
".O.XX..XO","..OOXX.X.","O","6","-1",".O.XX.OXO"
".O.XX..XO","..OOXX.X.","O","5","0",".O.XXO.XO"
".O.XX.O..","....XOOX.","X","0","1","XO.XX.O.."
".O.XX.O..","....XOOX.","X","2","0",".OXXX.O.."
".O.XX.O..","....XOOX.","X","8","1",".O.XX.O.X"
".O.XX.O..","....XOOX.","X","5","1",".O.XXXO.."
".O.XX.O..","....XOOX.","X","7","0",".O.XX.OX."
".O.XX.O.X","..XOX..XO","O","0","-1","OO.XX.O.X"
".O.XX.O.X","..XOX..XO","O","2","-1",".OOXX.O.X"
".O.XX.O.X","..XOX..XO","O","5","-1",".O.XXOO.X"
".O.XX.O.X","..XOX..XO","O","7","-1",".O.XX.OOX"
".O.XX.OOX","..XOXO.XO","X","0","1","XO.XX.OOX"
".O.XX.OOX","..XOXO.XO","X","2","1",".OXXX.OOX"
".O.XX.OOX","..XOXO.XO","X","5","1",".O.XXXOOX"
".O.XX.OX.","...OXX.XO","O","0","-1","OO.XX.OX."
".O.XX.OX.","...OXX.XO","O","2","-1",".OOXX.OX."
".O.XX.OX.","...OXX.XO","O","8","-1",".O.XX.OXO"
".O.XX.OX.","...OXX.XO","O","5","0",".O.XXOOX."
".O.XX.OXO","..OOXX.XO","X","0","0","XO.XX.OXO"
".O.XX.OXO","..OOXX.XO","X","2","0",".OXXX.OXO"
".O.XX.OXO","..OOXX.XO","X","5","1",".O.XXXOXO"
".O.XX.X.O","..OOX..XX","O","0","-1","OO.XX.X.O"
".O.XX.X.O","..OOX..XX","O","2","-1",".OOXX.X.O"
".O.XX.X.O","..OOX..XX","O","5","-1",".O.XXOX.O"
".O.XX.X.O","..OOX..XX","O","7","-1",".O.XX.XOO"
".O.XX.XO.","...OXO.XX","O","0","-1","OO.XX.XO."
".O.XX.XO.","...OXO.XX","O","2","-1",".OOXX.XO."
".O.XX.XO.","...OXO.XX","O","8","-1",".O.XX.XOO"
".O.XX.XO.","...OXO.XX","O","5","-1",".O.XXOXO."
".O.XX.XOO","..OOXO.XX","X","0","1","XO.XX.XOO"
".O.XX.XOO","..OOXO.XX","X","2","1",".OXXX.XOO"
".O.XX.XOO","..OOXO.XX","X","5","1",".O.XXXXOO"
".O.XXO...","...OXX.O.","X","0","1","XO.XXO..."
".O.XXO...","...OXX.O.","X","2","0",".OXXXO..."
".O.XXO...","...OXX.O.","X","6","1",".O.XXOX.."
".O.XXO...","...OXX.O.","X","8","0",".O.XXO..X"
".O.XXO...","...OXX.O.","X","7","-1",".O.XXO.X."
".O.XXO..X","..XXXO.O.","O","0","0","OO.XXO..X"
".O.XXO..X","..XXXO.O.","O","2","-1",".OOXXO..X"
".O.XXO..X","..XXXO.O.","O","6","-1",".O.XXOO.X"
".O.XXO..X","..XXXO.O.","O","7","-1",".O.XXO.OX"
".O.XXO.OX",".O.OXXXO.","X","0","1","XO.XXO.OX"
".O.XXO.OX",".O.OXXXO.","X","2","1",".OXXXO.OX"
".O.XXO.OX",".O.OXXXO.","X","6","1",".O.XXOXOX"
".O.XXO.X.",".O.OXX.X.","O","0","0","OO.XXO.X."
".O.XXO.X.",".O.OXX.X.","O","2","1",".OOXXO.X."
".O.XXO.X.",".O.OXX.X.","O","6","0",".O.XXOOX."
".O.XXO.X.",".O.OXX.X.","O","8","0",".O.XXO.XO"
".O.XXO.XO",".O.OXXOX.","X","0","-1","XO.XXO.XO"
".O.XXO.XO",".O.OXXOX.","X","2","0",".OXXXO.XO"
".O.XXO.XO",".O.OXXOX.","X","6","-1",".O.XXOXXO"
".O.XXOO.X",".O.OXXX.O","X","0","1","XO.XXOO.X"
".O.XXOO.X",".O.OXXX.O","X","2","0",".OXXXOO.X"
".O.XXOO.X",".O.OXXX.O","X","7","0",".O.XXOOXX"
".O.XXOOX.",".O.OXX.XO","X","0","0","XO.XXOOX."
".O.XXOOX.",".O.OXX.XO","X","2","0",".OXXXOOX."
".O.XXOOX.",".O.OXX.XO","X","8","0",".O.XXOOXX"
".O.XXOOXX",".O.OXXXXO","O","0","0","OO.XXOOXX"
".O.XXOOXX",".O.OXXXXO","O","2","-1",".OOXXOOXX"
".O.XXOX..","..XOXX.O.","O","0","-1","OO.XXOX.."
".O.XXOX..","..XOXX.O.","O","2","-1",".OOXXOX.."
".O.XXOX..","..XOXX.O.","O","8","-1",".O.XXOX.O"
".O.XXOX..","..XOXX.O.","O","7","-1",".O.XXOXO."
".O.XXOX.O",".O.OXXO.X","X","0","1","XO.XXOX.O"
".O.XXOX.O",".O.OXXO.X","X","2","1",".OXXXOX.O"
".O.XXOX.O",".O.OXXO.X","X","7","-1",".O.XXOXXO"
".O.XXOXO.",".O.OXO.XX","X","0","1","XO.XXOXO."
".O.XXOXO.",".O.OXO.XX","X","2","1",".OXXXOXO."
".O.XXOXO.",".O.OXO.XX","X","8","1",".O.XXOXOX"
".O.XXOXOX",".O.OXXXOX","O","0","-1","OO.XXOXOX"
".O.XXOXOX",".O.OXXXOX","O","2","-1",".OOXXOXOX"
".O.XXOXXO",".O.OXXOXX","O","0","-1","OO.XXOXXO"
".O.XXOXXO",".O.OXXOXX","O","2","1",".OOXXOXXO"
".OO....XX","...O.XO.X","X","4","-1",".OO.X..XX"
".OO....XX","...O.XO.X","X","0","1","XOO....XX"
".OO....XX","...O.XO.X","X","6","1",".OO...XXX"
".OO....XX","...O.XO.X","X","3","-1",".OOX...XX"
".OO....XX","...O.XO.X","X","5","-1",".OO..X.XX"
".OO...X.X","..XO..O.X","X","4","-1",".OO.X.X.X"
".OO...X.X","..XO..O.X","X","0","1","XOO...X.X"
".OO...X.X","..XO..O.X","X","3","-1",".OOX..X.X"
".OO...X.X","..XO..O.X","X","5","-1",".OO..XX.X"
".OO...X.X","..XO..O.X","X","7","1",".OO...XXX"
".OO...XX.","..OX.OX..","X","4","-1",".OO.X.XX."
".OO...XX.","..OX.OX..","X","0","1","XOO...XX."
".OO...XX.","..OX.OX..","X","8","1",".OO...XXX"
".OO...XX.","..OX.OX..","X","3","-1",".OOX..XX."
".OO...XX.","..OX.OX..","X","5","-1",".OO..XXX."
".OO..X..X",".....OXXO","X","4","-1",".OO.XX..X"
".OO..X..X",".....OXXO","X","0","-1","XOO..X..X"
".OO..X..X",".....OXXO","X","6","-1",".OO..XX.X"
".OO..X..X",".....OXXO","X","3","-1",".OOX.X..X"
".OO..X..X",".....OXXO","X","7","-1",".OO..X.XX"
".OO..X.X.","...O.XOX.","X","4","-1",".OO.XX.X."
".OO..X.X.","...O.XOX.","X","0","1","XOO..X.X."
".OO..X.X.","...O.XOX.","X","6","-1",".OO..XXX."
".OO..X.X.","...O.XOX.","X","8","-1",".OO..X.XX"
".OO..X.X.","...O.XOX.","X","3","-1",".OOX.X.X."
".OO..X.XX","...O.XOXX","O","4","-1",".OO.OX.XX"
".OO..X.XX","...O.XOXX","O","0","1","OOO..X.XX"
".OO..X.XX","...O.XOXX","O","6","1",".OO..XOXX"
".OO..X.XX","...O.XOXX","O","3","-1",".OOO.X.XX"
".OO..XOXX","..OO.XOXX","X","4","-1",".OO.XXOXX"
".OO..XOXX","..OO.XOXX","X","0","-1","XOO..XOXX"
".OO..XOXX","..OO.XOXX","X","3","-1",".OOX.XOXX"
".OO..XX..","..XO..OX.","X","4","-1",".OO.XXX.."
".OO..XX..","..XO..OX.","X","0","1","XOO..XX.."
".OO..XX..","..XO..OX.","X","8","-1",".OO..XX.X"
".OO..XX..","..XO..OX.","X","3","-1",".OOX.XX.."
".OO..XX..","..XO..OX.","X","7","-1",".OO..XXX."
".OO..XX.X","..XO..OXX","O","4","-1",".OO.OXX.X"
".OO..XX.X","..XO..OXX","O","0","1","OOO..XX.X"
".OO..XX.X","..XO..OXX","O","3","-1",".OOO.XX.X"
".OO..XX.X","..XO..OXX","O","7","1",".OO..XXOX"
".OO..XXOX","..XO.OOXX","X","4","-1",".OO.XXXOX"
".OO..XXOX","..XO.OOXX","X","0","-1","XOO..XXOX"
".OO..XXOX","..XO.OOXX","X","3","-1",".OOX.XXOX"
".OO..XXX.","..XO.XOX.","O","4","-1",".OO.OXXX."
".OO..XXX.","..XO.XOX.","O","0","1","OOO..XXX."
".OO..XXX.","..XO.XOX.","O","8","0",".OO..XXXO"
".OO..XXX.","..XO.XOX.","O","3","-1",".OOO.XXX."
".OO..XXXO","..XO.XOXO","X","4","-1",".OO.XXXXO"
".OO..XXXO","..XO.XOXO","X","0","0","XOO..XXXO"
".OO..XXXO","..XO.XOXO","X","3","-1",".OOX.XXXO"
".OO.OX.XX","...OOXOXX","X","0","-1","XOO.OX.XX"
".OO.OX.XX","...OOXOXX","X","6","1",".OO.OXXXX"
".OO.OX.XX","...OOXOXX","X","3","-1",".OOXOX.XX"
".OO.OXX.X","..XOO.OXX","X","0","-1","XOO.OXX.X"
".OO.OXX.X","..XOO.OXX","X","3","-1",".OOXOXX.X"
".OO.OXX.X","..XOO.OXX","X","7","1",".OO.OXXXX"
".OO.OXXX.","..XOOXOX.","X","0","1","XOO.OXXX."
".OO.OXXX.","..XOOXOX.","X","8","1",".OO.OXXXX"
".OO.OXXX.","..XOOXOX.","X","3","-1",".OOXOXXX."
".OO.X...X","....XOX.O","X","0","1","XOO.X...X"
".OO.X...X","....XOX.O","X","6","-1",".OO.X.X.X"
".OO.X...X","....XOX.O","X","3","-1",".OOXX...X"
".OO.X...X","....XOX.O","X","5","-1",".OO.XX..X"
".OO.X...X","....XOX.O","X","7","-1",".OO.X..XX"
".OO.X..X.","...OXXO..","X","0","0","XOO.X..X."
".OO.X..X.","...OXXO..","X","6","-1",".OO.X.XX."
".OO.X..X.","...OXXO..","X","8","-1",".OO.X..XX"
".OO.X..X.","...OXXO..","X","3","-1",".OOXX..X."
".OO.X..X.","...OXXO..","X","5","-1",".OO.XX.X."
".OO.X..XX","...OXXO.X","O","0","1","OOO.X..XX"
".OO.X..XX","...OXXO.X","O","6","-1",".OO.X.OXX"
".OO.X..XX","...OXXO.X","O","3","-1",".OOOX..XX"
".OO.X..XX","...OXXO.X","O","5","-1",".OO.XO.XX"
".OO.X.OXX","..OOXXO.X","X","0","1","XOO.X.OXX"
".OO.X.OXX","..OOXXO.X","X","3","-1",".OOXX.OXX"
".OO.X.OXX","..OOXXO.X","X","5","-1",".OO.XXOXX"
".OO.X.X..","..O.XOX..","X","0","1","XOO.X.X.."
".OO.X.X..","..O.XOX..","X","8","-1",".OO.X.X.X"
".OO.X.X..","..O.XOX..","X","3","-1",".OOXX.X.."
".OO.X.X..","..O.XOX..","X","5","-1",".OO.XXX.."
".OO.X.X..","..O.XOX..","X","7","-1",".OO.X.XX."
".OO.X.X.X","..XOX.O.X","O","0","1","OOO.X.X.X"
".OO.X.X.X","..XOX.O.X","O","3","-1",".OOOX.X.X"
".OO.X.X.X","..XOX.O.X","O","5","-1",".OO.XOX.X"
".OO.X.X.X","..XOX.O.X","O","7","-1",".OO.X.XOX"
".OO.X.XOX","..XOXOO.X","X","0","1","XOO.X.XOX"
".OO.X.XOX","..XOXOO.X","X","3","-1",".OOXX.XOX"
".OO.X.XOX","..XOXOO.X","X","5","-1",".OO.XXXOX"
".OO.X.XX.","..OXXOX..","O","0","1","OOO.X.XX."
".OO.X.XX.","..OXXOX..","O","8","1",".OO.X.XXO"
".OO.X.XX.","..OXXOX..","O","3","-1",".OOOX.XX."
".OO.X.XX.","..OXXOX..","O","5","-1",".OO.XOXX."
".OO.X.XXO","..XOXXO.O","X","0","-1","XOO.X.XXO"
".OO.X.XXO","..XOXXO.O","X","3","-1",".OOXX.XXO"
".OO.X.XXO","..XOXXO.O","X","5","-1",".OO.XXXXO"
".OO.XO.XX","...OXXOOX","X","0","1","XOO.XO.XX"
".OO.XO.XX","...OXXOOX","X","6","1",".OO.XOXXX"
".OO.XO.XX","...OXXOOX","X","3","-1",".OOXXO.XX"
".OO.XOX.X","..XOX.OOX","X","0","1","XOO.XOX.X"
".OO.XOX.X","..XOX.OOX","X","3","-1",".OOXXOX.X"
".OO.XOX.X","..XOX.OOX","X","7","1",".OO.XOXXX"
".OO.XOXX.","..XOXXOO.","X","0","-1","XOO.XOXX."
".OO.XOXX.","..XOXXOO.","X","8","1",".OO.XOXXX"
".OO.XOXX.","..XOXXOO.","X","3","-1",".OOXXOXX."
".OO.XX...","....XO.XO","X","0","1","XOO.XX..."
".OO.XX...","....XO.XO","X","6","-1",".OO.XXX.."
".OO.XX...","....XO.XO","X","8","-1",".OO.XX..X"
".OO.XX...","....XO.XO","X","3","1",".OOXXX..."
".OO.XX...","....XO.XO","X","7","-1",".OO.XX.X."
".OO.XX..X","....XOXXO","O","0","1","OOO.XX..X"
".OO.XX..X","....XOXXO","O","6","-1",".OO.XXO.X"
".OO.XX..X","....XOXXO","O","3","-1",".OOOXX..X"
".OO.XX..X","....XOXXO","O","7","-1",".OO.XX.OX"
".OO.XX.OX","...OXOOXX","X","0","1","XOO.XX.OX"
".OO.XX.OX","...OXOOXX","X","6","-1",".OO.XXXOX"
".OO.XX.OX","...OXOOXX","X","3","1",".OOXXX.OX"
".OO.XX.X.","...OXXOX.","O","0","1","OOO.XX.X."
".OO.XX.X.","...OXXOX.","O","6","-1",".OO.XXOX."
".OO.XX.X.","...OXXOX.","O","8","-1",".OO.XX.XO"
".OO.XX.X.","...OXXOX.","O","3","0",".OOOXX.X."
".OO.XX.XO","...OXXOXO","X","0","0","XOO.XX.XO"
".OO.XX.XO","...OXXOXO","X","6","-1",".OO.XXXXO"
".OO.XX.XO","...OXXOXO","X","3","1",".OOXXX.XO"
".OO.XXO.X","..OOX.OXX","X","0","1","XOO.XXO.X"
".OO.XXO.X","..OOX.OXX","X","3","1",".OOXXXO.X"
".OO.XXO.X","..OOX.OXX","X","7","-1",".OO.XXOXX"
".OO.XXOX.","..OOXXOX.","X","0","1","XOO.XXOX."
".OO.XXOX.","..OOXXOX.","X","8","-1",".OO.XXOXX"
".OO.XXOX.","..OOXXOX.","X","3","1",".OOXXXOX."
".OO.XXOXX","..OOXXOXX","O","0","1","OOO.XXOXX"
".OO.XXOXX","..OOXXOXX","O","3","-1",".OOOXXOXX"
".OO.XXX..","..XOX.OX.","O","0","1","OOO.XXX.."
".OO.XXX..","..XOX.OX.","O","8","-1",".OO.XXX.O"
".OO.XXX..","..XOX.OX.","O","3","0",".OOOXXX.."
".OO.XXX..","..XOX.OX.","O","7","-1",".OO.XXXO."
".OO.XXX.O","..XOX.OXO","X","0","0","XOO.XXX.O"
".OO.XXX.O","..XOX.OXO","X","3","1",".OOXXXX.O"
".OO.XXX.O","..XOX.OXO","X","7","-1",".OO.XXXXO"
".OO.XXXO.","..XOXOOX.","X","0","1","XOO.XXXO."
".OO.XXXO.","..XOXOOX.","X","8","-1",".OO.XXXOX"
".OO.XXXO.","..XOXOOX.","X","3","1",".OOXXXXO."
".OO.XXXOX","..XOXOOXX","O","0","1","OOO.XXXOX"
".OO.XXXOX","..XOXOOXX","O","3","-1",".OOOXXXOX"
".OO.XXXXO","..XOXXOXO","O","0","1","OOO.XXXXO"
".OO.XXXXO","..XOXXOXO","O","3","0",".OOOXXXXO"
".OOO.X.XX",".O.O.XOXX","X","4","-1",".OOOXX.XX"
".OOO.X.XX",".O.O.XOXX","X","0","1","XOOO.X.XX"
".OOO.X.XX",".O.O.XOXX","X","6","1",".OOO.XXXX"
".OOO.XX.X",".OOO.XX.X","X","4","-1",".OOOXXX.X"
".OOO.XX.X",".OOO.XX.X","X","0","1","XOOO.XX.X"
".OOO.XX.X",".OOO.XX.X","X","7","1",".OOO.XXXX"
".OOO.XXX.",".OOO.XXX.","X","4","-1",".OOOXXXX."
".OOO.XXX.",".OOO.XXX.","X","0","0","XOOO.XXX."
".OOO.XXX.",".OOO.XXX.","X","8","1",".OOO.XXXX"
".OOOX..XX",".O.OXXO.X","X","0","1","XOOOX..XX"
".OOOX..XX",".O.OXXO.X","X","6","1",".OOOX.XXX"
".OOOX..XX",".O.OXXO.X","X","5","-1",".OOOXX.XX"
".OOOX.X.X",".OOOX.X.X","X","0","1","XOOOX.X.X"
".OOOX.X.X",".OOOX.X.X","X","5","-1",".OOOXXX.X"
".OOOX.X.X",".OOOX.X.X","X","7","1",".OOOX.XXX"
".OOOX.XX.","..OXXOXO.","X","0","0","XOOOX.XX."
".OOOX.XX.","..OXXOXO.","X","8","1",".OOOX.XXX"
".OOOX.XX.","..OXXOXO.","X","5","-1",".OOOXXXX."
".OOOXX..X","..XOXX.OO","X","0","1","XOOOXX..X"
".OOOXX..X","..XOXX.OO","X","6","-1",".OOOXXX.X"
".OOOXX..X","..XOXX.OO","X","7","-1",".OOOXX.XX"
".OOOXX.X.",".O.OXXOX.","X","0","0","XOOOXX.X."
".OOOXX.X.",".O.OXXOX.","X","6","-1",".OOOXXXX."
".OOOXX.X.",".O.OXXOX.","X","8","-1",".OOOXX.XX"
".OOOXX.XX",".O.OXXOXX","O","0","1","OOOOXX.XX"
".OOOXX.XX",".O.OXXOXX","O","6","-1",".OOOXXOXX"
".OOOXXOXX",".OOOXXOXX","X","0","1","XOOOXXOXX"
".OOOXXX..","..XXXOOO.","X","0","0","XOOOXXX.."
".OOOXXX..","..XXXOOO.","X","8","-1",".OOOXXX.X"
".OOOXXX..","..XXXOOO.","X","7","-1",".OOOXXXX."
".OOOXXX.X",".OOOXXX.X","O","0","1","OOOOXXX.X"
".OOOXXX.X",".OOOXXX.X","O","7","-1",".OOOXXXOX"
".OOOXXXOX",".OOOXXXOX","X","0","1","XOOOXXXOX"
".OOOXXXX.",".OOOXXXX.","O","0","1","OOOOXXXX."
".OOOXXXX.",".OOOXXXX.","O","8","0",".OOOXXXXO"
".OOOXXXXO",".OOOXXXXO","X","0","0","XOOOXXXXO"
".OOX....X","..XX...OO","X","4","-1",".OOXX...X"
".OOX....X","..XX...OO","X","0","1","XOOX....X"
".OOX....X","..XX...OO","X","6","-1",".OOX..X.X"
".OOX....X","..XX...OO","X","5","-1",".OOX.X..X"
".OOX....X","..XX...OO","X","7","-1",".OOX...XX"
".OOX...X.","..OX.O.X.","X","4","-1",".OOXX..X."
".OOX...X.","..OX.O.X.","X","0","1","XOOX...X."
".OOX...X.","..OX.O.X.","X","6","-1",".OOX..XX."
".OOX...X.","..OX.O.X.","X","8","-1",".OOX...XX"
".OOX...X.","..OX.O.X.","X","5","-1",".OOX.X.X."
".OOX...XX",".OOX...XX","O","4","-1",".OOXO..XX"
".OOX...XX",".OOX...XX","O","0","1","OOOX...XX"
".OOX...XX",".OOX...XX","O","6","1",".OOX..OXX"
".OOX...XX",".OOX...XX","O","5","-1",".OOX.O.XX"
".OOX..OXX",".OOX..OXX","X","4","-1",".OOXX.OXX"
".OOX..OXX",".OOX..OXX","X","0","-1","XOOX..OXX"
".OOX..OXX",".OOX..OXX","X","5","-1",".OOX.XOXX"
".OOX..X..","..O..OXX.","X","4","-1",".OOXX.X.."
".OOX..X..","..O..OXX.","X","0","1","XOOX..X.."
".OOX..X..","..O..OXX.","X","8","-1",".OOX..X.X"
".OOX..X..","..O..OXX.","X","5","-1",".OOX.XX.."
".OOX..X..","..O..OXX.","X","7","-1",".OOX..XX."
".OOX..X.X",".OOX..X.X","O","4","-1",".OOXO.X.X"
".OOX..X.X",".OOX..X.X","O","0","1","OOOX..X.X"
".OOX..X.X",".OOX..X.X","O","5","-1",".OOX.OX.X"
".OOX..X.X",".OOX..X.X","O","7","-1",".OOX..XOX"
".OOX..XOX",".OOX..XOX","X","4","-1",".OOXX.XOX"
".OOX..XOX",".OOX..XOX","X","0","1","XOOX..XOX"
".OOX..XOX",".OOX..XOX","X","5","-1",".OOX.XXOX"
".OOX..XX.","..OX.OXX.","O","4","-1",".OOXO.XX."
".OOX..XX.","..OX.OXX.","O","0","1","OOOX..XX."
".OOX..XX.","..OX.OXX.","O","8","-1",".OOX..XXO"
".OOX..XX.","..OX.OXX.","O","5","-1",".OOX.OXX."
".OOX..XXO",".OOX..XXO","X","4","-1",".OOXX.XXO"
".OOX..XXO",".OOX..XXO","X","0","1","XOOX..XXO"
".OOX..XXO",".OOX..XXO","X","5","-1",".OOX.XXXO"
".OOX.O.XX",".OOX.O.XX","X","4","-1",".OOXXO.XX"
".OOX.O.XX",".OOX.O.XX","X","0","1","XOOX.O.XX"
".OOX.O.XX",".OOX.O.XX","X","6","1",".OOX.OXXX"
".OOX.OX.X",".OOX.OX.X","X","4","-1",".OOXXOX.X"
".OOX.OX.X",".OOX.OX.X","X","0","1","XOOX.OX.X"
".OOX.OX.X",".OOX.OX.X","X","7","1",".OOX.OXXX"
".OOX.OXX.",".OOX.OXX.","X","4","-1",".OOXXOXX."
".OOX.OXX.",".OOX.OXX.","X","0","1","XOOX.OXX."
".OOX.OXX.",".OOX.OXX.","X","8","1",".OOX.OXXX"
".OOX.X...","...X.X.OO","X","4","1",".OOXXX..."
".OOX.X...","...X.X.OO","X","0","1","XOOX.X..."
".OOX.X...","...X.X.OO","X","6","-1",".OOX.XX.."
".OOX.X...","...X.X.OO","X","8","-1",".OOX.X..X"
".OOX.X...","...X.X.OO","X","7","-1",".OOX.X.X."
".OOX.X..X","..XX.X.OO","O","4","1",".OOXOX..X"
".OOX.X..X","..XX.X.OO","O","0","1","OOOX.X..X"
".OOX.X..X","..XX.X.OO","O","6","-1",".OOX.XO.X"
".OOX.X..X","..XX.X.OO","O","7","-1",".OOX.X.OX"
".OOX.X.OX",".OOX.X.OX","X","4","1",".OOXXX.OX"
".OOX.X.OX",".OOX.X.OX","X","0","-1","XOOX.X.OX"
".OOX.X.OX",".OOX.X.OX","X","6","-1",".OOX.XXOX"
".OOX.X.X.",".OOX.X.X.","O","4","1",".OOXOX.X."
".OOX.X.X.",".OOX.X.X.","O","0","1","OOOX.X.X."
".OOX.X.X.",".OOX.X.X.","O","6","-1",".OOX.XOX."
".OOX.X.X.",".OOX.X.X.","O","8","-1",".OOX.X.XO"
".OOX.X.XO",".OOX.X.XO","X","4","1",".OOXXX.XO"
".OOX.X.XO",".OOX.X.XO","X","0","1","XOOX.X.XO"
".OOX.X.XO",".OOX.X.XO","X","6","-1",".OOX.XXXO"
".OOX.XO.X",".OOX.XO.X","X","4","1",".OOXXXO.X"
".OOX.XO.X",".OOX.XO.X","X","0","-1","XOOX.XO.X"
".OOX.XO.X",".OOX.XO.X","X","7","-1",".OOX.XOXX"
".OOX.XOX.",".OOX.XOX.","X","4","1",".OOXXXOX."
".OOX.XOX.",".OOX.XOX.","X","0","-1","XOOX.XOX."
".OOX.XOX.",".OOX.XOX.","X","8","-1",".OOX.XOXX"
".OOX.XOXX",".OOX.XOXX","O","4","1",".OOXOXOXX"
".OOX.XOXX",".OOX.XOXX","O","0","1","OOOX.XOXX"
".OOX.XX..","..XX.XOO.","O","4","-1",".OOXOXX.."
".OOX.XX..","..XX.XOO.","O","0","1","OOOX.XX.."
".OOX.XX..","..XX.XOO.","O","8","-1",".OOX.XX.O"
".OOX.XX..","..XX.XOO.","O","7","-1",".OOX.XXO."
".OOX.XX.O",".OOX.XX.O","X","4","1",".OOXXXX.O"
".OOX.XX.O",".OOX.XX.O","X","0","1","XOOX.XX.O"
".OOX.XX.O",".OOX.XX.O","X","7","-1",".OOX.XXXO"
".OOX.XXO.",".OOX.XXO.","X","4","1",".OOXXXXO."
".OOX.XXO.",".OOX.XXO.","X","0","1","XOOX.XXO."
".OOX.XXO.",".OOX.XXO.","X","8","-1",".OOX.XXOX"
".OOX.XXOX",".OOX.XXOX","O","4","1",".OOXOXXOX"
".OOX.XXOX",".OOX.XXOX","O","0","1","OOOX.XXOX"
".OOX.XXXO",".OOX.XXXO","O","4","-1",".OOXOXXXO"
".OOX.XXXO",".OOX.XXXO","O","0","1","OOOX.XXXO"
".OOXO..XX",".OOXO..XX","X","0","-1","XOOXO..XX"
".OOXO..XX",".OOXO..XX","X","6","1",".OOXO.XXX"
".OOXO..XX",".OOXO..XX","X","5","-1",".OOXOX.XX"
".OOXO.X.X",".OOXO.X.X","X","0","1","XOOXO.X.X"
".OOXO.X.X",".OOXO.X.X","X","5","-1",".OOXOXX.X"
".OOXO.X.X",".OOXO.X.X","X","7","1",".OOXO.XXX"
".OOXO.XX.","..OXOOXX.","X","0","1","XOOXO.XX."
".OOXO.XX.","..OXOOXX.","X","8","1",".OOXO.XXX"
".OOXO.XX.","..OXOOXX.","X","5","-1",".OOXOXXX."
".OOXOX..X","..XXOX.OO","X","0","-1","XOOXOX..X"
".OOXOX..X","..XXOX.OO","X","6","-1",".OOXOXX.X"
".OOXOX..X","..XXOX.OO","X","7","-1",".OOXOX.XX"
".OOXOX.X.",".OOXOX.X.","X","0","-1","XOOXOX.X."
".OOXOX.X.",".OOXOX.X.","X","6","-1",".OOXOXXX."
".OOXOX.X.",".OOXOX.X.","X","8","-1",".OOXOX.XX"
".OOXOX.XX",".OOXOX.XX","O","0","1","OOOXOX.XX"
".OOXOX.XX",".OOXOX.XX","O","6","1",".OOXOXOXX"
".OOXOXX..","..XXOXOO.","X","0","1","XOOXOXX.."
".OOXOXX..","..XXOXOO.","X","8","-1",".OOXOXX.X"
".OOXOXX..","..XXOXOO.","X","7","-1",".OOXOXXX."
".OOXOXX.X",".OOXOXX.X","O","0","1","OOOXOXX.X"
".OOXOXX.X",".OOXOXX.X","O","7","1",".OOXOXXOX"
".OOXOXXX.",".OOXOXXX.","O","0","1","OOOXOXXX."
".OOXOXXX.",".OOXOXXX.","O","8","-1",".OOXOXXXO"
".OOXOXXXO",".OOXOXXXO","X","0","1","XOOXOXXXO"
".OOXX....","....XXOO.","X","0","1","XOOXX...."
".OOXX....","....XXOO.","X","6","-1",".OOXX.X.."
".OOXX....","....XXOO.","X","8","-1",".OOXX...X"
".OOXX....","....XXOO.","X","5","1",".OOXXX..."
".OOXX....","....XXOO.","X","7","-1",".OOXX..X."
".OOXX...X","..XXX..OO","O","0","1","OOOXX...X"
".OOXX...X","..XXX..OO","O","6","-1",".OOXX.O.X"
".OOXX...X","..XXX..OO","O","5","-1",".OOXXO..X"
".OOXX...X","..XXX..OO","O","7","-1",".OOXX..OX"
".OOXX..OX",".OOXX..OX","X","0","1","XOOXX..OX"
".OOXX..OX",".OOXX..OX","X","6","-1",".OOXX.XOX"
".OOXX..OX",".OOXX..OX","X","5","1",".OOXXX.OX"
".OOXX..X.","..OXXO.X.","O","0","1","OOOXX..X."
".OOXX..X.","..OXXO.X.","O","6","-1",".OOXX.OX."
".OOXX..X.","..OXXO.X.","O","8","-1",".OOXX..XO"
".OOXX..X.","..OXXO.X.","O","5","1",".OOXXO.X."
".OOXX..XO",".OOXX..XO","X","0","-1","XOOXX..XO"
".OOXX..XO",".OOXX..XO","X","6","-1",".OOXX.XXO"
".OOXX..XO",".OOXX..XO","X","5","1",".OOXXX.XO"
".OOXX.O.X",".OOXX.O.X","X","0","1","XOOXX.O.X"
".OOXX.O.X",".OOXX.O.X","X","5","1",".OOXXXO.X"
".OOXX.O.X",".OOXX.O.X","X","7","-1",".OOXX.OXX"
".OOXX.OX.","..OXXOOX.","X","0","1","XOOXX.OX."
".OOXX.OX.","..OXXOOX.","X","8","-1",".OOXX.OXX"
".OOXX.OX.","..OXXOOX.","X","5","1",".OOXXXOX."
".OOXX.OXX",".OOXX.OXX","O","0","1","OOOXX.OXX"
".OOXX.OXX",".OOXX.OXX","O","5","-1",".OOXXOOXX"
".OOXX.X..","..O.XOXX.","O","0","1","OOOXX.X.."
".OOXX.X..","..O.XOXX.","O","8","-1",".OOXX.X.O"
".OOXX.X..","..O.XOXX.","O","5","-1",".OOXXOX.."
".OOXX.X..","..O.XOXX.","O","7","-1",".OOXX.XO."
".OOXX.X.O",".OOXX.X.O","X","0","1","XOOXX.X.O"
".OOXX.X.O",".OOXX.X.O","X","5","1",".OOXXXX.O"
".OOXX.X.O",".OOXX.X.O","X","7","-1",".OOXX.XXO"
".OOXX.XO.","..OOXOXX.","X","0","1","XOOXX.XO."
".OOXX.XO.","..OOXOXX.","X","8","-1",".OOXX.XOX"
".OOXX.XO.","..OOXOXX.","X","5","1",".OOXXXXO."
".OOXX.XOX",".OOXX.XOX","O","0","1","OOOXX.XOX"
".OOXX.XOX",".OOXX.XOX","O","5","-1",".OOXXOXOX"
".OOXX.XXO",".OOXX.XXO","O","0","1","OOOXX.XXO"
".OOXX.XXO",".OOXX.XXO","O","5","1",".OOXXOXXO"
".OOXXO..X","..XXXO.OO","X","0","1","XOOXXO..X"
".OOXXO..X","..XXXO.OO","X","6","-1",".OOXXOX.X"
".OOXXO..X","..XXXO.OO","X","7","-1",".OOXXO.XX"
".OOXXO.X.",".OOXXO.X.","X","0","-1","XOOXXO.X."
".OOXXO.X.",".OOXXO.X.","X","6","-1",".OOXXOXX."
".OOXXO.X.",".OOXXO.X.","X","8","-1",".OOXXO.XX"
".OOXXO.XX",".OOXXO.XX","O","0","1","OOOXXO.XX"
".OOXXO.XX",".OOXXO.XX","O","6","-1",".OOXXOOXX"
".OOXXOOXX",".OOXXOOXX","X","0","1","XOOXXOOXX"
".OOXXOX..","..XOXXOO.","X","0","1","XOOXXOX.."
".OOXXOX..","..XOXXOO.","X","8","-1",".OOXXOX.X"
".OOXXOX..","..XOXXOO.","X","7","-1",".OOXXOXX."
".OOXXOX.X",".OOXXOX.X","O","0","1","OOOXXOX.X"
".OOXXOX.X",".OOXXOX.X","O","7","-1",".OOXXOXOX"
".OOXXOXOX",".OOXXOXOX","X","0","1","XOOXXOXOX"
".OOXXOXX.",".OOXXOXX.","O","0","1","OOOXXOXX."
".OOXXOXX.",".OOXXOXX.","O","8","1",".OOXXOXXO"
".OX......",".......OX","X","4","1",".OX.X...."
".OX......",".......OX","X","0","0","XOX......"
".OX......",".......OX","X","6","0",".OX...X.."
".OX......",".......OX","X","8","1",".OX.....X"
".OX......",".......OX","X","3","0",".OXX....."
".OX......",".......OX","X","5","1",".OX..X..."
".OX......",".......OX","X","7","0",".OX....X."
".OX.....X",".....OX.X","O","4","-1",".OX.O...X"
".OX.....X",".....OX.X","O","0","-1","OOX.....X"
".OX.....X",".....OX.X","O","6","-1",".OX...O.X"
".OX.....X",".....OX.X","O","3","-1",".OXO....X"
".OX.....X",".....OX.X","O","5","-1",".OX..O..X"
".OX.....X",".....OX.X","O","7","-1",".OX....OX"
".OX....OX","...O.OX.X","X","4","1",".OX.X..OX"
".OX....OX","...O.OX.X","X","0","-1","XOX....OX"
".OX....OX","...O.OX.X","X","6","-1",".OX...XOX"
".OX....OX","...O.OX.X","X","3","-1",".OXX...OX"
".OX....OX","...O.OX.X","X","5","1",".OX..X.OX"
".OX....X.","...O.XX..","O","4","-1",".OX.O..X."
".OX....X.","...O.XX..","O","0","-1","OOX....X."
".OX....X.","...O.XX..","O","6","0",".OX...OX."
".OX....X.","...O.XX..","O","8","0",".OX....XO"
".OX....X.","...O.XX..","O","3","-1",".OXO...X."
".OX....X.","...O.XX..","O","5","-1",".OX..O.X."
".OX....XO","...O.XX.O","X","4","0",".OX.X..XO"
".OX....XO","...O.XX.O","X","0","0","XOX....XO"
".OX....XO","...O.XX.O","X","6","0",".OX...XXO"
".OX....XO","...O.XX.O","X","3","0",".OXX...XO"
".OX....XO","...O.XX.O","X","5","0",".OX..X.XO"
".OX...O.X","..OO..X.X","X","4","1",".OX.X.O.X"
".OX...O.X","..OO..X.X","X","0","1","XOX...O.X"
".OX...O.X","..OO..X.X","X","3","0",".OXX..O.X"
".OX...O.X","..OO..X.X","X","5","1",".OX..XO.X"
".OX...O.X","..OO..X.X","X","7","0",".OX...OXX"
".OX...OX.","..OO.XX..","X","4","0",".OX.X.OX."
".OX...OX.","..OO.XX..","X","0","0","XOX...OX."
".OX...OX.","..OO.XX..","X","8","0",".OX...OXX"
".OX...OX.","..OO.XX..","X","3","0",".OXX..OX."
".OX...OX.","..OO.XX..","X","5","0",".OX..XOX."
".OX...OXX","..OO.XX.X","O","4","-1",".OX.O.OXX"
".OX...OXX","..OO.XX.X","O","0","-1","OOX...OXX"
".OX...OXX","..OO.XX.X","O","3","-1",".OXO..OXX"
".OX...OXX","..OO.XX.X","O","5","0",".OX..OOXX"
".OX...X..","..X...XO.","O","4","0",".OX.O.X.."
".OX...X..","..X...XO.","O","0","-1","OOX...X.."
".OX...X..","..X...XO.","O","8","-1",".OX...X.O"
".OX...X..","..X...XO.","O","3","-1",".OXO..X.."
".OX...X..","..X...XO.","O","5","-1",".OX..OX.."
".OX...X..","..X...XO.","O","7","-1",".OX...XO."
".OX...X.O","..XO..X.O","X","4","1",".OX.X.X.O"
".OX...X.O","..XO..X.O","X","0","1","XOX...X.O"
".OX...X.O","..XO..X.O","X","3","1",".OXX..X.O"
".OX...X.O","..XO..X.O","X","5","-1",".OX..XX.O"
".OX...X.O","..XO..X.O","X","7","0",".OX...XXO"
".OX...XO.","..XO.OX..","X","4","1",".OX.X.XO."
".OX...XO.","..XO.OX..","X","0","-1","XOX...XO."
".OX...XO.","..XO.OX..","X","8","-1",".OX...XOX"
".OX...XO.","..XO.OX..","X","3","-1",".OXX..XO."
".OX...XO.","..XO.OX..","X","5","-1",".OX..XXO."
".OX...XOX","..XO.OX.X","O","4","1",".OX.O.XOX"
".OX...XOX","..XO.OX.X","O","0","-1","OOX...XOX"
".OX...XOX","..XO.OX.X","O","3","-1",".OXO..XOX"
".OX...XOX","..XO.OX.X","O","5","-1",".OX..OXOX"
".OX...XXO","..XO.XX.O","O","4","0",".OX.O.XXO"
".OX...XXO","..XO.XX.O","O","0","-1","OOX...XXO"
".OX...XXO","..XO.XX.O","O","3","-1",".OXO..XXO"
".OX...XXO","..XO.XX.O","O","5","-1",".OX..OXXO"
".OX..O..X",".....OXOX","X","4","1",".OX.XO..X"
".OX..O..X",".....OXOX","X","0","-1","XOX..O..X"
".OX..O..X",".....OXOX","X","6","1",".OX..OX.X"
".OX..O..X",".....OXOX","X","3","0",".OXX.O..X"
".OX..O..X",".....OXOX","X","7","0",".OX..O.XX"
".OX..O.X.","...O.XXO.","X","4","0",".OX.XO.X."
".OX..O.X.","...O.XXO.","X","0","0","XOX..O.X."
".OX..O.X.","...O.XXO.","X","6","1",".OX..OXX."
".OX..O.X.","...O.XXO.","X","8","0",".OX..O.XX"
".OX..O.X.","...O.XXO.","X","3","0",".OXX.O.X."
".OX..O.XX","...O.XXOX","O","4","-1",".OX.OO.XX"
".OX..O.XX","...O.XXOX","O","0","-1","OOX..O.XX"
".OX..O.XX","...O.XXOX","O","6","0",".OX..OOXX"
".OX..O.XX","...O.XXOX","O","3","-1",".OXO.O.XX"
".OX..OOXX","..OO.XXOX","X","4","0",".OX.XOOXX"
".OX..OOXX","..OO.XXOX","X","0","0","XOX..OOXX"
".OX..OOXX","..OO.XXOX","X","3","0",".OXX.OOXX"
".OX..OX..","..XO..XO.","X","4","1",".OX.XOX.."
".OX..OX..","..XO..XO.","X","0","1","XOX..OX.."
".OX..OX..","..XO..XO.","X","8","1",".OX..OX.X"
".OX..OX..","..XO..XO.","X","3","1",".OXX.OX.."
".OX..OX..","..XO..XO.","X","7","1",".OX..OXX."
".OX..OX.X","..XO..XOX","O","4","-1",".OX.OOX.X"
".OX..OX.X","..XO..XOX","O","0","-1","OOX..OX.X"
".OX..OX.X","..XO..XOX","O","3","-1",".OXO.OX.X"
".OX..OX.X","..XO..XOX","O","7","-1",".OX..OXOX"
".OX..OXOX","..XO.OXOX","X","4","1",".OX.XOXOX"
".OX..OXOX","..XO.OXOX","X","0","-1","XOX..OXOX"
".OX..OXOX","..XO.OXOX","X","3","-1",".OXX.OXOX"
".OX..OXX.","..XO.XXO.","O","4","-1",".OX.OOXX."
".OX..OXX.","..XO.XXO.","O","0","-1","OOX..OXX."
".OX..OXX.","..XO.XXO.","O","8","-1",".OX..OXXO"
".OX..OXX.","..XO.XXO.","O","3","-1",".OXO.OXX."
".OX..OXXO","..XO.XXOO","X","4","1",".OX.XOXXO"
".OX..OXXO","..XO.XXOO","X","0","1","XOX..OXXO"
".OX..OXXO","..XO.XXOO","X","3","1",".OXX.OXXO"
".OX..X...",".....O.XX","O","4","-1",".OX.OX..."
".OX..X...",".....O.XX","O","0","-1","OOX..X..."
".OX..X...",".....O.XX","O","6","-1",".OX..XO.."
".OX..X...",".....O.XX","O","8","-1",".OX..X..O"
".OX..X...",".....O.XX","O","3","-1",".OXO.X..."
".OX..X...",".....O.XX","O","7","-1",".OX..X.O."
".OX..X..O",".....OOXX","X","4","1",".OX.XX..O"
".OX..X..O",".....OOXX","X","0","-1","XOX..X..O"
".OX..X..O",".....OOXX","X","6","-1",".OX..XX.O"
".OX..X..O",".....OOXX","X","3","-1",".OXX.X..O"
".OX..X..O",".....OOXX","X","7","0",".OX..X.XO"
".OX..X.O.","...O.O.XX","X","4","1",".OX.XX.O."
".OX..X.O.","...O.O.XX","X","0","-1","XOX..X.O."
".OX..X.O.","...O.O.XX","X","6","-1",".OX..XXO."
".OX..X.O.","...O.O.XX","X","8","1",".OX..X.OX"
".OX..X.O.","...O.O.XX","X","3","-1",".OXX.X.O."
".OX..X.XO","...O.XXXO","O","4","0",".OX.OX.XO"
".OX..X.XO","...O.XXXO","O","0","-1","OOX..X.XO"
".OX..X.XO","...O.XXXO","O","6","0",".OX..XOXO"
".OX..X.XO","...O.XXXO","O","3","0",".OXO.X.XO"
".OX..XO..","..OO..XX.","X","4","1",".OX.XXO.."
".OX..XO..","..OO..XX.","X","0","0","XOX..XO.."
".OX..XO..","..OO..XX.","X","8","1",".OX..XO.X"
".OX..XO..","..OO..XX.","X","3","1",".OXX.XO.."
".OX..XO..","..OO..XX.","X","7","0",".OX..XOX."
".OX..XOX.","..OO.XXX.","O","4","-1",".OX.OXOX."
".OX..XOX.","..OO.XXX.","O","0","-1","OOX..XOX."
".OX..XOX.","..OO.XXX.","O","8","0",".OX..XOXO"
".OX..XOX.","..OO.XXX.","O","3","-1",".OXO.XOX."
".OX..XOXO","..OO.XXXO","X","4","0",".OX.XXOXO"
".OX..XOXO","..OO.XXXO","X","0","0","XOX..XOXO"
".OX..XOXO","..OO.XXXO","X","3","0",".OXX.XOXO"
".OX..XX.O","..XO..XXO","O","4","1",".OX.OXX.O"
".OX..XX.O","..XO..XXO","O","0","-1","OOX..XX.O"
".OX..XX.O","..XO..XXO","O","3","-1",".OXO.XX.O"
".OX..XX.O","..XO..XXO","O","7","-1",".OX..XXOO"
".OX..XXO.","..XO.OXX.","O","4","1",".OX.OXXO."
".OX..XXO.","..XO.OXX.","O","0","-1","OOX..XXO."
".OX..XXO.","..XO.OXX.","O","8","-1",".OX..XXOO"
".OX..XXO.","..XO.OXX.","O","3","-1",".OXO.XXO."
".OX..XXOO","..XO.OXXO","X","4","1",".OX.XXXOO"
".OX..XXOO","..XO.OXXO","X","0","-1","XOX..XXOO"
".OX..XXOO","..XO.OXXO","X","3","-1",".OXX.XXOO"
".OX.O...X","....OOX.X","X","0","-1","XOX.O...X"
".OX.O...X","....OOX.X","X","6","-1",".OX.O.X.X"
".OX.O...X","....OOX.X","X","3","-1",".OXXO...X"
".OX.O...X","....OOX.X","X","5","1",".OX.OX..X"
".OX.O...X","....OOX.X","X","7","1",".OX.O..XX"
".OX.O..X.","...OOXX..","X","0","0","XOX.O..X."
".OX.O..X.","...OOXX..","X","6","0",".OX.O.XX."
".OX.O..X.","...OOXX..","X","8","1",".OX.O..XX"
".OX.O..X.","...OOXX..","X","3","0",".OXXO..X."
".OX.O..X.","...OOXX..","X","5","0",".OX.OX.X."
".OX.O..XX","...OOXX.X","O","0","-1","OOX.O..XX"
".OX.O..XX","...OOXX.X","O","6","-1",".OX.O.OXX"
".OX.O..XX","...OOXX.X","O","3","-1",".OXOO..XX"
".OX.O..XX","...OOXX.X","O","5","-1",".OX.OO.XX"
".OX.O.OXX","..OOOXX.X","X","0","0","XOX.O.OXX"
".OX.O.OXX","..OOOXX.X","X","3","0",".OXXO.OXX"
".OX.O.OXX","..OOOXX.X","X","5","1",".OX.OXOXX"
".OX.O.X..","..X.O.XO.","X","0","-1","XOX.O.X.."
".OX.O.X..","..X.O.XO.","X","8","-1",".OX.O.X.X"
".OX.O.X..","..X.O.XO.","X","3","-1",".OXXO.X.."
".OX.O.X..","..X.O.XO.","X","5","-1",".OX.OXX.."
".OX.O.X..","..X.O.XO.","X","7","0",".OX.O.XX."
".OX.O.X.X","..XOO.X.X","O","0","-1","OOX.O.X.X"
".OX.O.X.X","..XOO.X.X","O","3","-1",".OXOO.X.X"
".OX.O.X.X","..XOO.X.X","O","5","-1",".OX.OOX.X"
".OX.O.X.X","..XOO.X.X","O","7","1",".OX.O.XOX"
".OX.O.XX.","..XOOXX..","O","0","-1","OOX.O.XX."
".OX.O.XX.","..XOOXX..","O","8","0",".OX.O.XXO"
".OX.O.XX.","..XOOXX..","O","3","-1",".OXOO.XX."
".OX.O.XX.","..XOOXX..","O","5","-1",".OX.OOXX."
".OX.O.XXO","..XOOXX.O","X","0","0","XOX.O.XXO"
".OX.O.XXO","..XOOXX.O","X","3","-1",".OXXO.XXO"
".OX.O.XXO","..XOOXX.O","X","5","-1",".OX.OXXXO"
".OX.OO.XX","...OOXXOX","X","0","-1","XOX.OO.XX"
".OX.OO.XX","...OOXXOX","X","6","1",".OX.OOXXX"
".OX.OO.XX","...OOXXOX","X","3","0",".OXXOO.XX"
".OX.OOX.X","..XOO.XOX","X","0","-1","XOX.OOX.X"
".OX.OOX.X","..XOO.XOX","X","3","-1",".OXXOOX.X"
".OX.OOX.X","..XOO.XOX","X","7","1",".OX.OOXXX"
".OX.OOXX.","..XOOXXO.","X","0","-1","XOX.OOXX."
".OX.OOXX.","..XOOXXO.","X","8","1",".OX.OOXXX"
".OX.OOXX.","..XOOXXO.","X","3","1",".OXXOOXX."
".OX.OX...","....OO.XX","X","0","-1","XOX.OX..."
".OX.OX...","....OO.XX","X","6","-1",".OX.OXX.."
".OX.OX...","....OO.XX","X","8","1",".OX.OX..X"
".OX.OX...","....OO.XX","X","3","-1",".OXXOX..."
".OX.OX...","....OO.XX","X","7","0",".OX.OX.X."
".OX.OX.X.","...OOXXX.","O","0","-1","OOX.OX.X."
".OX.OX.X.","...OOXXX.","O","6","-1",".OX.OXOX."
".OX.OX.X.","...OOXXX.","O","8","0",".OX.OX.XO"
".OX.OX.X.","...OOXXX.","O","3","-1",".OXOOX.X."
".OX.OX.XO","...OOXXXO","X","0","0","XOX.OX.XO"
".OX.OX.XO","...OOXXXO","X","6","-1",".OX.OXXXO"
".OX.OX.XO","...OOXXXO","X","3","-1",".OXXOX.XO"
".OX.OXOX.","..OOOXXX.","X","0","0","XOX.OXOX."
".OX.OXOX.","..OOOXXX.","X","8","1",".OX.OXOXX"
".OX.OXOX.","..OOOXXX.","X","3","0",".OXXOXOX."
".OX.OXX..","..XOO.XX.","O","0","-1","OOX.OXX.."
".OX.OXX..","..XOO.XX.","O","8","1",".OX.OXX.O"
".OX.OXX..","..XOO.XX.","O","3","-1",".OXOOXX.."
".OX.OXX..","..XOO.XX.","O","7","1",".OX.OXXO."
".OX.OXX.O","..XOO.XXO","X","0","-1","XOX.OXX.O"
".OX.OXX.O","..XOO.XXO","X","3","-1",".OXXOXX.O"
".OX.OXX.O","..XOO.XXO","X","7","-1",".OX.OXXXO"
".OX.OXXXO","..XOOXXXO","O","0","1","OOX.OXXXO"
".OX.OXXXO","..XOOXXXO","O","3","0",".OXOOXXXO"
".OX.X....","....X..OX","O","0","-1","OOX.X...."
".OX.X....","....X..OX","O","6","-1",".OX.X.O.."
".OX.X....","....X..OX","O","8","-1",".OX.X...O"
".OX.X....","....X..OX","O","3","-1",".OXOX...."
".OX.X....","....X..OX","O","5","-1",".OX.XO..."
".OX.X....","....X..OX","O","7","-1",".OX.X..O."
".OX.X...O","....XOO.X","X","0","0","XOX.X...O"
".OX.X...O","....XOO.X","X","6","1",".OX.X.X.O"
".OX.X...O","....XOO.X","X","3","1",".OXXX...O"
".OX.X...O","....XOO.X","X","5","1",".OX.XX..O"
".OX.X...O","....XOO.X","X","7","0",".OX.X..XO"
".OX.X..O.","...OXO..X","X","0","1","XOX.X..O."
".OX.X..O.","...OXO..X","X","6","1",".OX.X.XO."
".OX.X..O.","...OXO..X","X","8","1",".OX.X..OX"
".OX.X..O.","...OXO..X","X","3","1",".OXXX..O."
".OX.X..O.","...OXO..X","X","5","1",".OX.XX.O."
".OX.X..OX","...OXOX.X","O","0","-1","OOX.X..OX"
".OX.X..OX","...OXOX.X","O","6","-1",".OX.X.OOX"
".OX.X..OX","...OXOX.X","O","3","-1",".OXOX..OX"
".OX.X..OX","...OXOX.X","O","5","-1",".OX.XO.OX"
".OX.X..XO","...OXXX.O","O","0","-1","OOX.X..XO"
".OX.X..XO","...OXXX.O","O","6","0",".OX.X.OXO"
".OX.X..XO","...OXXX.O","O","3","-1",".OXOX..XO"
".OX.X..XO","...OXXX.O","O","5","-1",".OX.XO.XO"
".OX.X.O..","..O.X.XO.","X","0","0","XOX.X.O.."
".OX.X.O..","..O.X.XO.","X","8","1",".OX.X.O.X"
".OX.X.O..","..O.X.XO.","X","3","0",".OXXX.O.."
".OX.X.O..","..O.X.XO.","X","5","1",".OX.XXO.."
".OX.X.O..","..O.X.XO.","X","7","0",".OX.X.OX."
".OX.X.O.X","..OOX.X.X","O","0","-1","OOX.X.O.X"
".OX.X.O.X","..OOX.X.X","O","3","-1",".OXOX.O.X"
".OX.X.O.X","..OOX.X.X","O","5","-1",".OX.XOO.X"
".OX.X.O.X","..OOX.X.X","O","7","-1",".OX.X.OOX"
".OX.X.OOX","..OOXOX.X","X","0","1","XOX.X.OOX"
".OX.X.OOX","..OOXOX.X","X","3","1",".OXXX.OOX"
".OX.X.OOX","..OOXOX.X","X","5","1",".OX.XXOOX"
".OX.X.OX.","..OOXXX..","O","0","0","OOX.X.OX."
".OX.X.OX.","..OOXXX..","O","8","0",".OX.X.OXO"
".OX.X.OX.","..OOXXX..","O","3","0",".OXOX.OX."
".OX.X.OX.","..OOXXX..","O","5","0",".OX.XOOX."
".OX.X.OXO","..OOXXX.O","X","0","0","XOX.X.OXO"
".OX.X.OXO","..OOXXX.O","X","3","0",".OXXX.OXO"
".OX.X.OXO","..OOXXX.O","X","5","0",".OX.XXOXO"
".OX.XO...","....XO.OX","X","0","1","XOX.XO..."
".OX.XO...","....XO.OX","X","6","1",".OX.XOX.."
".OX.XO...","....XO.OX","X","8","1",".OX.XO..X"
".OX.XO...","....XO.OX","X","3","0",".OXXXO..."
".OX.XO...","....XO.OX","X","7","0",".OX.XO.X."
".OX.XO..X","....XOXOX","O","0","-1","OOX.XO..X"
".OX.XO..X","....XOXOX","O","6","-1",".OX.XOO.X"
".OX.XO..X","....XOXOX","O","3","-1",".OXOXO..X"
".OX.XO..X","....XOXOX","O","7","-1",".OX.XO.OX"
".OX.XO.OX","...OXOXOX","X","0","1","XOX.XO.OX"
".OX.XO.OX","...OXOXOX","X","6","1",".OX.XOXOX"
".OX.XO.OX","...OXOXOX","X","3","1",".OXXXO.OX"
".OX.XO.X.","...OXXXO.","O","0","-1","OOX.XO.X."
".OX.XO.X.","...OXXXO.","O","6","0",".OX.XOOX."
".OX.XO.X.","...OXXXO.","O","8","-1",".OX.XO.XO"
".OX.XO.X.","...OXXXO.","O","3","-1",".OXOXO.X."
".OX.XO.XO","...OXXXOO","X","0","0","XOX.XO.XO"
".OX.XO.XO","...OXXXOO","X","6","1",".OX.XOXXO"
".OX.XO.XO","...OXXXOO","X","3","0",".OXXXO.XO"
".OX.XOO.X","..OOX.XOX","X","0","1","XOX.XOO.X"
".OX.XOO.X","..OOX.XOX","X","3","0",".OXXXOO.X"
".OX.XOO.X","..OOX.XOX","X","7","0",".OX.XOOXX"
".OX.XOOX.","..OOXXXO.","X","0","0","XOX.XOOX."
".OX.XOOX.","..OOXXXO.","X","8","0",".OX.XOOXX"
".OX.XOOX.","..OOXXXO.","X","3","0",".OXXXOOX."
".OX.XOOXX","..OOXXXOX","O","0","0","OOX.XOOXX"
".OX.XOOXX","..OOXXXOX","O","3","-1",".OXOXOOXX"
".OX.XX..O","....XOOXX","O","0","-1","OOX.XX..O"
".OX.XX..O","....XOOXX","O","6","-1",".OX.XXO.O"
".OX.XX..O","....XOOXX","O","3","-1",".OXOXX..O"
".OX.XX..O","....XOOXX","O","7","-1",".OX.XX.OO"
".OX.XX.O.","...OXO.XX","O","0","-1","OOX.XX.O."
".OX.XX.O.","...OXO.XX","O","6","-1",".OX.XXOO."
".OX.XX.O.","...OXO.XX","O","8","-1",".OX.XX.OO"
".OX.XX.O.","...OXO.XX","O","3","-1",".OXOXX.O."
".OX.XX.OO","...OXOOXX","X","0","-1","XOX.XX.OO"
".OX.XX.OO","...OXOOXX","X","6","1",".OX.XXXOO"
".OX.XX.OO","...OXOOXX","X","3","1",".OXXXX.OO"
".OX.XXO..","..OOX.XX.","O","0","-1","OOX.XXO.."
".OX.XXO..","..OOX.XX.","O","8","-1",".OX.XXO.O"
".OX.XXO..","..OOX.XX.","O","3","-1",".OXOXXO.."
".OX.XXO..","..OOX.XX.","O","7","-1",".OX.XXOO."
".OX.XXO.O","..OOX.XXO","X","0","-1","XOX.XXO.O"
".OX.XXO.O","..OOX.XXO","X","3","1",".OXXXXO.O"
".OX.XXO.O","..OOX.XXO","X","7","0",".OX.XXOXO"
".OX.XXOO.","..OOXOXX.","X","0","-1","XOX.XXOO."
".OX.XXOO.","..OOXOXX.","X","8","1",".OX.XXOOX"
".OX.XXOO.","..OOXOXX.","X","3","1",".OXXXXOO."
".OX.XXOXO","..OOXXXXO","O","0","-1","OOX.XXOXO"
".OX.XXOXO","..OOXXXXO","O","3","0",".OXOXXOXO"
".OXO....X","..XO...OX","X","4","1",".OXOX...X"
".OXO....X","..XO...OX","X","0","1","XOXO....X"
".OXO....X","..XO...OX","X","6","1",".OXO..X.X"
".OXO....X","..XO...OX","X","5","1",".OXO.X..X"
".OXO....X","..XO...OX","X","7","1",".OXO...XX"
".OXO...X.","..XX.O.O.","X","4","0",".OXOX..X."
".OXO...X.","..XX.O.O.","X","0","0","XOXO...X."
".OXO...X.","..XX.O.O.","X","6","1",".OXO..XX."
".OXO...X.","..XX.O.O.","X","8","1",".OXO...XX"
".OXO...X.","..XX.O.O.","X","5","0",".OXO.X.X."
".OXO...XX",".O.O.XX.X","O","4","-1",".OXOO..XX"
".OXO...XX",".O.O.XX.X","O","0","-1","OOXO...XX"
".OXO...XX",".O.O.XX.X","O","6","-1",".OXO..OXX"
".OXO...XX",".O.O.XX.X","O","5","-1",".OXO.O.XX"
".OXO..OXX",".OOO.XX.X","X","4","-1",".OXOX.OXX"
".OXO..OXX",".OOO.XX.X","X","0","1","XOXO..OXX"
".OXO..OXX",".OOO.XX.X","X","5","1",".OXO.XOXX"
".OXO..X..","..X..OXO.","X","4","1",".OXOX.X.."
".OXO..X..","..X..OXO.","X","0","-1","XOXO..X.."
".OXO..X..","..X..OXO.","X","8","1",".OXO..X.X"
".OXO..X..","..X..OXO.","X","5","1",".OXO.XX.."
".OXO..X..","..X..OXO.","X","7","1",".OXO..XX."
".OXO..X.X",".OXO..X.X","O","4","-1",".OXOO.X.X"
".OXO..X.X",".OXO..X.X","O","0","-1","OOXO..X.X"
".OXO..X.X",".OXO..X.X","O","5","-1",".OXO.OX.X"
".OXO..X.X",".OXO..X.X","O","7","-1",".OXO..XOX"
".OXO..XOX",".OXO..XOX","X","4","1",".OXOX.XOX"
".OXO..XOX",".OXO..XOX","X","0","-1","XOXO..XOX"
".OXO..XOX",".OXO..XOX","X","5","1",".OXO.XXOX"
".OXO..XX.","..XX.OXO.","O","4","-1",".OXOO.XX."
".OXO..XX.","..XX.OXO.","O","0","-1","OOXO..XX."
".OXO..XX.","..XX.OXO.","O","8","-1",".OXO..XXO"
".OXO..XX.","..XX.OXO.","O","5","-1",".OXO.OXX."
".OXO..XXO",".OXO..XXO","X","4","1",".OXOX.XXO"
".OXO..XXO",".OXO..XXO","X","0","0","XOXO..XXO"
".OXO..XXO",".OXO..XXO","X","5","0",".OXO.XXXO"
".OXO.O.XX",".O.O.XXOX","X","4","1",".OXOXO.XX"
".OXO.O.XX",".O.O.XXOX","X","0","-1","XOXO.O.XX"
".OXO.O.XX",".O.O.XXOX","X","6","1",".OXO.OXXX"
".OXO.OX.X",".OXO..XOX","X","4","1",".OXOXOX.X"
".OXO.OX.X",".OXO..XOX","X","0","-1","XOXO.OX.X"
".OXO.OX.X",".OXO..XOX","X","7","1",".OXO.OXXX"
".OXO.OXX.",".OXO.OXX.","X","4","1",".OXOXOXX."
".OXO.OXX.",".OXO.OXX.","X","0","-1","XOXO.OXX."
".OXO.OXX.",".OXO.OXX.","X","8","1",".OXO.OXXX"
".OXO.X...","...O.X.OX","X","4","1",".OXOXX..."
".OXO.X...","...O.X.OX","X","0","0","XOXO.X..."
".OXO.X...","...O.X.OX","X","6","1",".OXO.XX.."
".OXO.X...","...O.X.OX","X","8","1",".OXO.X..X"
".OXO.X...","...O.X.OX","X","7","0",".OXO.X.X."
".OXO.X.X.",".O.O.XXX.","O","4","-1",".OXOOX.X."
".OXO.X.X.",".O.O.XXX.","O","0","-1","OOXO.X.X."
".OXO.X.X.",".O.O.XXX.","O","6","-1",".OXO.XOX."
".OXO.X.X.",".O.O.XXX.","O","8","0",".OXO.X.XO"
".OXO.X.XO",".O.O.XXXO","X","4","0",".OXOXX.XO"
".OXO.X.XO",".O.O.XXXO","X","0","0","XOXO.X.XO"
".OXO.X.XO",".O.O.XXXO","X","6","0",".OXO.XXXO"
".OXO.XOX.",".OOO.XXX.","X","4","-1",".OXOXXOX."
".OXO.XOX.",".OOO.XXX.","X","0","0","XOXO.XOX."
".OXO.XOX.",".OOO.XXX.","X","8","1",".OXO.XOXX"
".OXO.XX..","..XX.OXO.","O","4","-1",".OXOOXX.."
".OXO.XX..","..XX.OXO.","O","0","-1","OOXO.XX.."
".OXO.XX..","..XX.OXO.","O","8","-1",".OXO.XX.O"
".OXO.XX..","..XX.OXO.","O","7","-1",".OXO.XXO."
".OXO.XX.O",".OXO..XXO","X","4","1",".OXOXXX.O"
".OXO.XX.O",".OXO..XXO","X","0","0","XOXO.XX.O"
".OXO.XX.O",".OXO..XXO","X","7","0",".OXO.XXXO"
".OXO.XXO.",".OXO.OXX.","X","4","1",".OXOXXXO."
".OXO.XXO.",".OXO.OXX.","X","0","-1","XOXO.XXO."
".OXO.XXO.",".OXO.OXX.","X","8","1",".OXO.XXOX"
".OXO.XXXO",".OXO.XXXO","O","4","0",".OXOOXXXO"
".OXO.XXXO",".OXO.XXXO","O","0","-1","OOXO.XXXO"
".OXOO..XX",".O.OOXX.X","X","0","-1","XOXOO..XX"
".OXOO..XX",".O.OOXX.X","X","6","1",".OXOO.XXX"
".OXOO..XX",".O.OOXX.X","X","5","1",".OXOOX.XX"
".OXOO.X.X",".OXOO.X.X","X","0","-1","XOXOO.X.X"
".OXOO.X.X",".OXOO.X.X","X","5","1",".OXOOXX.X"
".OXOO.X.X",".OXOO.X.X","X","7","1",".OXOO.XXX"
".OXOO.XX.","..XXOOXO.","X","0","-1","XOXOO.XX."
".OXOO.XX.","..XXOOXO.","X","8","1",".OXOO.XXX"
".OXOO.XX.","..XXOOXO.","X","5","0",".OXOOXXX."
".OXOOX.X.",".O.OOXXX.","X","0","0","XOXOOX.X."
".OXOOX.X.",".O.OOXXX.","X","6","0",".OXOOXXX."
".OXOOX.X.",".O.OOXXX.","X","8","1",".OXOOX.XX"
".OXOOXX..","..XXOOXO.","X","0","-1","XOXOOXX.."
".OXOOXX..","..XXOOXO.","X","8","1",".OXOOXX.X"
".OXOOXX..","..XXOOXO.","X","7","0",".OXOOXXX."
".OXOOXXX.",".OXOOXXX.","O","0","-1","OOXOOXXX."
".OXOOXXX.",".OXOOXXX.","O","8","0",".OXOOXXXO"
".OXOOXXXO",".OXOOXXXO","X","0","0","XOXOOXXXO"
".OXOX....","....XOXO.","X","0","1","XOXOX...."
".OXOX....","....XOXO.","X","6","1",".OXOX.X.."
".OXOX....","....XOXO.","X","8","1",".OXOX...X"
".OXOX....","....XOXO.","X","5","1",".OXOXX..."
".OXOX....","....XOXO.","X","7","0",".OXOX..X."
".OXOX...X","..XOX..OX","O","0","-1","OOXOX...X"
".OXOX...X","..XOX..OX","O","6","-1",".OXOX.O.X"
".OXOX...X","..XOX..OX","O","5","-1",".OXOXO..X"
".OXOX...X","..XOX..OX","O","7","-1",".OXOX..OX"
".OXOX..OX",".O.OXOX.X","X","0","1","XOXOX..OX"
".OXOX..OX",".O.OXOX.X","X","6","1",".OXOX.XOX"
".OXOX..OX",".O.OXOX.X","X","5","1",".OXOXX.OX"
".OXOX..X.","..XXXO.O.","O","0","-1","OOXOX..X."
".OXOX..X.","..XXXO.O.","O","6","0",".OXOX.OX."
".OXOX..X.","..XXXO.O.","O","8","-1",".OXOX..XO"
".OXOX..X.","..XXXO.O.","O","5","-1",".OXOXO.X."
".OXOX..XO",".O.OXXX.O","X","0","0","XOXOX..XO"
".OXOX..XO",".O.OXXX.O","X","6","1",".OXOX.XXO"
".OXOX..XO",".O.OXXX.O","X","5","0",".OXOXX.XO"
".OXOX.O.X",".OOOX.X.X","X","0","1","XOXOX.O.X"
".OXOX.O.X",".OOOX.X.X","X","5","1",".OXOXXO.X"
".OXOX.O.X",".OOOX.X.X","X","7","-1",".OXOX.OXX"
".OXOX.OX.","..XXXOOO.","X","0","0","XOXOX.OX."
".OXOX.OX.","..XXXOOO.","X","8","-1",".OXOX.OXX"
".OXOX.OX.","..XXXOOO.","X","5","-1",".OXOXXOX."
".OXOX.OXX",".OOOXXX.X","O","0","1","OOXOX.OXX"
".OXOX.OXX",".OOOXXX.X","O","5","-1",".OXOXOOXX"
".OXOXO..X","..XOXO.OX","X","0","1","XOXOXO..X"
".OXOXO..X","..XOXO.OX","X","6","1",".OXOXOX.X"
".OXOXO..X","..XOXO.OX","X","7","1",".OXOXO.XX"
".OXOXO.X.",".O.OXXXO.","X","0","1","XOXOXO.X."
".OXOXO.X.",".O.OXXXO.","X","6","1",".OXOXOXX."
".OXOXO.X.",".O.OXXXO.","X","8","1",".OXOXO.XX"
".OXOXO.XX",".O.OXXXOX","O","0","-1","OOXOXO.XX"
".OXOXO.XX",".O.OXXXOX","O","6","-1",".OXOXOOXX"
".OXOXOOXX",".OOOXXXOX","X","0","1","XOXOXOOXX"
".OXOXX...","...OXX.OX","O","0","-1","OOXOXX..."
".OXOXX...","...OXX.OX","O","6","-1",".OXOXXO.."
".OXOXX...","...OXX.OX","O","8","-1",".OXOXX..O"
".OXOXX...","...OXX.OX","O","7","-1",".OXOXX.O."
".OXOXX..O","..OOXX.OX","X","0","0","XOXOXX..O"
".OXOXX..O","..OOXX.OX","X","6","1",".OXOXXX.O"
".OXOXX..O","..OOXX.OX","X","7","0",".OXOXX.XO"
".OXOXX.O.",".O.OXO.XX","X","0","1","XOXOXX.O."
".OXOXX.O.",".O.OXO.XX","X","6","1",".OXOXXXO."
".OXOXX.O.",".O.OXO.XX","X","8","1",".OXOXX.OX"
".OXOXX.XO",".O.OXXXXO","O","0","-1","OOXOXX.XO"
".OXOXX.XO",".O.OXXXXO","O","6","0",".OXOXXOXO"
".OXOXXO..","..OXXOXO.","X","0","0","XOXOXXO.."
".OXOXXO..","..OXXOXO.","X","8","1",".OXOXXO.X"
".OXOXXO..","..OXXOXO.","X","7","-1",".OXOXXOX."
".OXOXXOX.",".OOOXXXX.","O","0","1","OOXOXXOX."
".OXOXXOX.",".OOOXXXX.","O","8","0",".OXOXXOXO"
".OXOXXOXO",".OOOXXXXO","X","0","0","XOXOXXOXO"
".OXX.....",".....XXO.","O","4","0",".OXXO...."
".OXX.....",".....XXO.","O","0","-1","OOXX....."
".OXX.....",".....XXO.","O","6","-1",".OXX..O.."
".OXX.....",".....XXO.","O","8","-1",".OXX....O"
".OXX.....",".....XXO.","O","5","-1",".OXX.O..."
".OXX.....",".....XXO.","O","7","-1",".OXX...O."
".OXX....O","..OX...OX","X","4","1",".OXXX...O"
".OXX....O","..OX...OX","X","0","0","XOXX....O"
".OXX....O","..OX...OX","X","6","1",".OXX..X.O"
".OXX....O","..OX...OX","X","5","-1",".OXX.X..O"
".OXX....O","..OX...OX","X","7","0",".OXX...XO"
".OXX...O.","..XO.O.X.","X","4","1",".OXXX..O."
".OXX...O.","..XO.O.X.","X","0","-1","XOXX...O."
".OXX...O.","..XO.O.X.","X","6","-1",".OXX..XO."
".OXX...O.","..XO.O.X.","X","8","-1",".OXX...OX"
".OXX...O.","..XO.O.X.","X","5","-1",".OXX.X.O."
".OXX...OX",".OXX...OX","O","4","1",".OXXO..OX"
".OXX...OX",".OXX...OX","O","0","-1","OOXX...OX"
".OXX...OX",".OXX...OX","O","6","-1",".OXX..OOX"
".OXX...OX",".OXX...OX","O","5","-1",".OXX.O.OX"
".OXX...XO",".OXX...XO","O","4","0",".OXXO..XO"
".OXX...XO",".OXX...XO","O","0","-1","OOXX...XO"
".OXX...XO",".OXX...XO","O","6","0",".OXX..OXO"
".OXX...XO",".OXX...XO","O","5","-1",".OXX.O.XO"
".OXX..O..","..O..XXO.","X","4","0",".OXXX.O.."
".OXX..O..","..O..XXO.","X","0","-1","XOXX..O.."
".OXX..O..","..O..XXO.","X","8","0",".OXX..O.X"
".OXX..O..","..O..XXO.","X","5","1",".OXX.XO.."
".OXX..O..","..O..XXO.","X","7","0",".OXX..OX."
".OXX..O.X",".OXX..O.X","O","4","-1",".OXXO.O.X"
".OXX..O.X",".OXX..O.X","O","0","-1","OOXX..O.X"
".OXX..O.X",".OXX..O.X","O","5","0",".OXX.OO.X"
".OXX..O.X",".OXX..O.X","O","7","-1",".OXX..OOX"
".OXX..OOX",".OXX..OOX","X","4","1",".OXXX.OOX"
".OXX..OOX",".OXX..OOX","X","0","-1","XOXX..OOX"
".OXX..OOX",".OXX..OOX","X","5","1",".OXX.XOOX"
".OXX..OX.","..XX.OOX.","O","4","0",".OXXO.OX."
".OXX..OX.","..XX.OOX.","O","0","-1","OOXX..OX."
".OXX..OX.","..XX.OOX.","O","8","0",".OXX..OXO"
".OXX..OX.","..XX.OOX.","O","5","0",".OXX.OOX."
".OXX..OXO",".OXX..OXO","X","4","0",".OXXX.OXO"
".OXX..OXO",".OXX..OXO","X","0","0","XOXX..OXO"
".OXX..OXO",".OXX..OXO","X","5","0",".OXX.XOXO"
".OXX..X.O",".OXX..X.O","O","4","-1",".OXXO.X.O"
".OXX..X.O",".OXX..X.O","O","0","-1","OOXX..X.O"
".OXX..X.O",".OXX..X.O","O","5","-1",".OXX.OX.O"
".OXX..X.O",".OXX..X.O","O","7","-1",".OXX..XOO"
".OXX..XO.","..XO.OXX.","O","4","1",".OXXO.XO."
".OXX..XO.","..XO.OXX.","O","0","-1","OOXX..XO."
".OXX..XO.","..XO.OXX.","O","8","-1",".OXX..XOO"
".OXX..XO.","..XO.OXX.","O","5","-1",".OXX.OXO."
".OXX..XOO",".OXX..XOO","X","4","1",".OXXX.XOO"
".OXX..XOO",".OXX..XOO","X","0","1","XOXX..XOO"
".OXX..XOO",".OXX..XOO","X","5","-1",".OXX.XXOO"
".OXX.O...","...O.XXO.","X","4","0",".OXXXO..."
".OXX.O...","...O.XXO.","X","0","0","XOXX.O..."
".OXX.O...","...O.XXO.","X","6","1",".OXX.OX.."
".OXX.O...","...O.XXO.","X","8","0",".OXX.O..X"
".OXX.O...","...O.XXO.","X","7","0",".OXX.O.X."
".OXX.O..X","..XX.O.OX","O","4","0",".OXXOO..X"
".OXX.O..X","..XX.O.OX","O","0","-1","OOXX.O..X"
".OXX.O..X","..XX.O.OX","O","6","0",".OXX.OO.X"
".OXX.O..X","..XX.O.OX","O","7","-1",".OXX.O.OX"
".OXX.O.OX",".OXX.O.OX","X","4","1",".OXXXO.OX"
".OXX.O.OX",".OXX.O.OX","X","0","-1","XOXX.O.OX"
".OXX.O.OX",".OXX.O.OX","X","6","-1",".OXX.OXOX"
".OXX.O.X.",".OXX.O.X.","O","4","-1",".OXXOO.X."
".OXX.O.X.",".OXX.O.X.","O","0","-1","OOXX.O.X."
".OXX.O.X.",".OXX.O.X.","O","6","0",".OXX.OOX."
".OXX.O.X.",".OXX.O.X.","O","8","-1",".OXX.O.XO"
".OXX.O.XO",".OXX.O.XO","X","4","0",".OXXXO.XO"
".OXX.O.XO",".OXX.O.XO","X","0","0","XOXX.O.XO"
".OXX.O.XO",".OXX.O.XO","X","6","1",".OXX.OXXO"
".OXX.OO.X",".OXX.OO.X","X","4","0",".OXXXOO.X"
".OXX.OO.X",".OXX.OO.X","X","0","0","XOXX.OO.X"
".OXX.OO.X",".OXX.OO.X","X","7","0",".OXX.OOXX"
".OXX.OOX.",".OXX.OOX.","X","4","0",".OXXXOOX."
".OXX.OOX.",".OXX.OOX.","X","0","0","XOXX.OOX."
".OXX.OOX.",".OXX.OOX.","X","8","0",".OXX.OOXX"
".OXX.OOXX",".OXX.OOXX","O","4","0",".OXXOOOXX"
".OXX.OOXX",".OXX.OOXX","O","0","0","OOXX.OOXX"
".OXX.OX..","..XO.XXO.","O","4","-1",".OXXOOX.."
".OXX.OX..","..XO.XXO.","O","0","-1","OOXX.OX.."
".OXX.OX..","..XO.XXO.","O","8","-1",".OXX.OX.O"
".OXX.OX..","..XO.XXO.","O","7","-1",".OXX.OXO."
".OXX.OX.O",".OXX.OX.O","X","4","1",".OXXXOX.O"
".OXX.OX.O",".OXX.OX.O","X","0","1","XOXX.OX.O"
".OXX.OX.O",".OXX.OX.O","X","7","1",".OXX.OXXO"
".OXX.OXO.",".OXO.OXX.","X","4","1",".OXXXOXO."
".OXX.OXO.",".OXO.OXX.","X","0","1","XOXX.OXO."
".OXX.OXO.",".OXO.OXX.","X","8","-1",".OXX.OXOX"
".OXX.OXOX",".OXX.OXOX","O","4","1",".OXXOOXOX"
".OXX.OXOX",".OXX.OXOX","O","0","-1","OOXX.OXOX"
".OXX.OXXO",".OXX.OXXO","O","4","-1",".OXXOOXXO"
".OXX.OXXO",".OXX.OXXO","O","0","-1","OOXX.OXXO"
".OXX.X..O","..OX.X.OX","O","4","1",".OXXOX..O"
".OXX.X..O","..OX.X.OX","O","0","-1","OOXX.X..O"
".OXX.X..O","..OX.X.OX","O","6","-1",".OXX.XO.O"
".OXX.X..O","..OX.X.OX","O","7","-1",".OXX.X.OO"
".OXX.X.O.",".O.X.X.OX","O","4","1",".OXXOX.O."
".OXX.X.O.",".O.X.X.OX","O","0","-1","OOXX.X.O."
".OXX.X.O.",".O.X.X.OX","O","6","-1",".OXX.XOO."
".OXX.X.O.",".O.X.X.OX","O","8","-1",".OXX.X.OO"
".OXX.X.OO",".OOX.X.OX","X","4","1",".OXXXX.OO"
".OXX.X.OO",".OOX.X.OX","X","0","-1","XOXX.X.OO"
".OXX.X.OO",".OOX.X.OX","X","6","-1",".OXX.XXOO"
".OXX.XO..","..OX.XXO.","O","4","-1",".OXXOXO.."
".OXX.XO..","..OX.XXO.","O","0","-1","OOXX.XO.."
".OXX.XO..","..OX.XXO.","O","8","-1",".OXX.XO.O"
".OXX.XO..","..OX.XXO.","O","7","-1",".OXX.XOO."
".OXX.XO.O",".OXX.XO.O","X","4","1",".OXXXXO.O"
".OXX.XO.O",".OXX.XO.O","X","0","-1","XOXX.XO.O"
".OXX.XO.O",".OXX.XO.O","X","7","0",".OXX.XOXO"
".OXX.XOO.",".OOX.XXO.","X","4","1",".OXXXXOO."
".OXX.XOO.",".OOX.XXO.","X","0","-1","XOXX.XOO."
".OXX.XOO.",".OOX.XXO.","X","8","1",".OXX.XOOX"
".OXX.XOXO",".OXX.XOXO","O","4","0",".OXXOXOXO"
".OXX.XOXO",".OXX.XOXO","O","0","-1","OOXX.XOXO"
".OXX.XXOO",".OXX.XXOO","O","4","1",".OXXOXXOO"
".OXX.XXOO",".OXX.XXOO","O","0","-1","OOXX.XXOO"
".OXXO....","....OXXO.","X","0","-1","XOXXO...."
".OXXO....","....OXXO.","X","6","-1",".OXXO.X.."
".OXXO....","....OXXO.","X","8","-1",".OXXO...X"
".OXXO....","....OXXO.","X","5","-1",".OXXOX..."
".OXXO....","....OXXO.","X","7","0",".OXXO..X."
".OXXO...X","..XXO..OX","O","0","-1","OOXXO...X"
".OXXO...X","..XXO..OX","O","6","-1",".OXXO.O.X"
".OXXO...X","..XXO..OX","O","5","0",".OXXOO..X"
".OXXO...X","..XXO..OX","O","7","1",".OXXO..OX"
".OXXO..X.","..XXOO.X.","O","0","-1","OOXXO..X."
".OXXO..X.","..XXOO.X.","O","6","0",".OXXO.OX."
".OXXO..X.","..XXOO.X.","O","8","0",".OXXO..XO"
".OXXO..X.","..XXOO.X.","O","5","-1",".OXXOO.X."
".OXXO..XO",".OXXO..XO","X","0","0","XOXXO..XO"
".OXXO..XO",".OXXO..XO","X","6","-1",".OXXO.XXO"
".OXXO..XO",".OXXO..XO","X","5","-1",".OXXOX.XO"
".OXXO.O.X",".OXXO.O.X","X","0","-1","XOXXO.O.X"
".OXXO.O.X",".OXXO.O.X","X","5","1",".OXXOXO.X"
".OXXO.O.X",".OXXO.O.X","X","7","0",".OXXO.OXX"
".OXXO.OX.","..XXOOOX.","X","0","0","XOXXO.OX."
".OXXO.OX.","..XXOOOX.","X","8","0",".OXXO.OXX"
".OXXO.OX.","..XXOOOX.","X","5","0",".OXXOXOX."
".OXXO.OXX",".OXXO.OXX","O","0","-1","OOXXO.OXX"
".OXXO.OXX",".OXXO.OXX","O","5","0",".OXXOOOXX"
".OXXO.X..","..X.OOXX.","O","0","1","OOXXO.X.."
".OXXO.X..","..X.OOXX.","O","8","-1",".OXXO.X.O"
".OXXO.X..","..X.OOXX.","O","5","-1",".OXXOOX.."
".OXXO.X..","..X.OOXX.","O","7","1",".OXXO.XO."
".OXXO.X.O",".OXXO.X.O","X","0","1","XOXXO.X.O"
".OXXO.X.O",".OXXO.X.O","X","5","-1",".OXXOXX.O"
".OXXO.X.O",".OXXO.X.O","X","7","-1",".OXXO.XXO"
".OXXO.XXO",".OXXO.XXO","O","0","1","OOXXO.XXO"
".OXXO.XXO",".OXXO.XXO","O","5","-1",".OXXOOXXO"
".OXXOO..X","..XXOO.OX","X","0","-1","XOXXOO..X"
".OXXOO..X","..XXOO.OX","X","6","-1",".OXXOOX.X"
".OXXOO..X","..XXOO.OX","X","7","0",".OXXOO.XX"
".OXXOO.X.",".OXXOO.X.","X","0","0","XOXXOO.X."
".OXXOO.X.",".OXXOO.X.","X","6","1",".OXXOOXX."
".OXXOO.X.",".OXXOO.X.","X","8","0",".OXXOO.XX"
".OXXOO.XX",".OXXOO.XX","O","0","-1","OOXXOO.XX"
".OXXOO.XX",".OXXOO.XX","O","6","0",".OXXOOOXX"
".OXXOOOXX",".OXXOOOXX","X","0","0","XOXXOOOXX"
".OXXOOX..","..XOOXXO.","X","0","1","XOXXOOX.."
".OXXOOX..","..XOOXXO.","X","8","-1",".OXXOOX.X"
".OXXOOX..","..XOOXXO.","X","7","1",".OXXOOXX."
".OXXOOX.X",".OXXOOX.X","O","0","-1","OOXXOOX.X"
".OXXOOX.X",".OXXOOX.X","O","7","1",".OXXOOXOX"
".OXXOOXX.",".OXXOOXX.","O","0","-1","OOXXOOXX."
".OXXOOXX.",".OXXOOXX.","O","8","-1",".OXXOOXXO"
".OXXOOXXO",".OXXOOXXO","X","0","1","XOXXOOXXO"
".OXXOX...","...XOX.OX","O","0","-1","OOXXOX..."
".OXXOX...","...XOX.OX","O","6","-1",".OXXOXO.."
".OXXOX...","...XOX.OX","O","8","1",".OXXOX..O"
".OXXOX...","...XOX.OX","O","7","1",".OXXOX.O."
".OXXOX..O","..OXOX.OX","X","0","-1","XOXXOX..O"
".OXXOX..O","..OXOX.OX","X","6","-1",".OXXOXX.O"
".OXXOX..O","..OXOX.OX","X","7","-1",".OXXOX.XO"
".OXXOX.XO",".OXXOX.XO","O","0","1","OOXXOX.XO"
".OXXOX.XO",".OXXOX.XO","O","6","0",".OXXOXOXO"
".OXXOXO..","..OXOXXO.","X","0","-1","XOXXOXO.."
".OXXOXO..","..OXOXXO.","X","8","1",".OXXOXO.X"
".OXXOXO..","..OXOXXO.","X","7","0",".OXXOXOX."
".OXXOXOX.",".OXXOXOX.","O","0","-1","OOXXOXOX."
".OXXOXOX.",".OXXOXOX.","O","8","0",".OXXOXOXO"
".OXXOXOXO",".OXXOXOXO","X","0","0","XOXXOXOXO"
".OXXOXX.O",".OXXOXX.O","O","0","1","OOXXOXX.O"
".OXXOXX.O",".OXXOXX.O","O","7","1",".OXXOXXOO"
".OXXX...O","..OXX..OX","O","0","-1","OOXXX...O"
".OXXX...O","..OXX..OX","O","6","-1",".OXXX.O.O"
".OXXX...O","..OXX..OX","O","5","-1",".OXXXO..O"
".OXXX...O","..OXX..OX","O","7","-1",".OXXX..OO"
".OXXX..O.","..XOXO.X.","O","0","-1","OOXXX..O."
".OXXX..O.","..XOXO.X.","O","6","-1",".OXXX.OO."
".OXXX..O.","..XOXO.X.","O","8","-1",".OXXX..OO"
".OXXX..O.","..XOXO.X.","O","5","-1",".OXXXO.O."
".OXXX..OO",".OOXX..OX","X","0","-1","XOXXX..OO"
".OXXX..OO",".OOXX..OX","X","6","1",".OXXX.XOO"
".OXXX..OO",".OOXX..OX","X","5","1",".OXXXX.OO"
".OXXX.O..","..O.XXXO.","O","0","-1","OOXXX.O.."
".OXXX.O..","..O.XXXO.","O","8","-1",".OXXX.O.O"
".OXXX.O..","..O.XXXO.","O","5","0",".OXXXOO.."
".OXXX.O..","..O.XXXO.","O","7","-1",".OXXX.OO."
".OXXX.O.O",".OXXX.O.O","X","0","-1","XOXXX.O.O"
".OXXX.O.O",".OXXX.O.O","X","5","1",".OXXXXO.O"
".OXXX.O.O",".OXXX.O.O","X","7","0",".OXXX.OXO"
".OXXX.OO.","..XOXOOX.","X","0","-1","XOXXX.OO."
".OXXX.OO.","..XOXOOX.","X","8","1",".OXXX.OOX"
".OXXX.OO.","..XOXOOX.","X","5","1",".OXXXXOO."
".OXXX.OOX",".OXXX.OOX","O","0","-1","OOXXX.OOX"
".OXXX.OOX",".OXXX.OOX","O","5","-1",".OXXXOOOX"
".OXXX.OXO",".OXXX.OXO","O","0","-1","OOXXX.OXO"
".OXXX.OXO",".OXXX.OXO","O","5","0",".OXXXOOXO"
".OXXXO...","...OXXXO.","O","0","-1","OOXXXO..."
".OXXXO...","...OXXXO.","O","6","0",".OXXXOO.."
".OXXXO...","...OXXXO.","O","8","-1",".OXXXO..O"
".OXXXO...","...OXXXO.","O","7","-1",".OXXXO.O."
".OXXXO..O","..OXXO.OX","X","0","0","XOXXXO..O"
".OXXXO..O","..OXXO.OX","X","6","1",".OXXXOX.O"
".OXXXO..O","..OXXO.OX","X","7","0",".OXXXO.XO"
".OXXXO.O.",".O.OXXXO.","X","0","1","XOXXXO.O."
".OXXXO.O.",".O.OXXXO.","X","6","1",".OXXXOXO."
".OXXXO.O.",".O.OXXXO.","X","8","1",".OXXXO.OX"
".OXXXO.OX",".OXXXO.OX","O","0","-1","OOXXXO.OX"
".OXXXO.OX",".OXXXO.OX","O","6","-1",".OXXXOOOX"
".OXXXO.XO",".OXXXO.XO","O","0","-1","OOXXXO.XO"
".OXXXO.XO",".OXXXO.XO","O","6","0",".OXXXOOXO"
".OXXXOO..","..OOXXXO.","X","0","0","XOXXXOO.."
".OXXXOO..","..OOXXXO.","X","8","0",".OXXXOO.X"
".OXXXOO..","..OOXXXO.","X","7","0",".OXXXOOX."
".OXXXOO.X",".OXXXOO.X","O","0","0","OOXXXOO.X"
".OXXXOO.X",".OXXXOO.X","O","7","-1",".OXXXOOOX"
".OXXXOOOX",".OXXXOOOX","X","0","1","XOXXXOOOX"
".OXXXOOX.",".OXXXOOX.","O","0","0","OOXXXOOX."
".OXXXOOX.",".OXXXOOX.","O","8","0",".OXXXOOXO"
".OXXXOOXO",".OXXXOOXO","X","0","0","XOXXXOOXO"
".X.......",".......X.","O","4","0",".X..O...."
".X.......",".......X.","O","0","0","OX......."
".X.......",".......X.","O","2","0",".XO......"
".X.......",".......X.","O","6","-1",".X....O.."
".X.......",".......X.","O","8","-1",".X......O"
".X.......",".......X.","O","3","-1",".X.O....."
".X.......",".......X.","O","5","-1",".X...O..."
".X.......",".......X.","O","7","0",".X.....O."
".X......O",".....XO..","X","4","0",".X..X...O"
".X......O",".....XO..","X","0","-1","XX......O"
".X......O",".....XO..","X","2","1",".XX.....O"
".X......O",".....XO..","X","6","0",".X....X.O"
".X......O",".....XO..","X","3","-1",".X.X....O"
".X......O",".....XO..","X","5","-1",".X...X..O"
".X......O",".....XO..","X","7","-1",".X.....XO"
".X.....O.","...O.X...","X","4","0",".X..X..O."
".X.....O.","...O.X...","X","0","0","XX.....O."
".X.....O.","...O.X...","X","2","0",".XX....O."
".X.....O.","...O.X...","X","6","0",".X....XO."
".X.....O.","...O.X...","X","8","0",".X.....OX"
".X.....O.","...O.X...","X","3","0",".X.X...O."
".X.....O.","...O.X...","X","5","0",".X...X.O."
".X.....OX","...O.XX..","O","4","-1",".X..O..OX"
".X.....OX","...O.XX..","O","0","0","OX.....OX"
".X.....OX","...O.XX..","O","2","0",".XO....OX"
".X.....OX","...O.XX..","O","6","-1",".X....OOX"
".X.....OX","...O.XX..","O","3","-1",".X.O...OX"
".X.....OX","...O.XX..","O","5","-1",".X...O.OX"
".X.....XO","...X.X..O","O","4","1",".X..O..XO"
".X.....XO","...X.X..O","O","0","-1","OX.....XO"
".X.....XO","...X.X..O","O","2","-1",".XO....XO"
".X.....XO","...X.X..O","O","6","-1",".X....OXO"
".X.....XO","...X.X..O","O","3","-1",".X.O...XO"
".X.....XO","...X.X..O","O","5","-1",".X...O.XO"
".X....O..",".....XO..","X","4","0",".X..X.O.."
".X....O..",".....XO..","X","0","1","XX....O.."
".X....O..",".....XO..","X","2","-1",".XX...O.."
".X....O..",".....XO..","X","8","0",".X....O.X"
".X....O..",".....XO..","X","3","-1",".X.X..O.."
".X....O..",".....XO..","X","5","-1",".X...XO.."
".X....O..",".....XO..","X","7","-1",".X....OX."
".X....O.X","..OX....X","O","4","-1",".X..O.O.X"
".X....O.X","..OX....X","O","0","0","OX....O.X"
".X....O.X","..OX....X","O","2","-1",".XO...O.X"
".X....O.X","..OX....X","O","3","-1",".X.O..O.X"
".X....O.X","..OX....X","O","5","-1",".X...OO.X"
".X....O.X","..OX....X","O","7","-1",".X....OOX"
".X....OOX","..OX.O..X","X","4","0",".X..X.OOX"
".X....OOX","..OX.O..X","X","0","1","XX....OOX"
".X....OOX","..OX.O..X","X","2","1",".XX...OOX"
".X....OOX","..OX.O..X","X","3","1",".X.X..OOX"
".X....OOX","..OX.O..X","X","5","1",".X...XOOX"
".X....OX.","...X.X..O","O","4","1",".X..O.OX."
".X....OX.","...X.X..O","O","0","-1","OX....OX."
".X....OX.","...X.X..O","O","2","-1",".XO...OX."
".X....OX.","...X.X..O","O","8","-1",".X....OXO"
".X....OX.","...X.X..O","O","3","-1",".X.O..OX."
".X....OX.","...X.X..O","O","5","-1",".X...OOX."
".X....OXO","..OX.X..O","X","4","1",".X..X.OXO"
".X....OXO","..OX.X..O","X","0","1","XX....OXO"
".X....OXO","..OX.X..O","X","2","1",".XX...OXO"
".X....OXO","..OX.X..O","X","3","-1",".X.X..OXO"
".X....OXO","..OX.X..O","X","5","-1",".X...XOXO"
".X....X.O","..OX....X","O","4","-1",".X..O.X.O"
".X....X.O","..OX....X","O","0","-1","OX....X.O"
".X....X.O","..OX....X","O","2","0",".XO...X.O"
".X....X.O","..OX....X","O","3","-1",".X.O..X.O"
".X....X.O","..OX....X","O","5","-1",".X...OX.O"
".X....X.O","..OX....X","O","7","-1",".X....XOO"
".X....XO.","...O.XX..","O","4","-1",".X..O.XO."
".X....XO.","...O.XX..","O","0","0","OX....XO."
".X....XO.","...O.XX..","O","2","0",".XO...XO."
".X....XO.","...O.XX..","O","8","-1",".X....XOO"
".X....XO.","...O.XX..","O","3","-1",".X.O..XO."
".X....XO.","...O.XX..","O","5","-1",".X...OXO."
".X....XOO","..OX.O..X","X","4","0",".X..X.XOO"
".X....XOO","..OX.O..X","X","0","1","XX....XOO"
".X....XOO","..OX.O..X","X","2","1",".XX...XOO"
".X....XOO","..OX.O..X","X","3","1",".X.X..XOO"
".X....XOO","..OX.O..X","X","5","1",".X...XXOO"
".X...O...",".....O.X.","X","4","1",".X..XO..."
".X...O...",".....O.X.","X","0","-1","XX...O..."
".X...O...",".....O.X.","X","2","1",".XX..O..."
".X...O...",".....O.X.","X","6","0",".X...OX.."
".X...O...",".....O.X.","X","8","0",".X...O..X"
".X...O...",".....O.X.","X","3","0",".X.X.O..."
".X...O...",".....O.X.","X","7","-1",".X...O.X."
".X...O..X",".....XXO.","O","4","0",".X..OO..X"
".X...O..X",".....XXO.","O","0","-1","OX...O..X"
".X...O..X",".....XXO.","O","2","-1",".XO..O..X"
".X...O..X",".....XXO.","O","6","-1",".X...OO.X"
".X...O..X",".....XXO.","O","3","-1",".X.O.O..X"
".X...O..X",".....XXO.","O","7","-1",".X...O.OX"
".X...O.OX","...O.XXO.","X","4","0",".X..XO.OX"
".X...O.OX","...O.XXO.","X","0","1","XX...O.OX"
".X...O.OX","...O.XXO.","X","2","0",".XX..O.OX"
".X...O.OX","...O.XXO.","X","6","0",".X...OXOX"
".X...O.OX","...O.XXO.","X","3","0",".X.X.O.OX"
".X...O.X.","...X.X.O.","O","4","1",".X..OO.X."
".X...O.X.","...X.X.O.","O","0","-1","OX...O.X."
".X...O.X.","...X.X.O.","O","2","-1",".XO..O.X."
".X...O.X.","...X.X.O.","O","6","-1",".X...OOX."
".X...O.X.","...X.X.O.","O","8","-1",".X...O.XO"
".X...O.X.","...X.X.O.","O","3","-1",".X.O.O.X."
".X...O.XO","...X.X.OO","X","4","1",".X..XO.XO"
".X...O.XO","...X.X.OO","X","0","-1","XX...O.XO"
".X...O.XO","...X.X.OO","X","2","1",".XX..O.XO"
".X...O.XO","...X.X.OO","X","6","-1",".X...OXXO"
".X...O.XO","...X.X.OO","X","3","-1",".X.X.O.XO"
".X...OO.X","..OX...OX","X","4","1",".X..XOO.X"
".X...OO.X","..OX...OX","X","0","1","XX...OO.X"
".X...OO.X","..OX...OX","X","2","0",".XX..OO.X"
".X...OO.X","..OX...OX","X","3","0",".X.X.OO.X"
".X...OO.X","..OX...OX","X","7","-1",".X...OOXX"
".X...OOX.","..OX.X.O.","X","4","1",".X..XOOX."
".X...OOX.","..OX.X.O.","X","0","1","XX...OOX."
".X...OOX.","..OX.X.O.","X","2","1",".XX..OOX."
".X...OOX.","..OX.X.O.","X","8","-1",".X...OOXX"
".X...OOX.","..OX.X.O.","X","3","0",".X.X.OOX."
".X...OOXX","..OX.X.OX","O","4","1",".X..OOOXX"
".X...OOXX","..OX.X.OX","O","0","-1","OX...OOXX"
".X...OOXX","..OX.X.OX","O","2","-1",".XO..OOXX"
".X...OOXX","..OX.X.OX","O","3","-1",".X.O.OOXX"
".X...OX..","..XO...X.","O","4","0",".X..OOX.."
".X...OX..","..XO...X.","O","0","-1","OX...OX.."
".X...OX..","..XO...X.","O","2","-1",".XO..OX.."
".X...OX..","..XO...X.","O","8","-1",".X...OX.O"
".X...OX..","..XO...X.","O","3","-1",".X.O.OX.."
".X...OX..","..XO...X.","O","7","-1",".X...OXO."
".X...OX.O","..XX...OO","X","4","-1",".X..XOX.O"
".X...OX.O","..XX...OO","X","0","-1","XX...OX.O"
".X...OX.O","..XX...OO","X","2","1",".XX..OX.O"
".X...OX.O","..XX...OO","X","3","-1",".X.X.OX.O"
".X...OX.O","..XX...OO","X","7","-1",".X...OXXO"
".X...OXO.","..XX.O.O.","X","4","0",".X..XOXO."
".X...OXO.","..XX.O.O.","X","0","1","XX...OXO."
".X...OXO.","..XX.O.O.","X","2","1",".XX..OXO."
".X...OXO.","..XX.O.O.","X","8","0",".X...OXOX"
".X...OXO.","..XX.O.O.","X","3","0",".X.X.OXO."
".X...OXOX","..XX.O.OX","O","4","0",".X..OOXOX"
".X...OXOX","..XX.O.OX","O","0","0","OX...OXOX"
".X...OXOX","..XX.O.OX","O","2","-1",".XO..OXOX"
".X...OXOX","..XX.O.OX","O","3","-1",".X.O.OXOX"
".X...OXXO","..XX.X.OO","O","4","1",".X..OOXXO"
".X...OXXO","..XX.X.OO","O","0","-1","OX...OXXO"
".X...OXXO","..XX.X.OO","O","2","1",".XO..OXXO"
".X...OXXO","..XX.X.OO","O","3","-1",".X.O.OXXO"
".X...X..O",".....XOX.","O","4","0",".X..OX..O"
".X...X..O",".....XOX.","O","0","-1","OX...X..O"
".X...X..O",".....XOX.","O","2","-1",".XO..X..O"
".X...X..O",".....XOX.","O","6","1",".X...XO.O"
".X...X..O",".....XOX.","O","3","0",".X.O.X..O"
".X...X..O",".....XOX.","O","7","-1",".X...X.OO"
".X...X.O.","...O.X.X.","O","4","-1",".X..OX.O."
".X...X.O.","...O.X.X.","O","0","0","OX...X.O."
".X...X.O.","...O.X.X.","O","2","0",".XO..X.O."
".X...X.O.","...O.X.X.","O","6","-1",".X...XOO."
".X...X.O.","...O.X.X.","O","8","-1",".X...X.OO"
".X...X.O.","...O.X.X.","O","3","-1",".X.O.X.O."
".X...X.OO","...O.XOX.","X","4","-1",".X..XX.OO"
".X...X.OO","...O.XOX.","X","0","-1","XX...X.OO"
".X...X.OO","...O.XOX.","X","2","-1",".XX..X.OO"
".X...X.OO","...O.XOX.","X","6","1",".X...XXOO"
".X...X.OO","...O.XOX.","X","3","-1",".X.X.X.OO"
".X...XO..","..OX...X.","O","4","-1",".X..OXO.."
".X...XO..","..OX...X.","O","0","1","OX...XO.."
".X...XO..","..OX...X.","O","2","-1",".XO..XO.."
".X...XO..","..OX...X.","O","8","1",".X...XO.O"
".X...XO..","..OX...X.","O","3","-1",".X.O.XO.."
".X...XO..","..OX...X.","O","7","-1",".X...XOO."
".X...XO.O","..OX...XO","X","4","-1",".X..XXO.O"
".X...XO.O","..OX...XO","X","0","-1","XX...XO.O"
".X...XO.O","..OX...XO","X","2","-1",".XX..XO.O"
".X...XO.O","..OX...XO","X","3","-1",".X.X.XO.O"
".X...XO.O","..OX...XO","X","7","-1",".X...XOXO"
".X...XOO.","..OX.O.X.","X","4","-1",".X..XXOO."
".X...XOO.","..OX.O.X.","X","0","-1","XX...XOO."
".X...XOO.","..OX.O.X.","X","2","-1",".XX..XOO."
".X...XOO.","..OX.O.X.","X","8","1",".X...XOOX"
".X...XOO.","..OX.O.X.","X","3","-1",".X.X.XOO."
".X...XOOX","..OX.O.XX","O","4","-1",".X..OXOOX"
".X...XOOX","..OX.O.XX","O","0","-1","OX...XOOX"
".X...XOOX","..OX.O.XX","O","2","-1",".XO..XOOX"
".X...XOOX","..OX.O.XX","O","3","-1",".X.O.XOOX"
".X...XOXO","..OX.X.XO","O","4","1",".X..OXOXO"
".X...XOXO","..OX.X.XO","O","0","-1","OX...XOXO"
".X...XOXO","..OX.X.XO","O","2","-1",".XO..XOXO"
".X...XOXO","..OX.X.XO","O","3","-1",".X.O.XOXO"
".X...XXOO","..XX.O.XO","O","4","-1",".X..OXXOO"
".X...XXOO","..XX.O.XO","O","0","-1","OX...XXOO"
".X...XXOO","..XX.O.XO","O","2","-1",".XO..XXOO"
".X...XXOO","..XX.O.XO","O","3","-1",".X.O.XXOO"
".X..O....","....O..X.","X","0","0","XX..O...."
".X..O....","....O..X.","X","2","0",".XX.O...."
".X..O....","....O..X.","X","6","0",".X..O.X.."
".X..O....","....O..X.","X","8","0",".X..O...X"
".X..O....","....O..X.","X","3","0",".X.XO...."
".X..O....","....O..X.","X","5","0",".X..OX..."
".X..O....","....O..X.","X","7","-1",".X..O..X."
".X..O...X","....OXX..","O","0","0","OX..O...X"
".X..O...X","....OXX..","O","2","0",".XO.O...X"
".X..O...X","....OXX..","O","6","-1",".X..O.O.X"
".X..O...X","....OXX..","O","3","0",".X.OO...X"
".X..O...X","....OXX..","O","5","0",".X..OO..X"
".X..O...X","....OXX..","O","7","-1",".X..O..OX"
".X..O..OX","...OOXX..","X","0","0","XX..O..OX"
".X..O..OX","...OOXX..","X","2","1",".XX.O..OX"
".X..O..OX","...OOXX..","X","6","0",".X..O.XOX"
".X..O..OX","...OOXX..","X","3","0",".X.XO..OX"
".X..O..OX","...OOXX..","X","5","0",".X..OX.OX"
".X..O..X.","...XOX...","O","0","1","OX..O..X."
".X..O..X.","...XOX...","O","2","1",".XO.O..X."
".X..O..X.","...XOX...","O","6","1",".X..O.OX."
".X..O..X.","...XOX...","O","8","1",".X..O..XO"
".X..O..X.","...XOX...","O","3","1",".X.OO..X."
".X..O..X.","...XOX...","O","5","1",".X..OO.X."
".X..O..XO","...XOX..O","X","0","-1","XX..O..XO"
".X..O..XO","...XOX..O","X","2","-1",".XX.O..XO"
".X..O..XO","...XOX..O","X","6","-1",".X..O.XXO"
".X..O..XO","...XOX..O","X","3","-1",".X.XO..XO"
".X..O..XO","...XOX..O","X","5","-1",".X..OX.XO"
".X..O.O.X","..OXO...X","X","0","-1","XX..O.O.X"
".X..O.O.X","..OXO...X","X","2","1",".XX.O.O.X"
".X..O.O.X","..OXO...X","X","3","-1",".X.XO.O.X"
".X..O.O.X","..OXO...X","X","5","-1",".X..OXO.X"
".X..O.O.X","..OXO...X","X","7","-1",".X..O.OXX"
".X..O.OX.","...XOX..O","X","0","-1","XX..O.OX."
".X..O.OX.","...XOX..O","X","2","-1",".XX.O.OX."
".X..O.OX.","...XOX..O","X","8","-1",".X..O.OXX"
".X..O.OX.","...XOX..O","X","3","-1",".X.XO.OX."
".X..O.OX.","...XOX..O","X","5","-1",".X..OXOX."
".X..O.OXX","..OXOX..X","O","0","1","OX..O.OXX"
".X..O.OXX","..OXOX..X","O","2","1",".XO.O.OXX"
".X..O.OXX","..OXOX..X","O","3","1",".X.OO.OXX"
".X..O.OXX","..OXOX..X","O","5","1",".X..OOOXX"
".X..O.X..","....OXX..","O","0","0","OX..O.X.."
".X..O.X..","....OXX..","O","2","0",".XO.O.X.."
".X..O.X..","....OXX..","O","8","-1",".X..O.X.O"
".X..O.X..","....OXX..","O","3","0",".X.OO.X.."
".X..O.X..","....OXX..","O","5","0",".X..OOX.."
".X..O.X..","....OXX..","O","7","-1",".X..O.XO."
".X..O.X.O","..OXO...X","X","0","1","XX..O.X.O"
".X..O.X.O","..OXO...X","X","2","-1",".XX.O.X.O"
".X..O.X.O","..OXO...X","X","3","-1",".X.XO.X.O"
".X..O.X.O","..OXO...X","X","5","-1",".X..OXX.O"
".X..O.X.O","..OXO...X","X","7","-1",".X..O.XXO"
".X..O.XO.","...OOXX..","X","0","1","XX..O.XO."
".X..O.XO.","...OOXX..","X","2","0",".XX.O.XO."
".X..O.XO.","...OOXX..","X","8","0",".X..O.XOX"
".X..O.XO.","...OOXX..","X","3","0",".X.XO.XO."
".X..O.XO.","...OOXX..","X","5","0",".X..OXXO."
".X..O.XOX","..XXOO..X","O","0","0","OX..O.XOX"
".X..O.XOX","..XXOO..X","O","2","0",".XO.O.XOX"
".X..O.XOX","..XXOO..X","O","3","0",".X.OO.XOX"
".X..O.XOX","..XXOO..X","O","5","0",".X..OOXOX"
".X..O.XXO","..OXOX..X","O","0","1","OX..O.XXO"
".X..O.XXO","..OXOX..X","O","2","1",".XO.O.XXO"
".X..O.XXO","..OXOX..X","O","3","1",".X.OO.XXO"
".X..O.XXO","..OXOX..X","O","5","1",".X..OOXXO"
".X..OO..X","....OXXO.","X","0","-1","XX..OO..X"
".X..OO..X","....OXXO.","X","2","-1",".XX.OO..X"
".X..OO..X","....OXXO.","X","6","-1",".X..OOX.X"
".X..OO..X","....OXXO.","X","3","0",".X.XOO..X"
".X..OO..X","....OXXO.","X","7","-1",".X..OO.XX"
".X..OO.X.","...XOX.O.","X","0","-1","XX..OO.X."
".X..OO.X.","...XOX.O.","X","2","-1",".XX.OO.X."
".X..OO.X.","...XOX.O.","X","6","-1",".X..OOXX."
".X..OO.X.","...XOX.O.","X","8","-1",".X..OO.XX"
".X..OO.X.","...XOX.O.","X","3","-1",".X.XOO.X."
".X..OO.XX","...XOX.OX","O","0","-1","OX..OO.XX"
".X..OO.XX","...XOX.OX","O","2","-1",".XO.OO.XX"
".X..OO.XX","...XOX.OX","O","6","1",".X..OOOXX"
".X..OO.XX","...XOX.OX","O","3","1",".X.OOO.XX"
".X..OOOXX","..OXOX.OX","X","0","-1","XX..OOOXX"
".X..OOOXX","..OXOX.OX","X","2","-1",".XX.OOOXX"
".X..OOOXX","..OXOX.OX","X","3","-1",".X.XOOOXX"
".X..OOX..","..XOO..X.","X","0","-1","XX..OOX.."
".X..OOX..","..XOO..X.","X","2","-1",".XX.OOX.."
".X..OOX..","..XOO..X.","X","8","-1",".X..OOX.X"
".X..OOX..","..XOO..X.","X","3","0",".X.XOOX.."
".X..OOX..","..XOO..X.","X","7","-1",".X..OOXX."
".X..OOX.X","..XXO..OX","O","0","-1","OX..OOX.X"
".X..OOX.X","..XXO..OX","O","2","-1",".XO.OOX.X"
".X..OOX.X","..XXO..OX","O","3","1",".X.OOOX.X"
".X..OOX.X","..XXO..OX","O","7","0",".X..OOXOX"
".X..OOXOX","..XXOO.OX","X","0","-1","XX..OOXOX"
".X..OOXOX","..XXOO.OX","X","2","-1",".XX.OOXOX"
".X..OOXOX","..XXOO.OX","X","3","0",".X.XOOXOX"
".X..OOXX.","..XXOX.O.","O","0","-1","OX..OOXX."
".X..OOXX.","..XXOX.O.","O","2","-1",".XO.OOXX."
".X..OOXX.","..XXOX.O.","O","8","1",".X..OOXXO"
".X..OOXX.","..XXOX.O.","O","3","1",".X.OOOXX."
".X..OOXXO","..XXOX.OO","X","0","-1","XX..OOXXO"
".X..OOXXO","..XXOX.OO","X","2","-1",".XX.OOXXO"
".X..OOXXO","..XXOX.OO","X","3","-1",".X.XOOXXO"
".X..OX...","....OX.X.","O","0","0","OX..OX..."
".X..OX...","....OX.X.","O","2","0",".XO.OX..."
".X..OX...","....OX.X.","O","6","-1",".X..OXO.."
".X..OX...","....OX.X.","O","8","0",".X..OX..O"
".X..OX...","....OX.X.","O","3","-1",".X.OOX..."
".X..OX...","....OX.X.","O","7","-1",".X..OX.O."
".X..OX..O","....OXOX.","X","0","0","XX..OX..O"
".X..OX..O","....OXOX.","X","2","-1",".XX.OX..O"
".X..OX..O","....OXOX.","X","6","-1",".X..OXX.O"
".X..OX..O","....OXOX.","X","3","-1",".X.XOX..O"
".X..OX..O","....OXOX.","X","7","-1",".X..OX.XO"
".X..OX.O.","...OOX.X.","X","0","0","XX..OX.O."
".X..OX.O.","...OOX.X.","X","2","1",".XX.OX.O."
".X..OX.O.","...OOX.X.","X","6","0",".X..OXXO."
".X..OX.O.","...OOX.X.","X","8","0",".X..OX.OX"
".X..OX.O.","...OOX.X.","X","3","-1",".X.XOX.O."
".X..OX.OX","...OOXXX.","O","0","-1","OX..OX.OX"
".X..OX.OX","...OOXXX.","O","2","0",".XO.OX.OX"
".X..OX.OX","...OOXXX.","O","6","-1",".X..OXOOX"
".X..OX.OX","...OOXXX.","O","3","-1",".X.OOX.OX"
".X..OX.XO","...XOX.XO","O","0","1","OX..OX.XO"
".X..OX.XO","...XOX.XO","O","2","1",".XO.OX.XO"
".X..OX.XO","...XOX.XO","O","6","1",".X..OXOXO"
".X..OX.XO","...XOX.XO","O","3","0",".X.OOX.XO"
".X..OXO..","..OXO..X.","X","0","-1","XX..OXO.."
".X..OXO..","..OXO..X.","X","2","1",".XX.OXO.."
".X..OXO..","..OXO..X.","X","8","-1",".X..OXO.X"
".X..OXO..","..OXO..X.","X","3","-1",".X.XOXO.."
".X..OXO..","..OXO..X.","X","7","-1",".X..OXOX."
".X..OXO.X","..OXO..XX","O","0","-1","OX..OXO.X"
".X..OXO.X","..OXO..XX","O","2","1",".XO.OXO.X"
".X..OXO.X","..OXO..XX","O","3","-1",".X.OOXO.X"
".X..OXO.X","..OXO..XX","O","7","-1",".X..OXOOX"
".X..OXOOX","..OXOO.XX","X","0","-1","XX..OXOOX"
".X..OXOOX","..OXOO.XX","X","2","1",".XX.OXOOX"
".X..OXOOX","..OXOO.XX","X","3","-1",".X.XOXOOX"
".X..OXOX.","..OXOX.X.","O","0","1","OX..OXOX."
".X..OXOX.","..OXOX.X.","O","2","1",".XO.OXOX."
".X..OXOX.","..OXOX.X.","O","8","1",".X..OXOXO"
".X..OXOX.","..OXOX.X.","O","3","1",".X.OOXOX."
".X..OXOXO","..OXOX.XO","X","0","-1","XX..OXOXO"
".X..OXOXO","..OXOX.XO","X","2","-1",".XX.OXOXO"
".X..OXOXO","..OXOX.XO","X","3","-1",".X.XOXOXO"
".X..OXX.O","..XXO..XO","O","0","1","OX..OXX.O"
".X..OXX.O","..XXO..XO","O","2","0",".XO.OXX.O"
".X..OXX.O","..XXO..XO","O","3","0",".X.OOXX.O"
".X..OXX.O","..XXO..XO","O","7","-1",".X..OXXOO"
".X..OXXO.","..XXOO.X.","O","0","0","OX..OXXO."
".X..OXXO.","..XXOO.X.","O","2","0",".XO.OXXO."
".X..OXXO.","..XXOO.X.","O","8","-1",".X..OXXOO"
".X..OXXO.","..XXOO.X.","O","3","-1",".X.OOXXO."
".X..OXXOO","..XXOO.XO","X","0","1","XX..OXXOO"
".X..OXXOO","..XXOO.XO","X","2","-1",".XX.OXXOO"
".X..OXXOO","..XXOO.XO","X","3","-1",".X.XOXXOO"
".X..X...O","....XXO..","O","0","-1","OX..X...O"
".X..X...O","....XXO..","O","2","-1",".XO.X...O"
".X..X...O","....XXO..","O","6","-1",".X..X.O.O"
".X..X...O","....XXO..","O","3","-1",".X.OX...O"
".X..X...O","....XXO..","O","5","-1",".X..XO..O"
".X..X...O","....XXO..","O","7","0",".X..X..OO"
".X..X..O.","...OXX...","O","0","0","OX..X..O."
".X..X..O.","...OXX...","O","2","0",".XO.X..O."
".X..X..O.","...OXX...","O","6","0",".X..X.OO."
".X..X..O.","...OXX...","O","8","0",".X..X..OO"
".X..X..O.","...OXX...","O","3","-1",".X.OX..O."
".X..X..O.","...OXX...","O","5","-1",".X..XO.O."
".X..X..OO","...OXXO..","X","0","-1","XX..X..OO"
".X..X..OO","...OXXO..","X","2","-1",".XX.X..OO"
".X..X..OO","...OXXO..","X","6","0",".X..X.XOO"
".X..X..OO","...OXXO..","X","3","-1",".X.XX..OO"
".X..X..OO","...OXXO..","X","5","-1",".X..XX.OO"
".X..X.O..","....XXO..","O","0","-1","OX..X.O.."
".X..X.O..","....XXO..","O","2","-1",".XO.X.O.."
".X..X.O..","....XXO..","O","8","-1",".X..X.O.O"
".X..X.O..","....XXO..","O","3","-1",".X.OX.O.."
".X..X.O..","....XXO..","O","5","-1",".X..XOO.."
".X..X.O..","....XXO..","O","7","0",".X..X.OO."
".X..X.O.O","..OXX...O","X","0","-1","XX..X.O.O"
".X..X.O.O","..OXX...O","X","2","-1",".XX.X.O.O"
".X..X.O.O","..OXX...O","X","3","-1",".X.XX.O.O"
".X..X.O.O","..OXX...O","X","5","-1",".X..XXO.O"
".X..X.O.O","..OXX...O","X","7","1",".X..X.OXO"
".X..X.OO.","...OXXO..","X","0","-1","XX..X.OO."
".X..X.OO.","...OXXO..","X","2","-1",".XX.X.OO."
".X..X.OO.","...OXXO..","X","8","0",".X..X.OOX"
".X..X.OO.","...OXXO..","X","3","-1",".X.XX.OO."
".X..X.OO.","...OXXO..","X","5","-1",".X..XXOO."
".X..X.OOX","..OXXO..X","O","0","0","OX..X.OOX"
".X..X.OOX","..OXXO..X","O","2","-1",".XO.X.OOX"
".X..X.OOX","..OXXO..X","O","3","-1",".X.OX.OOX"
".X..X.OOX","..OXXO..X","O","5","-1",".X..XOOOX"
".X..X.XOO","..OXXO..X","O","0","-1","OX..X.XOO"
".X..X.XOO","..OXXO..X","O","2","0",".XO.X.XOO"
".X..X.XOO","..OXXO..X","O","3","-1",".X.OX.XOO"
".X..X.XOO","..OXXO..X","O","5","-1",".X..XOXOO"
".X..XO...","....XO.X.","O","0","-1","OX..XO..."
".X..XO...","....XO.X.","O","2","-1",".XO.XO..."
".X..XO...","....XO.X.","O","6","-1",".X..XOO.."
".X..XO...","....XO.X.","O","8","-1",".X..XO..O"
".X..XO...","....XO.X.","O","3","-1",".X.OXO..."
".X..XO...","....XO.X.","O","7","-1",".X..XO.O."
".X..XO..O","....XXOO.","X","0","-1","XX..XO..O"
".X..XO..O","....XXOO.","X","2","1",".XX.XO..O"
".X..XO..O","....XXOO.","X","6","-1",".X..XOX.O"
".X..XO..O","....XXOO.","X","3","-1",".X.XXO..O"
".X..XO..O","....XXOO.","X","7","1",".X..XO.XO"
".X..XO.O.","...OXX.O.","X","0","1","XX..XO.O."
".X..XO.O.","...OXX.O.","X","2","1",".XX.XO.O."
".X..XO.O.","...OXX.O.","X","6","0",".X..XOXO."
".X..XO.O.","...OXX.O.","X","8","0",".X..XO.OX"
".X..XO.O.","...OXX.O.","X","3","-1",".X.XXO.O."
".X..XO.OX","...OXXXO.","O","0","0","OX..XO.OX"
".X..XO.OX","...OXXXO.","O","2","-1",".XO.XO.OX"
".X..XO.OX","...OXXXO.","O","6","-1",".X..XOOOX"
".X..XO.OX","...OXXXO.","O","3","-1",".X.OXO.OX"
".X..XOO..","..OOX..X.","X","0","1","XX..XOO.."
".X..XOO..","..OOX..X.","X","2","1",".XX.XOO.."
".X..XOO..","..OOX..X.","X","8","1",".X..XOO.X"
".X..XOO..","..OOX..X.","X","3","0",".X.XXOO.."
".X..XOO..","..OOX..X.","X","7","1",".X..XOOX."
".X..XOO.X","..OXX..OX","O","0","-1","OX..XOO.X"
".X..XOO.X","..OXX..OX","O","2","-1",".XO.XOO.X"
".X..XOO.X","..OXX..OX","O","3","-1",".X.OXOO.X"
".X..XOO.X","..OXX..OX","O","7","-1",".X..XOOOX"
".X..XOOOX","..OXXO.OX","X","0","1","XX..XOOOX"
".X..XOOOX","..OXXO.OX","X","2","0",".XX.XOOOX"
".X..XOOOX","..OXXO.OX","X","3","0",".X.XXOOOX"
".X..XOX.O","..XXX..OO","O","0","-1","OX..XOX.O"
".X..XOX.O","..XXX..OO","O","2","1",".XO.XOX.O"
".X..XOX.O","..XXX..OO","O","3","-1",".X.OXOX.O"
".X..XOX.O","..XXX..OO","O","7","-1",".X..XOXOO"
".X..XOXO.","..XXXO.O.","O","0","-1","OX..XOXO."
".X..XOXO.","..XXXO.O.","O","2","0",".XO.XOXO."
".X..XOXO.","..XXXO.O.","O","8","-1",".X..XOXOO"
".X..XOXO.","..XXXO.O.","O","3","-1",".X.OXOXO."
".X..XOXOO","..XXXO.OO","X","0","-1","XX..XOXOO"
".X..XOXOO","..XXXO.OO","X","2","1",".XX.XOXOO"
".X..XOXOO","..XXXO.OO","X","3","-1",".X.XXOXOO"
".X..XX.OO","...OXXOX.","O","0","-1","OX..XX.OO"
".X..XX.OO","...OXXOX.","O","2","-1",".XO.XX.OO"
".X..XX.OO","...OXXOX.","O","6","1",".X..XXOOO"
".X..XX.OO","...OXXOX.","O","3","0",".X.OXX.OO"
".X..XXO.O","..OXX..XO","O","0","-1","OX..XXO.O"
".X..XXO.O","..OXX..XO","O","2","-1",".XO.XXO.O"
".X..XXO.O","..OXX..XO","O","3","-1",".X.OXXO.O"
".X..XXO.O","..OXX..XO","O","7","1",".X..XXOOO"
".X..XXOO.","..OXXO.X.","O","0","-1","OX..XXOO."
".X..XXOO.","..OXXO.X.","O","2","-1",".XO.XXOO."
".X..XXOO.","..OXXO.X.","O","8","1",".X..XXOOO"
".X..XXOO.","..OXXO.X.","O","3","1",".X.OXXOO."
".X.O.....",".....O.X.","X","4","1",".X.OX...."
".X.O.....",".....O.X.","X","0","1","XX.O....."
".X.O.....",".....O.X.","X","2","-1",".XXO....."
".X.O.....",".....O.X.","X","6","0",".X.O..X.."
".X.O.....",".....O.X.","X","8","0",".X.O....X"
".X.O.....",".....O.X.","X","5","0",".X.O.X..."
".X.O.....",".....O.X.","X","7","-1",".X.O...X."
".X.O....X","..XO...X.","O","4","0",".X.OO...X"
".X.O....X","..XO...X.","O","0","-1","OX.O....X"
".X.O....X","..XO...X.","O","2","-1",".XOO....X"
".X.O....X","..XO...X.","O","6","-1",".X.O..O.X"
".X.O....X","..XO...X.","O","5","-1",".X.O.O..X"
".X.O....X","..XO...X.","O","7","-1",".X.O...OX"
".X.O...OX","..XX.O.O.","X","4","0",".X.OX..OX"
".X.O...OX","..XX.O.O.","X","0","1","XX.O...OX"
".X.O...OX","..XX.O.O.","X","2","1",".XXO...OX"
".X.O...OX","..XX.O.O.","X","6","0",".X.O..XOX"
".X.O...OX","..XX.O.O.","X","5","0",".X.O.X.OX"
".X.O...X.","...X.X.O.","O","4","1",".X.OO..X."
".X.O...X.","...X.X.O.","O","0","-1","OX.O...X."
".X.O...X.","...X.X.O.","O","2","-1",".XOO...X."
".X.O...X.","...X.X.O.","O","6","-1",".X.O..OX."
".X.O...X.","...X.X.O.","O","8","-1",".X.O...XO"
".X.O...X.","...X.X.O.","O","5","-1",".X.O.O.X."
".X.O...XO","..OX.X.O.","X","4","1",".X.OX..XO"
".X.O...XO","..OX.X.O.","X","0","1","XX.O...XO"
".X.O...XO","..OX.X.O.","X","2","1",".XXO...XO"
".X.O...XO","..OX.X.O.","X","6","-1",".X.O..XXO"
".X.O...XO","..OX.X.O.","X","5","0",".X.O.X.XO"
".X.O..O.X","..XX...OO","X","4","-1",".X.OX.O.X"
".X.O..O.X","..XX...OO","X","0","1","XX.O..O.X"
".X.O..O.X","..XX...OO","X","2","-1",".XXO..O.X"
".X.O..O.X","..XX...OO","X","5","-1",".X.O.XO.X"
".X.O..O.X","..XX...OO","X","7","-1",".X.O..OXX"
".X.O..OX.","...X.X.OO","X","4","1",".X.OX.OX."
".X.O..OX.","...X.X.OO","X","0","1","XX.O..OX."
".X.O..OX.","...X.X.OO","X","2","-1",".XXO..OX."
".X.O..OX.","...X.X.OO","X","8","-1",".X.O..OXX"
".X.O..OX.","...X.X.OO","X","5","-1",".X.O.XOX."
".X.O..OXX","..XX.X.OO","O","4","1",".X.OO.OXX"
".X.O..OXX","..XX.X.OO","O","0","1","OX.O..OXX"
".X.O..OXX","..XX.X.OO","O","2","-1",".XOO..OXX"
".X.O..OXX","..XX.X.OO","O","5","-1",".X.O.OOXX"
".X.O..X..",".....XXO.","O","4","0",".X.OO.X.."
".X.O..X..",".....XXO.","O","0","-1","OX.O..X.."
".X.O..X..",".....XXO.","O","2","-1",".XOO..X.."
".X.O..X..",".....XXO.","O","8","-1",".X.O..X.O"
".X.O..X..",".....XXO.","O","5","-1",".X.O.OX.."
".X.O..X..",".....XXO.","O","7","-1",".X.O..XO."
".X.O..X.O","..OX...OX","X","4","1",".X.OX.X.O"
".X.O..X.O","..OX...OX","X","0","0","XX.O..X.O"
".X.O..X.O","..OX...OX","X","2","1",".XXO..X.O"
".X.O..X.O","..OX...OX","X","5","0",".X.O.XX.O"
".X.O..X.O","..OX...OX","X","7","-1",".X.O..XXO"
".X.O..XO.","...O.XXO.","X","4","0",".X.OX.XO."
".X.O..XO.","...O.XXO.","X","0","0","XX.O..XO."
".X.O..XO.","...O.XXO.","X","2","1",".XXO..XO."
".X.O..XO.","...O.XXO.","X","8","0",".X.O..XOX"
".X.O..XO.","...O.XXO.","X","5","0",".X.O.XXO."
".X.O..XOX","..XX.O.OX","O","4","0",".X.OO.XOX"
".X.O..XOX","..XX.O.OX","O","0","-1","OX.O..XOX"
".X.O..XOX","..XX.O.OX","O","2","0",".XOO..XOX"
".X.O..XOX","..XX.O.OX","O","5","-1",".X.O.OXOX"
".X.O..XXO","..OX.X.OX","O","4","1",".X.OO.XXO"
".X.O..XXO","..OX.X.OX","O","0","-1","OX.O..XXO"
".X.O..XXO","..OX.X.OX","O","2","-1",".XOO..XXO"
".X.O..XXO","..OX.X.OX","O","5","-1",".X.O.OXXO"
".X.O.O..X","..XO.O.X.","X","4","1",".X.OXO..X"
".X.O.O..X","..XO.O.X.","X","0","-1","XX.O.O..X"
".X.O.O..X","..XO.O.X.","X","2","-1",".XXO.O..X"
".X.O.O..X","..XO.O.X.","X","6","-1",".X.O.OX.X"
".X.O.O..X","..XO.O.X.","X","7","-1",".X.O.O.XX"
".X.O.O.X.",".O.X.X.O.","X","4","1",".X.OXO.X."
".X.O.O.X.",".O.X.X.O.","X","0","-1","XX.O.O.X."
".X.O.O.X.",".O.X.X.O.","X","2","-1",".XXO.O.X."
".X.O.O.X.",".O.X.X.O.","X","6","-1",".X.O.OXX."
".X.O.O.X.",".O.X.X.O.","X","8","-1",".X.O.O.XX"
".X.O.O.XX",".O.X.X.OX","O","4","1",".X.OOO.XX"
".X.O.O.XX",".O.X.X.OX","O","0","-1","OX.O.O.XX"
".X.O.O.XX",".O.X.X.OX","O","2","-1",".XOO.O.XX"
".X.O.O.XX",".O.X.X.OX","O","6","-1",".X.O.OOXX"
".X.O.OOXX",".OOX.X.OX","X","4","1",".X.OXOOXX"
".X.O.OOXX",".OOX.X.OX","X","0","-1","XX.O.OOXX"
".X.O.OOXX",".OOX.X.OX","X","2","-1",".XXO.OOXX"
".X.O.OX..","..XO.O.X.","X","4","1",".X.OXOX.."
".X.O.OX..","..XO.O.X.","X","0","-1","XX.O.OX.."
".X.O.OX..","..XO.O.X.","X","2","-1",".XXO.OX.."
".X.O.OX..","..XO.O.X.","X","8","-1",".X.O.OX.X"
".X.O.OX..","..XO.O.X.","X","7","-1",".X.O.OXX."
".X.O.OX.X",".OXX...OX","O","4","1",".X.OOOX.X"
".X.O.OX.X",".OXX...OX","O","0","-1","OX.O.OX.X"
".X.O.OX.X",".OXX...OX","O","2","-1",".XOO.OX.X"
".X.O.OX.X",".OXX...OX","O","7","-1",".X.O.OXOX"
".X.O.OXOX",".OXX.O.OX","X","4","1",".X.OXOXOX"
".X.O.OXOX",".OXX.O.OX","X","0","-1","XX.O.OXOX"
".X.O.OXOX",".OXX.O.OX","X","2","-1",".XXO.OXOX"
".X.O.OXX.",".O.X.X.OX","O","4","1",".X.OOOXX."
".X.O.OXX.",".O.X.X.OX","O","0","-1","OX.O.OXX."
".X.O.OXX.",".O.X.X.OX","O","2","-1",".XOO.OXX."
".X.O.OXX.",".O.X.X.OX","O","8","-1",".X.O.OXXO"
".X.O.OXXO",".OOX.X.OX","X","4","1",".X.OXOXXO"
".X.O.OXXO",".OOX.X.OX","X","0","-1","XX.O.OXXO"
".X.O.OXXO",".OOX.X.OX","X","2","-1",".XXO.OXXO"
".X.O.X...","...O.X.X.","O","4","-1",".X.OOX..."
".X.O.X...","...O.X.X.","O","0","-1","OX.O.X..."
".X.O.X...","...O.X.X.","O","2","0",".XOO.X..."
".X.O.X...","...O.X.X.","O","6","-1",".X.O.XO.."
".X.O.X...","...O.X.X.","O","8","0",".X.O.X..O"
".X.O.X...","...O.X.X.","O","7","-1",".X.O.X.O."
".X.O.X..O","..OO.X.X.","X","4","0",".X.OXX..O"
".X.O.X..O","..OO.X.X.","X","0","0","XX.O.X..O"
".X.O.X..O","..OO.X.X.","X","2","-1",".XXO.X..O"
".X.O.X..O","..OO.X.X.","X","6","0",".X.O.XX.O"
".X.O.X..O","..OO.X.X.","X","7","0",".X.O.X.XO"
".X.O.X.O.",".O.O.X.X.","X","4","-1",".X.OXX.O."
".X.O.X.O.",".O.O.X.X.","X","0","0","XX.O.X.O."
".X.O.X.O.",".O.O.X.X.","X","2","1",".XXO.X.O."
".X.O.X.O.",".O.O.X.X.","X","6","0",".X.O.XXO."
".X.O.X.O.",".O.O.X.X.","X","8","0",".X.O.X.OX"
".X.O.X.OX",".O.O.XXX.","O","4","-1",".X.OOX.OX"
".X.O.X.OX",".O.O.XXX.","O","0","-1","OX.O.X.OX"
".X.O.X.OX",".O.O.XXX.","O","2","0",".XOO.X.OX"
".X.O.X.OX",".O.O.XXX.","O","6","-1",".X.O.XOOX"
".X.O.X.XO",".O.X.X.XO","O","4","0",".X.OOX.XO"
".X.O.X.XO",".O.X.X.XO","O","0","-1","OX.O.X.XO"
".X.O.X.XO",".O.X.X.XO","O","2","-1",".XOO.X.XO"
".X.O.X.XO",".O.X.X.XO","O","6","-1",".X.O.XOXO"
".X.O.XO..","..OX.O.X.","X","4","-1",".X.OXXO.."
".X.O.XO..","..OX.O.X.","X","0","1","XX.O.XO.."
".X.O.XO..","..OX.O.X.","X","2","-1",".XXO.XO.."
".X.O.XO..","..OX.O.X.","X","8","-1",".X.O.XO.X"
".X.O.XO..","..OX.O.X.","X","7","-1",".X.O.XOX."
".X.O.XO.X",".OOX...XX","O","4","-1",".X.OOXO.X"
".X.O.XO.X",".OOX...XX","O","0","1","OX.O.XO.X"
".X.O.XO.X",".OOX...XX","O","2","1",".XOO.XO.X"
".X.O.XO.X",".OOX...XX","O","7","-1",".X.O.XOOX"
".X.O.XOOX",".OOX.O.XX","X","4","-1",".X.OXXOOX"
".X.O.XOOX",".OOX.O.XX","X","0","1","XX.O.XOOX"
".X.O.XOOX",".OOX.O.XX","X","2","1",".XXO.XOOX"
".X.O.XOX.",".OOX.X.X.","O","4","1",".X.OOXOX."
".X.O.XOX.",".OOX.X.X.","O","0","1","OX.O.XOX."
".X.O.XOX.",".OOX.X.X.","O","2","-1",".XOO.XOX."
".X.O.XOX.",".OOX.X.X.","O","8","-1",".X.O.XOXO"
".X.O.XOXO",".OOX.X.XO","X","4","1",".X.OXXOXO"
".X.O.XOXO",".OOX.X.XO","X","0","1","XX.O.XOXO"
".X.O.XOXO",".OOX.X.XO","X","2","-1",".XXO.XOXO"
".X.O.XX.O",".OXX...XO","O","4","0",".X.OOXX.O"
".X.O.XX.O",".OXX...XO","O","0","-1","OX.O.XX.O"
".X.O.XX.O",".OXX...XO","O","2","0",".XOO.XX.O"
".X.O.XX.O",".OXX...XO","O","7","-1",".X.O.XXOO"
".X.O.XXO.",".OXX.O.X.","O","4","-1",".X.OOXXO."
".X.O.XXO.",".OXX.O.X.","O","0","-1","OX.O.XXO."
".X.O.XXO.",".OXX.O.X.","O","2","0",".XOO.XXO."
".X.O.XXO.",".OXX.O.X.","O","8","-1",".X.O.XXOO"
".X.O.XXOO",".OXX.O.XO","X","4","0",".X.OXXXOO"
".X.O.XXOO",".OXX.O.XO","X","0","0","XX.O.XXOO"
".X.O.XXOO",".OXX.O.XO","X","2","1",".XXO.XXOO"
".X.OO...X","..XOO..X.","X","0","-1","XX.OO...X"
".X.OO...X","..XOO..X.","X","2","-1",".XXOO...X"
".X.OO...X","..XOO..X.","X","6","-1",".X.OO.X.X"
".X.OO...X","..XOO..X.","X","5","0",".X.OOX..X"
".X.OO...X","..XOO..X.","X","7","-1",".X.OO..XX"
".X.OO..X.","...XOX.O.","X","0","-1","XX.OO..X."
".X.OO..X.","...XOX.O.","X","2","-1",".XXOO..X."
".X.OO..X.","...XOX.O.","X","6","-1",".X.OO.XX."
".X.OO..X.","...XOX.O.","X","8","-1",".X.OO..XX"
".X.OO..X.","...XOX.O.","X","5","-1",".X.OOX.X."
".X.OO..XX","..XXOX.O.","O","0","-1","OX.OO..XX"
".X.OO..XX","..XXOX.O.","O","2","-1",".XOOO..XX"
".X.OO..XX","..XXOX.O.","O","6","1",".X.OO.OXX"
".X.OO..XX","..XXOX.O.","O","5","1",".X.OOO.XX"
".X.OO.OXX","..XXOX.OO","X","0","-1","XX.OO.OXX"
".X.OO.OXX","..XXOX.OO","X","2","-1",".XXOO.OXX"
".X.OO.OXX","..XXOX.OO","X","5","-1",".X.OOXOXX"
".X.OO.X..","....OXXO.","X","0","-1","XX.OO.X.."
".X.OO.X..","....OXXO.","X","2","-1",".XXOO.X.."
".X.OO.X..","....OXXO.","X","8","-1",".X.OO.X.X"
".X.OO.X..","....OXXO.","X","5","0",".X.OOXX.."
".X.OO.X..","....OXXO.","X","7","-1",".X.OO.XX."
".X.OO.X.X","..XXO..OX","O","0","-1","OX.OO.X.X"
".X.OO.X.X","..XXO..OX","O","2","-1",".XOOO.X.X"
".X.OO.X.X","..XXO..OX","O","5","1",".X.OOOX.X"
".X.OO.X.X","..XXO..OX","O","7","0",".X.OO.XOX"
".X.OO.XOX","..XXOO.OX","X","0","-1","XX.OO.XOX"
".X.OO.XOX","..XXOO.OX","X","2","-1",".XXOO.XOX"
".X.OO.XOX","..XXOO.OX","X","5","0",".X.OOXXOX"
".X.OO.XX.","...XOX.OX","O","0","-1","OX.OO.XX."
".X.OO.XX.","...XOX.OX","O","2","-1",".XOOO.XX."
".X.OO.XX.","...XOX.OX","O","8","1",".X.OO.XXO"
".X.OO.XX.","...XOX.OX","O","5","1",".X.OOOXX."
".X.OO.XXO","..OXOX.OX","X","0","-1","XX.OO.XXO"
".X.OO.XXO","..OXOX.OX","X","2","-1",".XXOO.XXO"
".X.OO.XXO","..OXOX.OX","X","5","-1",".X.OOXXXO"
".X.OOX...","...OOX.X.","X","0","0","XX.OOX..."
".X.OOX...","...OOX.X.","X","2","1",".XXOOX..."
".X.OOX...","...OOX.X.","X","6","0",".X.OOXX.."
".X.OOX...","...OOX.X.","X","8","0",".X.OOX..X"
".X.OOX...","...OOX.X.","X","7","-1",".X.OOX.X."
".X.OOX..X","..XOOX.X.","O","0","-1","OX.OOX..X"
".X.OOX..X","..XOOX.X.","O","2","0",".XOOOX..X"
".X.OOX..X","..XOOX.X.","O","6","-1",".X.OOXO.X"
".X.OOX..X","..XOOX.X.","O","7","-1",".X.OOX.OX"
".X.OOX.OX",".O.OOXXX.","X","0","0","XX.OOX.OX"
".X.OOX.OX",".O.OOXXX.","X","2","1",".XXOOX.OX"
".X.OOX.OX",".O.OOXXX.","X","6","0",".X.OOXXOX"
".X.OOX.X.",".O.XOX.X.","O","0","1","OX.OOX.X."
".X.OOX.X.",".O.XOX.X.","O","2","0",".XOOOX.X."
".X.OOX.X.",".O.XOX.X.","O","6","1",".X.OOXOX."
".X.OOX.X.",".O.XOX.X.","O","8","0",".X.OOX.XO"
".X.OOX.XO",".O.XOX.XO","X","0","0","XX.OOX.XO"
".X.OOX.XO",".O.XOX.XO","X","2","-1",".XXOOX.XO"
".X.OOX.XO",".O.XOX.XO","X","6","-1",".X.OOXXXO"
".X.OOXO.X",".OOXO..XX","X","0","-1","XX.OOXO.X"
".X.OOXO.X",".OOXO..XX","X","2","1",".XXOOXO.X"
".X.OOXO.X",".OOXO..XX","X","7","-1",".X.OOXOXX"
".X.OOXOX.",".OOXOX.X.","X","0","-1","XX.OOXOX."
".X.OOXOX.",".OOXOX.X.","X","2","-1",".XXOOXOX."
".X.OOXOX.",".OOXOX.X.","X","8","-1",".X.OOXOXX"
".X.OOXOXX",".OOXOX.XX","O","0","1","OX.OOXOXX"
".X.OOXOXX",".OOXOX.XX","O","2","1",".XOOOXOXX"
".X.OOXX..","..XXOO.X.","O","0","-1","OX.OOXX.."
".X.OOXX..","..XXOO.X.","O","2","0",".XOOOXX.."
".X.OOXX..","..XXOO.X.","O","8","0",".X.OOXX.O"
".X.OOXX..","..XXOO.X.","O","7","-1",".X.OOXXO."
".X.OOXX.O",".OXXO..XO","X","0","0","XX.OOXX.O"
".X.OOXX.O",".OXXO..XO","X","2","-1",".XXOOXX.O"
".X.OOXX.O",".OXXO..XO","X","7","-1",".X.OOXXXO"
".X.OOXXO.",".OXXOO.X.","X","0","0","XX.OOXXO."
".X.OOXXO.",".OXXOO.X.","X","2","1",".XXOOXXO."
".X.OOXXO.",".OXXOO.X.","X","8","0",".X.OOXXOX"
".X.OOXXOX",".OXXOO.XX","O","0","-1","OX.OOXXOX"
".X.OOXXOX",".OXXOO.XX","O","2","0",".XOOOXXOX"
".X.OOXXXO",".OXXOX.XO","O","0","1","OX.OOXXXO"
".X.OOXXXO",".OXXOX.XO","O","2","0",".XOOOXXXO"
".X.OX....","....XO.X.","O","0","-1","OX.OX...."
".X.OX....","....XO.X.","O","2","-1",".XOOX...."
".X.OX....","....XO.X.","O","6","-1",".X.OX.O.."
".X.OX....","....XO.X.","O","8","-1",".X.OX...O"
".X.OX....","....XO.X.","O","5","-1",".X.OXO..."
".X.OX....","....XO.X.","O","7","-1",".X.OX..O."
".X.OX...O","..OOX..X.","X","0","1","XX.OX...O"
".X.OX...O","..OOX..X.","X","2","1",".XXOX...O"
".X.OX...O","..OOX..X.","X","6","1",".X.OX.X.O"
".X.OX...O","..OOX..X.","X","5","0",".X.OXX..O"
".X.OX...O","..OOX..X.","X","7","1",".X.OX..XO"
".X.OX..O.","...OXX.O.","X","0","1","XX.OX..O."
".X.OX..O.","...OXX.O.","X","2","1",".XXOX..O."
".X.OX..O.","...OXX.O.","X","6","0",".X.OX.XO."
".X.OX..O.","...OXX.O.","X","8","0",".X.OX..OX"
".X.OX..O.","...OXX.O.","X","5","-1",".X.OXX.O."
".X.OX..OX","..XXXO.O.","O","0","0","OX.OX..OX"
".X.OX..OX","..XXXO.O.","O","2","-1",".XOOX..OX"
".X.OX..OX","..XXXO.O.","O","6","-1",".X.OX.OOX"
".X.OX..OX","..XXXO.O.","O","5","-1",".X.OXO.OX"
".X.OX.O..","....XXOO.","X","0","1","XX.OX.O.."
".X.OX.O..","....XXOO.","X","2","-1",".XXOX.O.."
".X.OX.O..","....XXOO.","X","8","-1",".X.OX.O.X"
".X.OX.O..","....XXOO.","X","5","-1",".X.OXXO.."
".X.OX.O..","....XXOO.","X","7","1",".X.OX.OX."
".X.OX.O.X","..XXX..OO","O","0","1","OX.OX.O.X"
".X.OX.O.X","..XXX..OO","O","2","-1",".XOOX.O.X"
".X.OX.O.X","..XXX..OO","O","5","-1",".X.OXOO.X"
".X.OX.O.X","..XXX..OO","O","7","-1",".X.OX.OOX"
".X.OX.OOX","..XXXO.OO","X","0","1","XX.OX.OOX"
".X.OX.OOX","..XXXO.OO","X","2","-1",".XXOX.OOX"
".X.OX.OOX","..XXXO.OO","X","5","-1",".X.OXXOOX"
".X.OX.X.O","..OXX..OX","O","0","-1","OX.OX.X.O"
".X.OX.X.O","..OXX..OX","O","2","-1",".XOOX.X.O"
".X.OX.X.O","..OXX..OX","O","5","-1",".X.OXOX.O"
".X.OX.X.O","..OXX..OX","O","7","-1",".X.OX.XOO"
".X.OX.XO.","...OXXXO.","O","0","-1","OX.OX.XO."
".X.OX.XO.","...OXXXO.","O","2","0",".XOOX.XO."
".X.OX.XO.","...OXXXO.","O","8","-1",".X.OX.XOO"
".X.OX.XO.","...OXXXO.","O","5","-1",".X.OXOXO."
".X.OX.XOO","..OXXO.OX","X","0","0","XX.OX.XOO"
".X.OX.XOO","..OXXO.OX","X","2","1",".XXOX.XOO"
".X.OX.XOO","..OXXO.OX","X","5","0",".X.OXXXOO"
".X.OXO...","...OXO.X.","X","0","1","XX.OXO..."
".X.OXO...","...OXO.X.","X","2","1",".XXOXO..."
".X.OXO...","...OXO.X.","X","6","1",".X.OXOX.."
".X.OXO...","...OXO.X.","X","8","1",".X.OXO..X"
".X.OXO...","...OXO.X.","X","7","1",".X.OXO.X."
".X.OXO..X","..XOXO.X.","O","0","-1","OX.OXO..X"
".X.OXO..X","..XOXO.X.","O","2","-1",".XOOXO..X"
".X.OXO..X","..XOXO.X.","O","6","-1",".X.OXOO.X"
".X.OXO..X","..XOXO.X.","O","7","-1",".X.OXO.OX"
".X.OXO.OX",".O.OXXXO.","X","0","1","XX.OXO.OX"
".X.OXO.OX",".O.OXXXO.","X","2","1",".XXOXO.OX"
".X.OXO.OX",".O.OXXXO.","X","6","1",".X.OXOXOX"
".X.OXOO.X",".OOXX..OX","X","0","1","XX.OXOO.X"
".X.OXOO.X",".OOXX..OX","X","2","-1",".XXOXOO.X"
".X.OXOO.X",".OOXX..OX","X","7","1",".X.OXOOXX"
".X.OXOX..","..XOXO.X.","O","0","-1","OX.OXOX.."
".X.OXOX..","..XOXO.X.","O","2","-1",".XOOXOX.."
".X.OXOX..","..XOXO.X.","O","8","-1",".X.OXOX.O"
".X.OXOX..","..XOXO.X.","O","7","-1",".X.OXOXO."
".X.OXOX.O",".OOXX..OX","X","0","-1","XX.OXOX.O"
".X.OXOX.O",".OOXX..OX","X","2","1",".XXOXOX.O"
".X.OXOX.O",".OOXX..OX","X","7","1",".X.OXOXXO"
".X.OXOXO.",".O.OXXXO.","X","0","1","XX.OXOXO."
".X.OXOXO.",".O.OXXXO.","X","2","1",".XXOXOXO."
".X.OXOXO.",".O.OXXXO.","X","8","1",".X.OXOXOX"
".X.OXOXOX",".OXXXO.OX","O","0","-1","OX.OXOXOX"
".X.OXOXOX",".OXXXO.OX","O","2","-1",".XOOXOXOX"
".X.OXX..O","..OOXX.X.","O","0","-1","OX.OXX..O"
".X.OXX..O","..OOXX.X.","O","2","-1",".XOOXX..O"
".X.OXX..O","..OOXX.X.","O","6","-1",".X.OXXO.O"
".X.OXX..O","..OOXX.X.","O","7","0",".X.OXX.OO"
".X.OXX.O.",".O.OXX.X.","O","0","0","OX.OXX.O."
".X.OXX.O.",".O.OXX.X.","O","2","0",".XOOXX.O."
".X.OXX.O.",".O.OXX.X.","O","6","1",".X.OXXOO."
".X.OXX.O.",".O.OXX.X.","O","8","0",".X.OXX.OO"
".X.OXX.OO",".O.OXXOX.","X","0","-1","XX.OXX.OO"
".X.OXX.OO",".O.OXXOX.","X","2","-1",".XXOXX.OO"
".X.OXX.OO",".O.OXXOX.","X","6","0",".X.OXXXOO"
".X.OXXO..","..OXXO.X.","O","0","1","OX.OXXO.."
".X.OXXO..","..OXXO.X.","O","2","-1",".XOOXXO.."
".X.OXXO..","..OXXO.X.","O","8","-1",".X.OXXO.O"
".X.OXXO..","..OXXO.X.","O","7","1",".X.OXXOO."
".X.OXXO.O",".OOXX..XO","X","0","-1","XX.OXXO.O"
".X.OXXO.O",".OOXX..XO","X","2","-1",".XXOXXO.O"
".X.OXXO.O",".OOXX..XO","X","7","1",".X.OXXOXO"
".X.OXXOO.",".OOXXO.X.","X","0","-1","XX.OXXOO."
".X.OXXOO.",".OOXXO.X.","X","2","-1",".XXOXXOO."
".X.OXXOO.",".OOXXO.X.","X","8","-1",".X.OXXOOX"
".X.OXXOOX",".OOXXO.XX","O","0","1","OX.OXXOOX"
".X.OXXOOX",".OOXXO.XX","O","2","-1",".XOOXXOOX"
".X.OXXXOO",".OXXXO.XO","O","0","-1","OX.OXXXOO"
".X.OXXXOO",".OXXXO.XO","O","2","0",".XOOXXXOO"
".X.X....O","..OX...X.","O","4","-1",".X.XO...O"
".X.X....O","..OX...X.","O","0","-1","OX.X....O"
".X.X....O","..OX...X.","O","2","1",".XOX....O"
".X.X....O","..OX...X.","O","6","1",".X.X..O.O"
".X.X....O","..OX...X.","O","5","-1",".X.X.O..O"
".X.X....O","..OX...X.","O","7","-1",".X.X...OO"
".X.X...O.","...O.X.X.","O","4","-1",".X.XO..O."
".X.X...O.","...O.X.X.","O","0","0","OX.X...O."
".X.X...O.","...O.X.X.","O","2","0",".XOX...O."
".X.X...O.","...O.X.X.","O","6","-1",".X.X..OO."
".X.X...O.","...O.X.X.","O","8","-1",".X.X...OO"
".X.X...O.","...O.X.X.","O","5","-1",".X.X.O.O."
".X.X...OO","..OX.O.X.","X","4","-1",".X.XX..OO"
".X.X...OO","..OX.O.X.","X","0","-1","XX.X...OO"
".X.X...OO","..OX.O.X.","X","2","-1",".XXX...OO"
".X.X...OO","..OX.O.X.","X","6","1",".X.X..XOO"
".X.X...OO","..OX.O.X.","X","5","-1",".X.X.X.OO"
".X.X..O..",".....XOX.","O","4","0",".X.XO.O.."
".X.X..O..",".....XOX.","O","0","-1","OX.X..O.."
".X.X..O..",".....XOX.","O","2","-1",".XOX..O.."
".X.X..O..",".....XOX.","O","8","1",".X.X..O.O"
".X.X..O..",".....XOX.","O","5","0",".X.X.OO.."
".X.X..O..",".....XOX.","O","7","-1",".X.X..OO."
".X.X..O.O","..OX...XO","X","4","-1",".X.XX.O.O"
".X.X..O.O","..OX...XO","X","0","-1","XX.X..O.O"
".X.X..O.O","..OX...XO","X","2","-1",".XXX..O.O"
".X.X..O.O","..OX...XO","X","5","-1",".X.X.XO.O"
".X.X..O.O","..OX...XO","X","7","-1",".X.X..OXO"
".X.X..OO.","...O.XOX.","X","4","-1",".X.XX.OO."
".X.X..OO.","...O.XOX.","X","0","-1","XX.X..OO."
".X.X..OO.","...O.XOX.","X","2","-1",".XXX..OO."
".X.X..OO.","...O.XOX.","X","8","1",".X.X..OOX"
".X.X..OO.","...O.XOX.","X","5","-1",".X.X.XOO."
".X.X..OOX","..XX.O.XO","O","4","-1",".X.XO.OOX"
".X.X..OOX","..XX.O.XO","O","0","-1","OX.X..OOX"
".X.X..OOX","..XX.O.XO","O","2","-1",".XOX..OOX"
".X.X..OOX","..XX.O.XO","O","5","-1",".X.X.OOOX"
".X.X..OXO","..OX.X.XO","O","4","1",".X.XO.OXO"
".X.X..OXO","..OX.X.XO","O","0","-1","OX.X..OXO"
".X.X..OXO","..OX.X.XO","O","2","-1",".XOX..OXO"
".X.X..OXO","..OX.X.XO","O","5","-1",".X.X.OOXO"
".X.X..XOO","..OX.O.XX","O","4","-1",".X.XO.XOO"
".X.X..XOO","..OX.O.XX","O","0","-1","OX.X..XOO"
".X.X..XOO","..OX.O.XX","O","2","-1",".XOX..XOO"
".X.X..XOO","..OX.O.XX","O","5","-1",".X.X.OXOO"
".X.X.O...","...O.X.X.","O","4","-1",".X.XOO..."
".X.X.O...","...O.X.X.","O","0","0","OX.X.O..."
".X.X.O...","...O.X.X.","O","2","-1",".XOX.O..."
".X.X.O...","...O.X.X.","O","6","0",".X.X.OO.."
".X.X.O...","...O.X.X.","O","8","-1",".X.X.O..O"
".X.X.O...","...O.X.X.","O","7","-1",".X.X.O.O."
".X.X.O..O","..OX.O.X.","X","4","-1",".X.XXO..O"
".X.X.O..O","..OX.O.X.","X","0","-1","XX.X.O..O"
".X.X.O..O","..OX.O.X.","X","2","1",".XXX.O..O"
".X.X.O..O","..OX.O.X.","X","6","-1",".X.X.OX.O"
".X.X.O..O","..OX.O.X.","X","7","-1",".X.X.O.XO"
".X.X.O.O.",".O.O.X.X.","X","4","-1",".X.XXO.O."
".X.X.O.O.",".O.O.X.X.","X","0","1","XX.X.O.O."
".X.X.O.O.",".O.O.X.X.","X","2","0",".XXX.O.O."
".X.X.O.O.",".O.O.X.X.","X","6","0",".X.X.OXO."
".X.X.O.O.",".O.O.X.X.","X","8","0",".X.X.O.OX"
".X.X.O.OX",".OXX.O.X.","O","4","-1",".X.XOO.OX"
".X.X.O.OX",".OXX.O.X.","O","0","0","OX.X.O.OX"
".X.X.O.OX",".OXX.O.X.","O","2","-1",".XOX.O.OX"
".X.X.O.OX",".OXX.O.X.","O","6","-1",".X.X.OOOX"
".X.X.O.XO",".OOX.X.X.","O","4","1",".X.XOO.XO"
".X.X.O.XO",".OOX.X.X.","O","0","-1","OX.X.O.XO"
".X.X.O.XO",".OOX.X.X.","O","2","1",".XOX.O.XO"
".X.X.O.XO",".OOX.X.X.","O","6","-1",".X.X.OOXO"
".X.X.OO..","..OO.X.X.","X","4","0",".X.XXOO.."
".X.X.OO..","..OO.X.X.","X","0","-1","XX.X.OO.."
".X.X.OO..","..OO.X.X.","X","2","0",".XXX.OO.."
".X.X.OO..","..OO.X.X.","X","8","0",".X.X.OO.X"
".X.X.OO..","..OO.X.X.","X","7","0",".X.X.OOX."
".X.X.OO.X",".OXX...XO","O","4","0",".X.XOOO.X"
".X.X.OO.X",".OXX...XO","O","0","0","OX.X.OO.X"
".X.X.OO.X",".OXX...XO","O","2","-1",".XOX.OO.X"
".X.X.OO.X",".OXX...XO","O","7","-1",".X.X.OOOX"
".X.X.OOOX",".OXX.O.XO","X","4","0",".X.XXOOOX"
".X.X.OOOX",".OXX.O.XO","X","0","1","XX.X.OOOX"
".X.X.OOOX",".OXX.O.XO","X","2","0",".XXX.OOOX"
".X.X.OOX.",".O.X.X.XO","O","4","0",".X.XOOOX."
".X.X.OOX.",".O.X.X.XO","O","0","-1","OX.X.OOX."
".X.X.OOX.",".O.X.X.XO","O","2","-1",".XOX.OOX."
".X.X.OOX.",".O.X.X.XO","O","8","-1",".X.X.OOXO"
".X.X.OOXO",".OOX.X.XO","X","4","1",".X.XXOOXO"
".X.X.OOXO",".OOX.X.XO","X","0","-1","XX.X.OOXO"
".X.X.OOXO",".OOX.X.XO","X","2","1",".XXX.OOXO"
".X.X.OX.O",".OOX...XX","O","4","-1",".X.XOOX.O"
".X.X.OX.O",".OOX...XX","O","0","1","OX.X.OX.O"
".X.X.OX.O",".OOX...XX","O","2","1",".XOX.OX.O"
".X.X.OX.O",".OOX...XX","O","7","-1",".X.X.OXOO"
".X.X.OXO.",".O.O.XXX.","O","4","-1",".X.XOOXO."
".X.X.OXO.",".O.O.XXX.","O","0","0","OX.X.OXO."
".X.X.OXO.",".O.O.XXX.","O","2","-1",".XOX.OXO."
".X.X.OXO.",".O.O.XXX.","O","8","-1",".X.X.OXOO"
".X.X.OXOO",".OOX.O.XX","X","4","-1",".X.XXOXOO"
".X.X.OXOO",".OOX.O.XX","X","0","1","XX.X.OXOO"
".X.X.OXOO",".OOX.O.XX","X","2","1",".XXX.OXOO"
".X.X.X.OO",".OOX.X.X.","O","4","1",".X.XOX.OO"
".X.X.X.OO",".OOX.X.X.","O","0","-1","OX.X.X.OO"
".X.X.X.OO",".OOX.X.X.","O","2","-1",".XOX.X.OO"
".X.X.X.OO",".OOX.X.X.","O","6","1",".X.X.XOOO"
".X.X.XO.O",".X.X.XO.O","O","4","1",".X.XOXO.O"
".X.X.XO.O",".X.X.XO.O","O","0","-1","OX.X.XO.O"
".X.X.XO.O",".X.X.XO.O","O","2","-1",".XOX.XO.O"
".X.X.XO.O",".X.X.XO.O","O","7","1",".X.X.XOOO"
".X.X.XOO.",".OOX.X.X.","O","4","1",".X.XOXOO."
".X.X.XOO.",".OOX.X.X.","O","0","-1","OX.X.XOO."
".X.X.XOO.",".OOX.X.X.","O","2","-1",".XOX.XOO."
".X.X.XOO.",".OOX.X.X.","O","8","1",".X.X.XOOO"
".X.XO....","....OX.X.","O","0","0","OX.XO...."
".X.XO....","....OX.X.","O","2","0",".XOXO...."
".X.XO....","....OX.X.","O","6","0",".X.XO.O.."
".X.XO....","....OX.X.","O","8","-1",".X.XO...O"
".X.XO....","....OX.X.","O","5","-1",".X.XOO..."
".X.XO....","....OX.X.","O","7","-1",".X.XO..O."
".X.XO...O","..OXO..X.","X","0","1","XX.XO...O"
".X.XO...O","..OXO..X.","X","2","-1",".XXXO...O"
".X.XO...O","..OXO..X.","X","6","-1",".X.XO.X.O"
".X.XO...O","..OXO..X.","X","5","-1",".X.XOX..O"
".X.XO...O","..OXO..X.","X","7","-1",".X.XO..XO"
".X.XO..O.","...OOX.X.","X","0","1","XX.XO..O."
".X.XO..O.","...OOX.X.","X","2","0",".XXXO..O."
".X.XO..O.","...OOX.X.","X","6","0",".X.XO.XO."
".X.XO..O.","...OOX.X.","X","8","0",".X.XO..OX"
".X.XO..O.","...OOX.X.","X","5","-1",".X.XOX.O."
".X.XO..OX","..XXOO.X.","O","0","0","OX.XO..OX"
".X.XO..OX","..XXOO.X.","O","2","0",".XOXO..OX"
".X.XO..OX","..XXOO.X.","O","6","-1",".X.XO.OOX"
".X.XO..OX","..XXOO.X.","O","5","-1",".X.XOO.OX"
".X.XO..XO","..OXOX.X.","O","0","1","OX.XO..XO"
".X.XO..XO","..OXOX.X.","O","2","1",".XOXO..XO"
".X.XO..XO","..OXOX.X.","O","6","1",".X.XO.OXO"
".X.XO..XO","..OXOX.X.","O","5","1",".X.XOO.XO"
".X.XO.O..","....OXOX.","X","0","-1","XX.XO.O.."
".X.XO.O..","....OXOX.","X","2","0",".XXXO.O.."
".X.XO.O..","....OXOX.","X","8","-1",".X.XO.O.X"
".X.XO.O..","....OXOX.","X","5","-1",".X.XOXO.."
".X.XO.O..","....OXOX.","X","7","-1",".X.XO.OX."
".X.XO.O.X","..XXO..XO","O","0","0","OX.XO.O.X"
".X.XO.O.X","..XXO..XO","O","2","1",".XOXO.O.X"
".X.XO.O.X","..XXO..XO","O","5","0",".X.XOOO.X"
".X.XO.O.X","..XXO..XO","O","7","-1",".X.XO.OOX"
".X.XO.OOX","..XXOO.XO","X","0","-1","XX.XO.OOX"
".X.XO.OOX","..XXOO.XO","X","2","1",".XXXO.OOX"
".X.XO.OOX","..XXOO.XO","X","5","-1",".X.XOXOOX"
".X.XO.OX.","...XOX.XO","O","0","1","OX.XO.OX."
".X.XO.OX.","...XOX.XO","O","2","1",".XOXO.OX."
".X.XO.OX.","...XOX.XO","O","8","1",".X.XO.OXO"
".X.XO.OX.","...XOX.XO","O","5","0",".X.XOOOX."
".X.XO.OXO","..OXOX.XO","X","0","-1","XX.XO.OXO"
".X.XO.OXO","..OXOX.XO","X","2","-1",".XXXO.OXO"
".X.XO.OXO","..OXOX.XO","X","5","-1",".X.XOXOXO"
".X.XO.X.O","..OXO..XX","O","0","1","OX.XO.X.O"
".X.XO.X.O","..OXO..XX","O","2","-1",".XOXO.X.O"
".X.XO.X.O","..OXO..XX","O","5","-1",".X.XOOX.O"
".X.XO.X.O","..OXO..XX","O","7","-1",".X.XO.XOO"
".X.XO.XO.","...OOXXX.","O","0","0","OX.XO.XO."
".X.XO.XO.","...OOXXX.","O","2","-1",".XOXO.XO."
".X.XO.XO.","...OOXXX.","O","8","-1",".X.XO.XOO"
".X.XO.XO.","...OOXXX.","O","5","-1",".X.XOOXO."
".X.XO.XOO","..OXOO.XX","X","0","1","XX.XO.XOO"
".X.XO.XOO","..OXOO.XX","X","2","-1",".XXXO.XOO"
".X.XO.XOO","..OXOO.XX","X","5","-1",".X.XOXXOO"
".X.XOO...","...OOX.X.","X","0","1","XX.XOO..."
".X.XOO...","...OOX.X.","X","2","0",".XXXOO..."
".X.XOO...","...OOX.X.","X","6","0",".X.XOOX.."
".X.XOO...","...OOX.X.","X","8","0",".X.XOO..X"
".X.XOO...","...OOX.X.","X","7","-1",".X.XOO.X."
".X.XOO..X","..XXOO.X.","O","0","0","OX.XOO..X"
".X.XOO..X","..XXOO.X.","O","2","-1",".XOXOO..X"
".X.XOO..X","..XXOO.X.","O","6","0",".X.XOOO.X"
".X.XOO..X","..XXOO.X.","O","7","-1",".X.XOO.OX"
".X.XOO.OX",".OXXOO.X.","X","0","1","XX.XOO.OX"
".X.XOO.OX",".OXXOO.X.","X","2","0",".XXXOO.OX"
".X.XOO.OX",".OXXOO.X.","X","6","0",".X.XOOXOX"
".X.XOO.X.",".O.XOX.X.","O","0","0","OX.XOO.X."
".X.XOO.X.",".O.XOX.X.","O","2","1",".XOXOO.X."
".X.XOO.X.",".O.XOX.X.","O","6","0",".X.XOOOX."
".X.XOO.X.",".O.XOX.X.","O","8","1",".X.XOO.XO"
".X.XOO.XO",".OOXOX.X.","X","0","-1","XX.XOO.XO"
".X.XOO.XO",".OOXOX.X.","X","2","-1",".XXXOO.XO"
".X.XOO.XO",".OOXOX.X.","X","6","-1",".X.XOOXXO"
".X.XOOO.X",".OXXO..XO","X","0","-1","XX.XOOO.X"
".X.XOOO.X",".OXXO..XO","X","2","0",".XXXOOO.X"
".X.XOOO.X",".OXXO..XO","X","7","-1",".X.XOOOXX"
".X.XOOOX.",".O.XOX.XO","X","0","-1","XX.XOOOX."
".X.XOOOX.",".O.XOX.XO","X","2","0",".XXXOOOX."
".X.XOOOX.",".O.XOX.XO","X","8","-1",".X.XOOOXX"
".X.XOOOXX",".OXXOX.XO","O","0","0","OX.XOOOXX"
".X.XOOOXX",".OXXOX.XO","O","2","1",".XOXOOOXX"
".X.XOOX..","..XOOX.X.","O","0","0","OX.XOOX.."
".X.XOOX..","..XOOX.X.","O","2","-1",".XOXOOX.."
".X.XOOX..","..XOOX.X.","O","8","-1",".X.XOOX.O"
".X.XOOX..","..XOOX.X.","O","7","-1",".X.XOOXO."
".X.XOOX.O",".OOXO..XX","X","0","1","XX.XOOX.O"
".X.XOOX.O",".OOXO..XX","X","2","-1",".XXXOOX.O"
".X.XOOX.O",".OOXO..XX","X","7","-1",".X.XOOXXO"
".X.XOOXO.",".O.OOXXX.","X","0","1","XX.XOOXO."
".X.XOOXO.",".O.OOXXX.","X","2","0",".XXXOOXO."
".X.XOOXO.",".O.OOXXX.","X","8","0",".X.XOOXOX"
".X.XOOXOX",".OXXOO.XX","O","0","0","OX.XOOXOX"
".X.XOOXOX",".OXXOO.XX","O","2","-1",".XOXOOXOX"
".X.XOOXXO",".OOXOX.XX","O","0","1","OX.XOOXXO"
".X.XOOXXO",".OOXOX.XX","O","2","1",".XOXOOXXO"
".X.XOX..O","..OXOX.X.","O","0","1","OX.XOX..O"
".X.XOX..O","..OXOX.X.","O","2","1",".XOXOX..O"
".X.XOX..O","..OXOX.X.","O","6","1",".X.XOXO.O"
".X.XOX..O","..OXOX.X.","O","7","1",".X.XOX.OO"
".X.XOX.O.",".O.XOX.X.","O","0","0","OX.XOX.O."
".X.XOX.O.",".O.XOX.X.","O","2","0",".XOXOX.O."
".X.XOX.O.",".O.XOX.X.","O","6","1",".X.XOXOO."
".X.XOX.O.",".O.XOX.X.","O","8","1",".X.XOX.OO"
".X.XOX.OO",".OOXOX.X.","X","0","-1","XX.XOX.OO"
".X.XOX.OO",".OOXOX.X.","X","2","-1",".XXXOX.OO"
".X.XOX.OO",".OOXOX.X.","X","6","-1",".X.XOXXOO"
".X.XOXO..","..OXOX.X.","O","0","1","OX.XOXO.."
".X.XOXO..","..OXOX.X.","O","2","1",".XOXOXO.."
".X.XOXO..","..OXOX.X.","O","8","1",".X.XOXO.O"
".X.XOXO..","..OXOX.X.","O","7","1",".X.XOXOO."
".X.XOXO.O",".X.XOXO.O","X","0","-1","XX.XOXO.O"
".X.XOXO.O",".X.XOXO.O","X","2","-1",".XXXOXO.O"
".X.XOXO.O",".X.XOXO.O","X","7","-1",".X.XOXOXO"
".X.XOXOO.",".OOXOX.X.","X","0","-1","XX.XOXOO."
".X.XOXOO.",".OOXOX.X.","X","2","-1",".XXXOXOO."
".X.XOXOO.",".OOXOX.X.","X","8","-1",".X.XOXOOX"
".X.XOXOOX",".X.XOXOOX","O","0","-1","OX.XOXOOX"
".X.XOXOOX",".X.XOXOOX","O","2","1",".XOXOXOOX"
".X.XOXOXO",".X.XOXOXO","O","0","1","OX.XOXOXO"
".X.XOXOXO",".X.XOXOXO","O","2","1",".XOXOXOXO"
".X.XOXXOO",".X.XOXOOX","O","0","1","OX.XOXXOO"
".X.XOXXOO",".X.XOXOOX","O","2","-1",".XOXOXXOO"
".X.XX..OO","..OXXO.X.","O","0","-1","OX.XX..OO"
".X.XX..OO","..OXXO.X.","O","2","-1",".XOXX..OO"
".X.XX..OO","..OXXO.X.","O","6","1",".X.XX.OOO"
".X.XX..OO","..OXXO.X.","O","5","1",".X.XXO.OO"
".X.XX.O.O","..OXX..XO","O","0","-1","OX.XX.O.O"
".X.XX.O.O","..OXX..XO","O","2","-1",".XOXX.O.O"
".X.XX.O.O","..OXX..XO","O","5","-1",".X.XXOO.O"
".X.XX.O.O","..OXX..XO","O","7","1",".X.XX.OOO"
".X.XX.OO.","...OXXOX.","O","0","-1","OX.XX.OO."
".X.XX.OO.","...OXXOX.","O","2","-1",".XOXX.OO."
".X.XX.OO.","...OXXOX.","O","8","1",".X.XX.OOO"
".X.XX.OO.","...OXXOX.","O","5","0",".X.XXOOO."
".X.XXO..O","..OXXO.X.","O","0","-1","OX.XXO..O"
".X.XXO..O","..OXXO.X.","O","2","1",".XOXXO..O"
".X.XXO..O","..OXXO.X.","O","6","-1",".X.XXOO.O"
".X.XXO..O","..OXXO.X.","O","7","1",".X.XXO.OO"
".X.XXO.O.",".O.OXX.X.","O","0","0","OX.XXO.O."
".X.XXO.O.",".O.OXX.X.","O","2","0",".XOXXO.O."
".X.XXO.O.",".O.OXX.X.","O","6","0",".X.XXOOO."
".X.XXO.O.",".O.OXX.X.","O","8","1",".X.XXO.OO"
".X.XXO.OO",".OOXXO.X.","X","0","-1","XX.XXO.OO"
".X.XXO.OO",".OOXXO.X.","X","2","-1",".XXXXO.OO"
".X.XXO.OO",".OOXXO.X.","X","6","-1",".X.XXOXOO"
".X.XXOO..","..OOXX.X.","O","0","-1","OX.XXOO.."
".X.XXOO..","..OOXX.X.","O","2","-1",".XOXXOO.."
".X.XXOO..","..OOXX.X.","O","8","-1",".X.XXOO.O"
".X.XXOO..","..OOXX.X.","O","7","0",".X.XXOOO."
".X.XXOO.O",".OOXX..XO","X","0","-1","XX.XXOO.O"
".X.XXOO.O",".OOXX..XO","X","2","-1",".XXXXOO.O"
".X.XXOO.O",".OOXX..XO","X","7","1",".X.XXOOXO"
".X.XXOOO.",".O.OXXOX.","X","0","-1","XX.XXOOO."
".X.XXOOO.",".O.OXXOX.","X","2","-1",".XXXXOOO."
".X.XXOOO.",".O.OXXOX.","X","8","0",".X.XXOOOX"
".X.XXOOOX",".OXXXO.XO","O","0","0","OX.XXOOOX"
".X.XXOOOX",".OXXXO.XO","O","2","-1",".XOXXOOOX"
".X.XXOXOO",".OOXXO.XX","O","0","-1","OX.XXOXOO"
".X.XXOXOO",".OOXXO.XX","O","2","1",".XOXXOXOO"
".XO......",".......XO","X","4","0",".XO.X...."
".XO......",".......XO","X","0","-1","XXO......"
".XO......",".......XO","X","6","0",".XO...X.."
".XO......",".......XO","X","8","0",".XO.....X"
".XO......",".......XO","X","3","-1",".XOX....."
".XO......",".......XO","X","5","0",".XO..X..."
".XO......",".......XO","X","7","-1",".XO....X."
".XO.....X",".....XX.O","O","4","0",".XO.O...X"
".XO.....X",".....XX.O","O","0","-1","OXO.....X"
".XO.....X",".....XX.O","O","6","-1",".XO...O.X"
".XO.....X",".....XX.O","O","3","-1",".XOO....X"
".XO.....X",".....XX.O","O","5","-1",".XO..O..X"
".XO.....X",".....XX.O","O","7","0",".XO....OX"
".XO....OX","...O.XX.O","X","4","0",".XO.X..OX"
".XO....OX","...O.XX.O","X","0","0","XXO....OX"
".XO....OX","...O.XX.O","X","6","0",".XO...XOX"
".XO....OX","...O.XX.O","X","3","0",".XOX...OX"
".XO....OX","...O.XX.O","X","5","0",".XO..X.OX"
".XO....X.","...X.X..O","O","4","1",".XO.O..X."
".XO....X.","...X.X..O","O","0","-1","OXO....X."
".XO....X.","...X.X..O","O","6","-1",".XO...OX."
".XO....X.","...X.X..O","O","8","-1",".XO....XO"
".XO....X.","...X.X..O","O","3","-1",".XOO...X."
".XO....X.","...X.X..O","O","5","-1",".XO..O.X."
".XO....XO","...X.XO.O","X","4","1",".XO.X..XO"
".XO....XO","...X.XO.O","X","0","-1","XXO....XO"
".XO....XO","...X.XO.O","X","6","-1",".XO...XXO"
".XO....XO","...X.XO.O","X","3","-1",".XOX...XO"
".XO....XO","...X.XO.O","X","5","-1",".XO..X.XO"
".XO...O.X","..OX..O.X","X","4","1",".XO.X.O.X"
".XO...O.X","..OX..O.X","X","0","-1","XXO...O.X"
".XO...O.X","..OX..O.X","X","3","-1",".XOX..O.X"
".XO...O.X","..OX..O.X","X","5","-1",".XO..XO.X"
".XO...O.X","..OX..O.X","X","7","-1",".XO...OXX"
".XO...OX.","..OX.XO..","X","4","1",".XO.X.OX."
".XO...OX.","..OX.XO..","X","0","-1","XXO...OX."
".XO...OX.","..OX.XO..","X","8","-1",".XO...OXX"
".XO...OX.","..OX.XO..","X","3","-1",".XOX..OX."
".XO...OX.","..OX.XO..","X","5","-1",".XO..XOX."
".XO...OXX","..OX.XO.X","O","4","1",".XO.O.OXX"
".XO...OXX","..OX.XO.X","O","0","-1","OXO...OXX"
".XO...OXX","..OX.XO.X","O","3","-1",".XOO..OXX"
".XO...OXX","..OX.XO.X","O","5","-1",".XO..OOXX"
".XO...X..","..O..XX..","O","4","0",".XO.O.X.."
".XO...X..","..O..XX..","O","0","-1","OXO...X.."
".XO...X..","..O..XX..","O","8","0",".XO...X.O"
".XO...X..","..O..XX..","O","3","-1",".XOO..X.."
".XO...X..","..O..XX..","O","5","-1",".XO..OX.."
".XO...X..","..O..XX..","O","7","0",".XO...XO."
".XO...X.O","..XX..O.O","X","4","-1",".XO.X.X.O"
".XO...X.O","..XX..O.O","X","0","-1","XXO...X.O"
".XO...X.O","..XX..O.O","X","3","-1",".XOX..X.O"
".XO...X.O","..XX..O.O","X","5","0",".XO..XX.O"
".XO...X.O","..XX..O.O","X","7","-1",".XO...XXO"
".XO...XO.","..OO.XX..","X","4","0",".XO.X.XO."
".XO...XO.","..OO.XX..","X","0","0","XXO...XO."
".XO...XO.","..OO.XX..","X","8","0",".XO...XOX"
".XO...XO.","..OO.XX..","X","3","0",".XOX..XO."
".XO...XO.","..OO.XX..","X","5","0",".XO..XXO."
".XO...XOX","..XX.OO.X","O","4","0",".XO.O.XOX"
".XO...XOX","..XX.OO.X","O","0","0","OXO...XOX"
".XO...XOX","..XX.OO.X","O","3","0",".XOO..XOX"
".XO...XOX","..XX.OO.X","O","5","-1",".XO..OXOX"
".XO...XXO","..XX.XO.O","O","4","1",".XO.O.XXO"
".XO...XXO","..XX.XO.O","O","0","-1","OXO...XXO"
".XO...XXO","..XX.XO.O","O","3","-1",".XOO..XXO"
".XO...XXO","..XX.XO.O","O","5","1",".XO..OXXO"
".XO..O..X",".....XXOO","X","4","1",".XO.XO..X"
".XO..O..X",".....XXOO","X","0","-1","XXO..O..X"
".XO..O..X",".....XXOO","X","6","1",".XO..OX.X"
".XO..O..X",".....XXOO","X","3","1",".XOX.O..X"
".XO..O..X",".....XXOO","X","7","1",".XO..O.XX"
".XO..O.X.","...X.X.OO","X","4","1",".XO.XO.X."
".XO..O.X.","...X.X.OO","X","0","-1","XXO..O.X."
".XO..O.X.","...X.X.OO","X","6","-1",".XO..OXX."
".XO..O.X.","...X.X.OO","X","8","1",".XO..O.XX"
".XO..O.X.","...X.X.OO","X","3","-1",".XOX.O.X."
".XO..O.XX","...X.XOOX","O","4","-1",".XO.OO.XX"
".XO..O.XX","...X.XOOX","O","0","-1","OXO..O.XX"
".XO..O.XX","...X.XOOX","O","6","-1",".XO..OOXX"
".XO..O.XX","...X.XOOX","O","3","-1",".XOO.O.XX"
".XO..OOXX","..OX.XOOX","X","4","1",".XO.XOOXX"
".XO..OOXX","..OX.XOOX","X","0","-1","XXO..OOXX"
".XO..OOXX","..OX.XOOX","X","3","-1",".XOX.OOXX"
".XO..OX..","..XO..OX.","X","4","-1",".XO.XOX.."
".XO..OX..","..XO..OX.","X","0","-1","XXO..OX.."
".XO..OX..","..XO..OX.","X","8","1",".XO..OX.X"
".XO..OX..","..XO..OX.","X","3","-1",".XOX.OX.."
".XO..OX..","..XO..OX.","X","7","-1",".XO..OXX."
".XO..OX.X","..XX..OOX","O","4","-1",".XO.OOX.X"
".XO..OX.X","..XX..OOX","O","0","-1","OXO..OX.X"
".XO..OX.X","..XX..OOX","O","3","-1",".XOO.OX.X"
".XO..OX.X","..XX..OOX","O","7","-1",".XO..OXOX"
".XO..OXOX","..XX.OOOX","X","4","0",".XO.XOXOX"
".XO..OXOX","..XX.OOOX","X","0","1","XXO..OXOX"
".XO..OXOX","..XX.OOOX","X","3","0",".XOX.OXOX"
".XO..OXX.","..XX.XOO.","O","4","-1",".XO.OOXX."
".XO..OXX.","..XX.XOO.","O","0","-1","OXO..OXX."
".XO..OXX.","..XX.XOO.","O","8","1",".XO..OXXO"
".XO..OXX.","..XX.XOO.","O","3","-1",".XOO.OXX."
".XO..X...",".....X.XO","O","4","0",".XO.OX..."
".XO..X...",".....X.XO","O","0","-1","OXO..X..."
".XO..X...",".....X.XO","O","6","-1",".XO..XO.."
".XO..X...",".....X.XO","O","8","-1",".XO..X..O"
".XO..X...",".....X.XO","O","3","0",".XOO.X..."
".XO..X...",".....X.XO","O","7","0",".XO..X.O."
".XO..X..O",".....XOXO","X","4","1",".XO.XX..O"
".XO..X..O",".....XOXO","X","0","-1","XXO..X..O"
".XO..X..O",".....XOXO","X","6","0",".XO..XX.O"
".XO..X..O",".....XOXO","X","3","-1",".XOX.X..O"
".XO..X..O",".....XOXO","X","7","-1",".XO..X.XO"
".XO..X.O.","...O.X.XO","X","4","0",".XO.XX.O."
".XO..X.O.","...O.X.XO","X","0","-1","XXO..X.O."
".XO..X.O.","...O.X.XO","X","6","0",".XO..XXO."
".XO..X.O.","...O.X.XO","X","8","0",".XO..X.OX"
".XO..X.O.","...O.X.XO","X","3","0",".XOX.X.O."
".XO..X.OX","...O.XXXO","O","4","0",".XO.OX.OX"
".XO..X.OX","...O.XXXO","O","0","0","OXO..X.OX"
".XO..X.OX","...O.XXXO","O","6","-1",".XO..XOOX"
".XO..X.OX","...O.XXXO","O","3","0",".XOO.X.OX"
".XO..X.XO","...X.XOXO","O","4","1",".XO.OX.XO"
".XO..X.XO","...X.XOXO","O","0","-1","OXO..X.XO"
".XO..X.XO","...X.XOXO","O","6","-1",".XO..XOXO"
".XO..X.XO","...X.XOXO","O","3","-1",".XOO.X.XO"
".XO..XO..","..OX..OX.","X","4","1",".XO.XXO.."
".XO..XO..","..OX..OX.","X","0","-1","XXO..XO.."
".XO..XO..","..OX..OX.","X","8","-1",".XO..XO.X"
".XO..XO..","..OX..OX.","X","3","-1",".XOX.XO.."
".XO..XO..","..OX..OX.","X","7","-1",".XO..XOX."
".XO..XO.X","..OX..OXX","O","4","1",".XO.OXO.X"
".XO..XO.X","..OX..OXX","O","0","1","OXO..XO.X"
".XO..XO.X","..OX..OXX","O","3","1",".XOO.XO.X"
".XO..XO.X","..OX..OXX","O","7","-1",".XO..XOOX"
".XO..XOOX","..OX.OOXX","X","4","1",".XO.XXOOX"
".XO..XOOX","..OX.OOXX","X","0","-1","XXO..XOOX"
".XO..XOOX","..OX.OOXX","X","3","-1",".XOX.XOOX"
".XO..XOX.","..OX.XOX.","O","4","1",".XO.OXOX."
".XO..XOX.","..OX.XOX.","O","0","-1","OXO..XOX."
".XO..XOX.","..OX.XOX.","O","8","-1",".XO..XOXO"
".XO..XOX.","..OX.XOX.","O","3","-1",".XOO.XOX."
".XO..XOXO","..OX.XOXO","X","4","1",".XO.XXOXO"
".XO..XOXO","..OX.XOXO","X","0","-1","XXO..XOXO"
".XO..XOXO","..OX.XOXO","X","3","-1",".XOX.XOXO"
".XO..XX.O","..XX..OXO","O","4","0",".XO.OXX.O"
".XO..XX.O","..XX..OXO","O","0","-1","OXO..XX.O"
".XO..XX.O","..XX..OXO","O","3","0",".XOO.XX.O"
".XO..XX.O","..XX..OXO","O","7","-1",".XO..XXOO"
".XO..XXO.","..XX.OOX.","O","4","0",".XO.OXXO."
".XO..XXO.","..XX.OOX.","O","0","0","OXO..XXO."
".XO..XXO.","..XX.OOX.","O","8","-1",".XO..XXOO"
".XO..XXO.","..XX.OOX.","O","3","0",".XOO.XXO."
".XO..XXOO","..XX.OOXO","X","4","0",".XO.XXXOO"
".XO..XXOO","..XX.OOXO","X","0","0","XXO..XXOO"
".XO..XXOO","..XX.OOXO","X","3","1",".XOX.XXOO"
".XO.O...X","....OXX.O","X","0","-1","XXO.O...X"
".XO.O...X","....OXX.O","X","6","0",".XO.O.X.X"
".XO.O...X","....OXX.O","X","3","-1",".XOXO...X"
".XO.O...X","....OXX.O","X","5","-1",".XO.OX..X"
".XO.O...X","....OXX.O","X","7","-1",".XO.O..XX"
".XO.O..X.","...XOX..O","X","0","-1","XXO.O..X."
".XO.O..X.","...XOX..O","X","6","-1",".XO.O.XX."
".XO.O..X.","...XOX..O","X","8","-1",".XO.O..XX"
".XO.O..X.","...XOX..O","X","3","-1",".XOXO..X."
".XO.O..X.","...XOX..O","X","5","-1",".XO.OX.X."
".XO.O..XX","...XOXO.X","O","0","-1","OXO.O..XX"
".XO.O..XX","...XOXO.X","O","6","1",".XO.O.OXX"
".XO.O..XX","...XOXO.X","O","3","-1",".XOOO..XX"
".XO.O..XX","...XOXO.X","O","5","-1",".XO.OO.XX"
".XO.O.X..","..O.OXX..","X","0","0","XXO.O.X.."
".XO.O.X..","..O.OXX..","X","8","0",".XO.O.X.X"
".XO.O.X..","..O.OXX..","X","3","0",".XOXO.X.."
".XO.O.X..","..O.OXX..","X","5","0",".XO.OXX.."
".XO.O.X..","..O.OXX..","X","7","-1",".XO.O.XX."
".XO.O.X.X","..XXO.O.X","O","0","-1","OXO.O.X.X"
".XO.O.X.X","..XXO.O.X","O","3","-1",".XOOO.X.X"
".XO.O.X.X","..XXO.O.X","O","5","-1",".XO.OOX.X"
".XO.O.X.X","..XXO.O.X","O","7","0",".XO.O.XOX"
".XO.O.XOX","..XXOOO.X","X","0","0","XXO.O.XOX"
".XO.O.XOX","..XXOOO.X","X","3","0",".XOXO.XOX"
".XO.O.XOX","..XXOOO.X","X","5","0",".XO.OXXOX"
".XO.O.XX.","..OXOXX..","O","0","-1","OXO.O.XX."
".XO.O.XX.","..OXOXX..","O","8","1",".XO.O.XXO"
".XO.O.XX.","..OXOXX..","O","3","-1",".XOOO.XX."
".XO.O.XX.","..OXOXX..","O","5","-1",".XO.OOXX."
".XO.O.XXO","..XXOXO.O","X","0","-1","XXO.O.XXO"
".XO.O.XXO","..XXOXO.O","X","3","-1",".XOXO.XXO"
".XO.O.XXO","..XXOXO.O","X","5","-1",".XO.OXXXO"
".XO.OO.XX","...XOXOOX","X","0","-1","XXO.OO.XX"
".XO.OO.XX","...XOXOOX","X","6","1",".XO.OOXXX"
".XO.OO.XX","...XOXOOX","X","3","-1",".XOXOO.XX"
".XO.OOX.X","..XXO.OOX","X","0","-1","XXO.OOX.X"
".XO.OOX.X","..XXO.OOX","X","3","1",".XOXOOX.X"
".XO.OOX.X","..XXO.OOX","X","7","1",".XO.OOXXX"
".XO.OOXX.","..XXOXOO.","X","0","-1","XXO.OOXX."
".XO.OOXX.","..XXOXOO.","X","8","1",".XO.OOXXX"
".XO.OOXX.","..XXOXOO.","X","3","-1",".XOXOOXX."
".XO.OX...","....OX.XO","X","0","-1","XXO.OX..."
".XO.OX...","....OX.XO","X","6","0",".XO.OXX.."
".XO.OX...","....OX.XO","X","8","-1",".XO.OX..X"
".XO.OX...","....OX.XO","X","3","-1",".XOXOX..."
".XO.OX...","....OX.XO","X","7","-1",".XO.OX.X."
".XO.OX..X","....OXXXO","O","0","0","OXO.OX..X"
".XO.OX..X","....OXXXO","O","6","1",".XO.OXO.X"
".XO.OX..X","....OXXXO","O","3","0",".XOOOX..X"
".XO.OX..X","....OXXXO","O","7","0",".XO.OX.OX"
".XO.OX.OX","...OOXXXO","X","0","-1","XXO.OX.OX"
".XO.OX.OX","...OOXXXO","X","6","0",".XO.OXXOX"
".XO.OX.OX","...OOXXXO","X","3","-1",".XOXOX.OX"
".XO.OX.X.","...XOX.XO","O","0","1","OXO.OX.X."
".XO.OX.X.","...XOX.XO","O","6","1",".XO.OXOX."
".XO.OX.X.","...XOX.XO","O","8","1",".XO.OX.XO"
".XO.OX.X.","...XOX.XO","O","3","0",".XOOOX.X."
".XO.OX.XO","...XOXOXO","X","0","-1","XXO.OX.XO"
".XO.OX.XO","...XOXOXO","X","6","-1",".XO.OXXXO"
".XO.OX.XO","...XOXOXO","X","3","-1",".XOXOX.XO"
".XO.OXX..","..XXO.OX.","O","0","0","OXO.OXX.."
".XO.OXX..","..XXO.OX.","O","8","0",".XO.OXX.O"
".XO.OXX..","..XXO.OX.","O","3","0",".XOOOXX.."
".XO.OXX..","..XXO.OX.","O","7","0",".XO.OXXO."
".XO.OXX.O","..XXO.OXO","X","0","0","XXO.OXX.O"
".XO.OXX.O","..XXO.OXO","X","3","-1",".XOXOXX.O"
".XO.OXX.O","..XXO.OXO","X","7","-1",".XO.OXXXO"
".XO.OXXO.","..XXOOOX.","X","0","0","XXO.OXXO."
".XO.OXXO.","..XXOOOX.","X","8","0",".XO.OXXOX"
".XO.OXXO.","..XXOOOX.","X","3","0",".XOXOXXO."
".XO.OXXOX","..XXOOOXX","O","0","0","OXO.OXXOX"
".XO.OXXOX","..XXOOOXX","O","3","0",".XOOOXXOX"
".XO.OXXXO","..XXOXOXO","O","0","1","OXO.OXXXO"
".XO.OXXXO","..XXOXOXO","O","3","0",".XOOOXXXO"
".XO.X....","....X..XO","O","0","-1","OXO.X...."
".XO.X....","....X..XO","O","6","-1",".XO.X.O.."
".XO.X....","....X..XO","O","8","-1",".XO.X...O"
".XO.X....","....X..XO","O","3","-1",".XOOX...."
".XO.X....","....X..XO","O","5","-1",".XO.XO..."
".XO.X....","....X..XO","O","7","0",".XO.X..O."
".XO.X...O","....XXO.O","X","0","-1","XXO.X...O"
".XO.X...O","....XXO.O","X","6","-1",".XO.X.X.O"
".XO.X...O","....XXO.O","X","3","-1",".XOXX...O"
".XO.X...O","....XXO.O","X","5","1",".XO.XX..O"
".XO.X...O","....XXO.O","X","7","1",".XO.X..XO"
".XO.X..O.","...OXX..O","X","0","-1","XXO.X..O."
".XO.X..O.","...OXX..O","X","6","0",".XO.X.XO."
".XO.X..O.","...OXX..O","X","8","0",".XO.X..OX"
".XO.X..O.","...OXX..O","X","3","0",".XOXX..O."
".XO.X..O.","...OXX..O","X","5","0",".XO.XX.O."
".XO.X..OX","...OXXX.O","O","0","0","OXO.X..OX"
".XO.X..OX","...OXXX.O","O","6","-1",".XO.X.OOX"
".XO.X..OX","...OXXX.O","O","3","-1",".XOOX..OX"
".XO.X..OX","...OXXX.O","O","5","-1",".XO.XO.OX"
".XO.X.O..","..O.X.OX.","X","0","1","XXO.X.O.."
".XO.X.O..","..O.X.OX.","X","8","1",".XO.X.O.X"
".XO.X.O..","..O.X.OX.","X","3","1",".XOXX.O.."
".XO.X.O..","..O.X.OX.","X","5","1",".XO.XXO.."
".XO.X.O..","..O.X.OX.","X","7","1",".XO.X.OX."
".XO.X.O.X","..OXX.O.X","O","0","-1","OXO.X.O.X"
".XO.X.O.X","..OXX.O.X","O","3","-1",".XOOX.O.X"
".XO.X.O.X","..OXX.O.X","O","5","-1",".XO.XOO.X"
".XO.X.O.X","..OXX.O.X","O","7","-1",".XO.X.OOX"
".XO.X.OOX","..OXXOO.X","X","0","1","XXO.X.OOX"
".XO.X.OOX","..OXXOO.X","X","3","1",".XOXX.OOX"
".XO.X.OOX","..OXXOO.X","X","5","1",".XO.XXOOX"
".XO.X.X.O","..XXX.O.O","O","0","-1","OXO.X.X.O"
".XO.X.X.O","..XXX.O.O","O","3","-1",".XOOX.X.O"
".XO.X.X.O","..XXX.O.O","O","5","1",".XO.XOX.O"
".XO.X.X.O","..XXX.O.O","O","7","0",".XO.X.XOO"
".XO.X.XO.","..OOXXX..","O","0","0","OXO.X.XO."
".XO.X.XO.","..OOXXX..","O","8","0",".XO.X.XOO"
".XO.X.XO.","..OOXXX..","O","3","0",".XOOX.XO."
".XO.X.XO.","..OOXXX..","O","5","0",".XO.XOXO."
".XO.X.XOO","..XXXOO.O","X","0","-1","XXO.X.XOO"
".XO.X.XOO","..XXXOO.O","X","3","-1",".XOXX.XOO"
".XO.X.XOO","..XXXOO.O","X","5","0",".XO.XXXOO"
".XO.XO...","....XO.XO","X","0","-1","XXO.XO..."
".XO.XO...","....XO.XO","X","6","-1",".XO.XOX.."
".XO.XO...","....XO.XO","X","8","1",".XO.XO..X"
".XO.XO...","....XO.XO","X","3","-1",".XOXXO..."
".XO.XO...","....XO.XO","X","7","1",".XO.XO.X."
".XO.XO..X","....XXXOO","O","0","-1","OXO.XO..X"
".XO.XO..X","....XXXOO","O","6","-1",".XO.XOO.X"
".XO.XO..X","....XXXOO","O","3","-1",".XOOXO..X"
".XO.XO..X","....XXXOO","O","7","-1",".XO.XO.OX"
".XO.XO.OX","...OXXXOO","X","0","1","XXO.XO.OX"
".XO.XO.OX","...OXXXOO","X","6","0",".XO.XOXOX"
".XO.XO.OX","...OXXXOO","X","3","0",".XOXXO.OX"
".XO.XOO.X","..OXX.OOX","X","0","1","XXO.XOO.X"
".XO.XOO.X","..OXX.OOX","X","3","1",".XOXXOO.X"
".XO.XOO.X","..OXX.OOX","X","7","1",".XO.XOOXX"
".XO.XOX..","..XOX.OX.","O","0","-1","OXO.XOX.."
".XO.XOX..","..XOX.OX.","O","8","1",".XO.XOX.O"
".XO.XOX..","..XOX.OX.","O","3","-1",".XOOXOX.."
".XO.XOX..","..XOX.OX.","O","7","0",".XO.XOXO."
".XO.XOXO.","..XXXOOO.","X","0","-1","XXO.XOXO."
".XO.XOXO.","..XXXOOO.","X","8","0",".XO.XOXOX"
".XO.XOXO.","..XXXOOO.","X","3","-1",".XOXXOXO."
".XO.XOXOX","..XXXOOOX","O","0","0","OXO.XOXOX"
".XO.XOXOX","..XXXOOOX","O","3","-1",".XOOXOXOX"
".XO.XX..O","....XXOXO","O","0","-1","OXO.XX..O"
".XO.XX..O","....XXOXO","O","6","-1",".XO.XXO.O"
".XO.XX..O","....XXOXO","O","3","-1",".XOOXX..O"
".XO.XX..O","....XXOXO","O","7","-1",".XO.XX.OO"
".XO.XX.O.","...OXX.XO","O","0","-1","OXO.XX.O."
".XO.XX.O.","...OXX.XO","O","6","-1",".XO.XXOO."
".XO.XX.O.","...OXX.XO","O","8","-1",".XO.XX.OO"
".XO.XX.O.","...OXX.XO","O","3","0",".XOOXX.O."
".XO.XX.OO","...OXXOXO","X","0","-1","XXO.XX.OO"
".XO.XX.OO","...OXXOXO","X","6","0",".XO.XXXOO"
".XO.XX.OO","...OXXOXO","X","3","1",".XOXXX.OO"
".XO.XXO..","..OXX.OX.","O","0","-1","OXO.XXO.."
".XO.XXO..","..OXX.OX.","O","8","-1",".XO.XXO.O"
".XO.XXO..","..OXX.OX.","O","3","-1",".XOOXXO.."
".XO.XXO..","..OXX.OX.","O","7","-1",".XO.XXOO."
".XO.XXO.O","..OXX.OXO","X","0","-1","XXO.XXO.O"
".XO.XXO.O","..OXX.OXO","X","3","1",".XOXXXO.O"
".XO.XXO.O","..OXX.OXO","X","7","1",".XO.XXOXO"
".XO.XXOO.","..OXXOOX.","X","0","-1","XXO.XXOO."
".XO.XXOO.","..OXXOOX.","X","8","1",".XO.XXOOX"
".XO.XXOO.","..OXXOOX.","X","3","1",".XOXXXOO."
".XO.XXOOX","..OXXOOXX","O","0","-1","OXO.XXOOX"
".XO.XXOOX","..OXXOOXX","O","3","-1",".XOOXXOOX"
".XO.XXXOO","..XXXOOXO","O","0","-1","OXO.XXXOO"
".XO.XXXOO","..XXXOOXO","O","3","0",".XOOXXXOO"
".XOO....X","..XO...XO","X","4","1",".XOOX...X"
".XOO....X","..XO...XO","X","0","-1","XXOO....X"
".XOO....X","..XO...XO","X","6","0",".XOO..X.X"
".XOO....X","..XO...XO","X","5","-1",".XOO.X..X"
".XOO....X","..XO...XO","X","7","1",".XOO...XX"
".XOO...X.","..OX.X.O.","X","4","1",".XOOX..X."
".XOO...X.","..OX.X.O.","X","0","-1","XXOO...X."
".XOO...X.","..OX.X.O.","X","6","1",".XOO..XX."
".XOO...X.","..OX.X.O.","X","8","1",".XOO...XX"
".XOO...X.","..OX.X.O.","X","5","0",".XOO.X.X."
".XOO...XX",".O.X.XO.X","O","4","-1",".XOOO..XX"
".XOO...XX",".O.X.XO.X","O","0","-1","OXOO...XX"
".XOO...XX",".O.X.XO.X","O","6","-1",".XOO..OXX"
".XOO...XX",".O.X.XO.X","O","5","-1",".XOO.O.XX"
".XOO..OXX",".OOX.XO.X","X","4","1",".XOOX.OXX"
".XOO..OXX",".OOX.XO.X","X","0","-1","XXOO..OXX"
".XOO..OXX",".OOX.XO.X","X","5","-1",".XOO.XOXX"
".XOO..X..","..O..XXO.","X","4","0",".XOOX.X.."
".XOO..X..","..O..XXO.","X","0","-1","XXOO..X.."
".XOO..X..","..O..XXO.","X","8","0",".XOO..X.X"
".XOO..X..","..O..XXO.","X","5","0",".XOO.XX.."
".XOO..X..","..O..XXO.","X","7","1",".XOO..XX."
".XOO..X.X",".OXX..O.X","O","4","-1",".XOOO.X.X"
".XOO..X.X",".OXX..O.X","O","0","-1","OXOO..X.X"
".XOO..X.X",".OXX..O.X","O","5","-1",".XOO.OX.X"
".XOO..X.X",".OXX..O.X","O","7","0",".XOO..XOX"
".XOO..XOX",".OXX.OO.X","X","4","0",".XOOX.XOX"
".XOO..XOX",".OXX.OO.X","X","0","0","XXOO..XOX"
".XOO..XOX",".OXX.OO.X","X","5","0",".XOO.XXOX"
".XOO..XX.","..OX.XXO.","O","4","-1",".XOOO.XX."
".XOO..XX.","..OX.XXO.","O","0","-1","OXOO..XX."
".XOO..XX.","..OX.XXO.","O","8","-1",".XOO..XXO"
".XOO..XX.","..OX.XXO.","O","5","-1",".XOO.OXX."
".XOO..XXO",".OXX.XO.O","X","4","1",".XOOX.XXO"
".XOO..XXO",".OXX.XO.O","X","0","-1","XXOO..XXO"
".XOO..XXO",".OXX.XO.O","X","5","0",".XOO.XXXO"
".XOO.O.XX",".O.X.XOOX","X","4","1",".XOOXO.XX"
".XOO.O.XX",".O.X.XOOX","X","0","-1","XXOO.O.XX"
".XOO.O.XX",".O.X.XOOX","X","6","1",".XOO.OXXX"
".XOO.OX.X",".OXX..OOX","X","4","1",".XOOXOX.X"
".XOO.OX.X",".OXX..OOX","X","0","-1","XXOO.OX.X"
".XOO.OX.X",".OXX..OOX","X","7","1",".XOO.OXXX"
".XOO.OXX.",".OOX.XXO.","X","4","1",".XOOXOXX."
".XOO.OXX.",".OOX.XXO.","X","0","-1","XXOO.OXX."
".XOO.OXX.",".OOX.XXO.","X","8","1",".XOO.OXXX"
".XOO.X...","...O.X.XO","X","4","0",".XOOXX..."
".XOO.X...","...O.X.XO","X","0","0","XXOO.X..."
".XOO.X...","...O.X.XO","X","6","0",".XOO.XX.."
".XOO.X...","...O.X.XO","X","8","-1",".XOO.X..X"
".XOO.X...","...O.X.XO","X","7","0",".XOO.X.X."
".XOO.X..X","..XO.X.XO","O","4","0",".XOOOX..X"
".XOO.X..X","..XO.X.XO","O","0","0","OXOO.X..X"
".XOO.X..X","..XO.X.XO","O","6","1",".XOO.XO.X"
".XOO.X..X","..XO.X.XO","O","7","0",".XOO.X.OX"
".XOO.X.OX",".O.O.XXXO","X","4","0",".XOOXX.OX"
".XOO.X.OX",".O.O.XXXO","X","0","0","XXOO.X.OX"
".XOO.X.OX",".O.O.XXXO","X","6","0",".XOO.XXOX"
".XOO.X.X.",".O.X.X.XO","O","4","0",".XOOOX.X."
".XOO.X.X.",".O.X.X.XO","O","0","-1","OXOO.X.X."
".XOO.X.X.",".O.X.X.XO","O","6","-1",".XOO.XOX."
".XOO.X.X.",".O.X.X.XO","O","8","-1",".XOO.X.XO"
".XOO.X.XO",".O.X.XOXO","X","4","1",".XOOXX.XO"
".XOO.X.XO",".O.X.XOXO","X","0","0","XXOO.X.XO"
".XOO.X.XO",".O.X.XOXO","X","6","0",".XOO.XXXO"
".XOO.XO.X",".OOX..OXX","X","4","-1",".XOOXXO.X"
".XOO.XO.X",".OOX..OXX","X","0","-1","XXOO.XO.X"
".XOO.XO.X",".OOX..OXX","X","7","-1",".XOO.XOXX"
".XOO.XOX.",".OOX.XOX.","X","4","1",".XOOXXOX."
".XOO.XOX.",".OOX.XOX.","X","0","-1","XXOO.XOX."
".XOO.XOX.",".OOX.XOX.","X","8","-1",".XOO.XOXX"
".XOO.XOXX",".OOX.XOXX","O","4","1",".XOOOXOXX"
".XOO.XOXX",".OOX.XOXX","O","0","1","OXOO.XOXX"
".XOO.XX..","..XX.OOX.","O","4","0",".XOOOXX.."
".XOO.XX..","..XX.OOX.","O","0","-1","OXOO.XX.."
".XOO.XX..","..XX.OOX.","O","8","0",".XOO.XX.O"
".XOO.XX..","..XX.OOX.","O","7","0",".XOO.XXO."
".XOO.XX.O",".OXX..OXO","X","4","0",".XOOXXX.O"
".XOO.XX.O",".OXX..OXO","X","0","0","XXOO.XX.O"
".XOO.XX.O",".OXX..OXO","X","7","0",".XOO.XXXO"
".XOO.XXO.",".OXX.OOX.","X","4","0",".XOOXXXO."
".XOO.XXO.",".OXX.OOX.","X","0","0","XXOO.XXO."
".XOO.XXO.",".OXX.OOX.","X","8","0",".XOO.XXOX"
".XOO.XXOX",".OXX.OOXX","O","4","0",".XOOOXXOX"
".XOO.XXOX",".OXX.OOXX","O","0","0","OXOO.XXOX"
".XOO.XXXO",".OXX.XOXO","O","4","0",".XOOOXXXO"
".XOO.XXXO",".OXX.XOXO","O","0","-1","OXOO.XXXO"
".XOOO..XX",".O.XOXO.X","X","0","-1","XXOOO..XX"
".XOOO..XX",".O.XOXO.X","X","6","1",".XOOO.XXX"
".XOOO..XX",".O.XOXO.X","X","5","-1",".XOOOX.XX"
".XOOO.X.X",".OXXO.O.X","X","0","-1","XXOOO.X.X"
".XOOO.X.X",".OXXO.O.X","X","5","0",".XOOOXX.X"
".XOOO.X.X",".OXXO.O.X","X","7","1",".XOOO.XXX"
".XOOO.XX.","..OXOXXO.","X","0","-1","XXOOO.XX."
".XOOO.XX.","..OXOXXO.","X","8","1",".XOOO.XXX"
".XOOO.XX.","..OXOXXO.","X","5","0",".XOOOXXX."
".XOOOX..X","..XOOX.XO","X","0","-1","XXOOOX..X"
".XOOOX..X","..XOOX.XO","X","6","0",".XOOOXX.X"
".XOOOX..X","..XOOX.XO","X","7","-1",".XOOOX.XX"
".XOOOX.X.",".O.XOX.XO","X","0","-1","XXOOOX.X."
".XOOOX.X.",".O.XOX.XO","X","6","0",".XOOOXXX."
".XOOOX.X.",".O.XOX.XO","X","8","-1",".XOOOX.XX"
".XOOOX.XX",".O.XOXOXX","O","0","-1","OXOOOX.XX"
".XOOOX.XX",".O.XOXOXX","O","6","1",".XOOOXOXX"
".XOOOXX..","..XXOOOX.","X","0","0","XXOOOXX.."
".XOOOXX..","..XXOOOX.","X","8","0",".XOOOXX.X"
".XOOOXX..","..XXOOOX.","X","7","0",".XOOOXXX."
".XOOOXX.X",".OXXO.OXX","O","0","-1","OXOOOXX.X"
".XOOOXX.X",".OXXO.OXX","O","7","0",".XOOOXXOX"
".XOOOXXOX",".OXXOOOXX","X","0","0","XXOOOXXOX"
".XOOOXXX.",".OXXOXOX.","O","0","-1","OXOOOXXX."
".XOOOXXX.",".OXXOXOX.","O","8","0",".XOOOXXXO"
".XOOOXXXO",".OXXOXOXO","X","0","0","XXOOOXXXO"
".XOOX....","....XOOX.","X","0","1","XXOOX...."
".XOOX....","....XOOX.","X","6","0",".XOOX.X.."
".XOOX....","....XOOX.","X","8","1",".XOOX...X"
".XOOX....","....XOOX.","X","5","0",".XOOXX..."
".XOOX....","....XOOX.","X","7","1",".XOOX..X."
".XOOX...X","..XOX..XO","O","0","-1","OXOOX...X"
".XOOX...X","..XOX..XO","O","6","-1",".XOOX.O.X"
".XOOX...X","..XOX..XO","O","5","-1",".XOOXO..X"
".XOOX...X","..XOX..XO","O","7","-1",".XOOX..OX"
".XOOX..OX",".O.OXXX.O","X","0","1","XXOOX..OX"
".XOOX..OX",".O.OXXX.O","X","6","0",".XOOX.XOX"
".XOOX..OX",".O.OXXX.O","X","5","0",".XOOXX.OX"
".XOOX.O.X",".OOXX.O.X","X","0","1","XXOOX.O.X"
".XOOX.O.X",".OOXX.O.X","X","5","-1",".XOOXXO.X"
".XOOX.O.X",".OOXX.O.X","X","7","1",".XOOX.OXX"
".XOOX.X..","..O.XXXO.","O","0","-1","OXOOX.X.."
".XOOX.X..","..O.XXXO.","O","8","-1",".XOOX.X.O"
".XOOX.X..","..O.XXXO.","O","5","-1",".XOOXOX.."
".XOOX.X..","..O.XXXO.","O","7","0",".XOOX.XO."
".XOOX.X.O",".OXXX.O.O","X","0","-1","XXOOX.X.O"
".XOOX.X.O",".OXXX.O.O","X","5","0",".XOOXXX.O"
".XOOX.X.O",".OXXX.O.O","X","7","1",".XOOX.XXO"
".XOOX.XO.","..OOXXXO.","X","0","0","XXOOX.XO."
".XOOX.XO.","..OOXXXO.","X","8","0",".XOOX.XOX"
".XOOX.XO.","..OOXXXO.","X","5","0",".XOOXXXO."
".XOOX.XOX",".OXXXOO.X","O","0","0","OXOOX.XOX"
".XOOX.XOX",".OXXXOO.X","O","5","-1",".XOOXOXOX"
".XOOXO..X","..XOXO.XO","X","0","1","XXOOXO..X"
".XOOXO..X","..XOXO.XO","X","6","1",".XOOXOX.X"
".XOOXO..X","..XOXO.XO","X","7","1",".XOOXO.XX"
".XOOXOX..","..XOXOOX.","X","0","-1","XXOOXOX.."
".XOOXOX..","..XOXOOX.","X","8","1",".XOOXOX.X"
".XOOXOX..","..XOXOOX.","X","7","1",".XOOXOXX."
".XOOXOX.X",".OXXX.OOX","O","0","-1","OXOOXOX.X"
".XOOXOX.X",".OXXX.OOX","O","7","-1",".XOOXOXOX"
".XOOXOXOX",".OXXXOOOX","X","0","1","XXOOXOXOX"
".XOOXX...","...OXX.XO","O","0","-1","OXOOXX..."
".XOOXX...","...OXX.XO","O","6","-1",".XOOXXO.."
".XOOXX...","...OXX.XO","O","8","-1",".XOOXX..O"
".XOOXX...","...OXX.XO","O","7","0",".XOOXX.O."
".XOOXX..O","..OOXX.XO","X","0","0","XXOOXX..O"
".XOOXX..O","..OOXX.XO","X","6","0",".XOOXXX.O"
".XOOXX..O","..OOXX.XO","X","7","1",".XOOXX.XO"
".XOOXX.O.",".O.OXX.XO","X","0","0","XXOOXX.O."
".XOOXX.O.",".O.OXX.XO","X","6","0",".XOOXXXO."
".XOOXX.O.",".O.OXX.XO","X","8","0",".XOOXX.OX"
".XOOXX.OX",".O.OXXXXO","O","0","0","OXOOXX.OX"
".XOOXX.OX",".O.OXXXXO","O","6","-1",".XOOXXOOX"
".XOOXXO..","..OXXOOX.","X","0","1","XXOOXXO.."
".XOOXXO..","..OXXOOX.","X","8","-1",".XOOXXO.X"
".XOOXXO..","..OXXOOX.","X","7","1",".XOOXXOX."
".XOOXXO.X",".OOXX.OXX","O","0","1","OXOOXXO.X"
".XOOXXO.X",".OOXX.OXX","O","7","-1",".XOOXXOOX"
".XOOXXOOX",".OOXXOOXX","X","0","1","XXOOXXOOX"
".XOOXXX.O",".OXXX.OXO","O","0","-1","OXOOXXX.O"
".XOOXXX.O",".OXXX.OXO","O","7","0",".XOOXXXOO"
".XOOXXXO.",".OXXXOOX.","O","0","0","OXOOXXXO."
".XOOXXXO.",".OXXXOOX.","O","8","0",".XOOXXXOO"
".XOOXXXOO",".OXXXOOXO","X","0","0","XXOOXXXOO"
".XOX.....",".....XOX.","O","4","0",".XOXO...."
".XOX.....",".....XOX.","O","0","-1","OXOX....."
".XOX.....",".....XOX.","O","6","-1",".XOX..O.."
".XOX.....",".....XOX.","O","8","1",".XOX....O"
".XOX.....",".....XOX.","O","5","-1",".XOX.O..."
".XOX.....",".....XOX.","O","7","0",".XOX...O."
".XOX....O","..OX...XO","X","4","-1",".XOXX...O"
".XOX....O","..OX...XO","X","0","-1","XXOX....O"
".XOX....O","..OX...XO","X","6","-1",".XOX..X.O"
".XOX....O","..OX...XO","X","5","-1",".XOX.X..O"
".XOX....O","..OX...XO","X","7","-1",".XOX...XO"
".XOX...O.","..OO.X.X.","X","4","0",".XOXX..O."
".XOX...O.","..OO.X.X.","X","0","-1","XXOX...O."
".XOX...O.","..OO.X.X.","X","6","0",".XOX..XO."
".XOX...O.","..OO.X.X.","X","8","0",".XOX...OX"
".XOX...O.","..OO.X.X.","X","5","0",".XOX.X.O."
".XOX...OX",".OXX...XO","O","4","0",".XOXO..OX"
".XOX...OX",".OXX...XO","O","0","0","OXOX...OX"
".XOX...OX",".OXX...XO","O","6","-1",".XOX..OOX"
".XOX...OX",".OXX...XO","O","5","-1",".XOX.O.OX"
".XOX...XO",".X.X.XO.O","O","4","1",".XOXO..XO"
".XOX...XO",".X.X.XO.O","O","0","-1","OXOX...XO"
".XOX...XO",".X.X.XO.O","O","6","-1",".XOX..OXO"
".XOX...XO",".X.X.XO.O","O","5","1",".XOX.O.XO"
".XOX..O..","..O..XOX.","X","4","1",".XOXX.O.."
".XOX..O..","..O..XOX.","X","0","-1","XXOX..O.."
".XOX..O..","..O..XOX.","X","8","-1",".XOX..O.X"
".XOX..O..","..O..XOX.","X","5","-1",".XOX.XO.."
".XOX..O..","..O..XOX.","X","7","-1",".XOX..OX."
".XOX..O.X",".XOX..O.X","O","4","1",".XOXO.O.X"
".XOX..O.X",".XOX..O.X","O","0","-1","OXOX..O.X"
".XOX..O.X",".XOX..O.X","O","5","-1",".XOX.OO.X"
".XOX..O.X",".XOX..O.X","O","7","-1",".XOX..OOX"
".XOX..OOX",".XOX..OOX","X","4","1",".XOXX.OOX"
".XOX..OOX",".XOX..OOX","X","0","-1","XXOX..OOX"
".XOX..OOX",".XOX..OOX","X","5","-1",".XOX.XOOX"
".XOX..OX.","..OX.XOX.","O","4","1",".XOXO.OX."
".XOX..OX.","..OX.XOX.","O","0","-1","OXOX..OX."
".XOX..OX.","..OX.XOX.","O","8","-1",".XOX..OXO"
".XOX..OX.","..OX.XOX.","O","5","-1",".XOX.OOX."
".XOX..OXO",".XOX..OXO","X","4","1",".XOXX.OXO"
".XOX..OXO",".XOX..OXO","X","0","-1","XXOX..OXO"
".XOX..OXO",".XOX..OXO","X","5","-1",".XOX.XOXO"
".XOX..X.O",".XOX..X.O","O","4","-1",".XOXO.X.O"
".XOX..X.O",".XOX..X.O","O","0","1","OXOX..X.O"
".XOX..X.O",".XOX..X.O","O","5","1",".XOX.OX.O"
".XOX..X.O",".XOX..X.O","O","7","-1",".XOX..XOO"
".XOX..XO.","..OO.XXX.","O","4","-1",".XOXO.XO."
".XOX..XO.","..OO.XXX.","O","0","0","OXOX..XO."
".XOX..XO.","..OO.XXX.","O","8","-1",".XOX..XOO"
".XOX..XO.","..OO.XXX.","O","5","-1",".XOX.OXO."
".XOX..XOO",".XOX..XOO","X","4","-1",".XOXX.XOO"
".XOX..XOO",".XOX..XOO","X","0","1","XXOX..XOO"
".XOX..XOO",".XOX..XOO","X","5","1",".XOX.XXOO"
".XOX.O...","...O.XOX.","X","4","-1",".XOXXO..."
".XOX.O...","...O.XOX.","X","0","-1","XXOX.O..."
".XOX.O...","...O.XOX.","X","6","-1",".XOX.OX.."
".XOX.O...","...O.XOX.","X","8","1",".XOX.O..X"
".XOX.O...","...O.XOX.","X","7","-1",".XOX.O.X."
".XOX.O..X","..XX.O.XO","O","4","-1",".XOXOO..X"
".XOX.O..X","..XX.O.XO","O","0","-1","OXOX.O..X"
".XOX.O..X","..XX.O.XO","O","6","-1",".XOX.OO.X"
".XOX.O..X","..XX.O.XO","O","7","-1",".XOX.O.OX"
".XOX.O.OX",".OXX.O.XO","X","4","0",".XOXXO.OX"
".XOX.O.OX",".OXX.O.XO","X","0","1","XXOX.O.OX"
".XOX.O.OX",".OXX.O.XO","X","6","0",".XOX.OXOX"
".XOX.O.X.",".OOX.X.X.","O","4","1",".XOXOO.X."
".XOX.O.X.",".OOX.X.X.","O","0","-1","OXOX.O.X."
".XOX.O.X.",".OOX.X.X.","O","6","-1",".XOX.OOX."
".XOX.O.X.",".OOX.X.X.","O","8","1",".XOX.O.XO"
".XOX.OO.X",".XOX..OOX","X","4","1",".XOXXOO.X"
".XOX.OO.X",".XOX..OOX","X","0","-1","XXOX.OO.X"
".XOX.OO.X",".XOX..OOX","X","7","-1",".XOX.OOXX"
".XOX.OOX.",".OOX.XOX.","X","4","1",".XOXXOOX."
".XOX.OOX.",".OOX.XOX.","X","0","-1","XXOX.OOX."
".XOX.OOX.",".OOX.XOX.","X","8","-1",".XOX.OOXX"
".XOX.OOXX",".XOX.OOXX","O","4","1",".XOXOOOXX"
".XOX.OOXX",".XOX.OOXX","O","0","-1","OXOX.OOXX"
".XOX.OX..","..XO.XOX.","O","4","-1",".XOXOOX.."
".XOX.OX..","..XO.XOX.","O","0","0","OXOX.OX.."
".XOX.OX..","..XO.XOX.","O","8","1",".XOX.OX.O"
".XOX.OX..","..XO.XOX.","O","7","-1",".XOX.OXO."
".XOX.OXO.",".OOO.XXX.","X","4","-1",".XOXXOXO."
".XOX.OXO.",".OOO.XXX.","X","0","1","XXOX.OXO."
".XOX.OXO.",".OOO.XXX.","X","8","0",".XOX.OXOX"
".XOX.OXOX",".XOX.OXOX","O","4","-1",".XOXOOXOX"
".XOX.OXOX",".XOX.OXOX","O","0","0","OXOX.OXOX"
".XOX.X..O","..OX.X.XO","O","4","1",".XOXOX..O"
".XOX.X..O","..OX.X.XO","O","0","-1","OXOX.X..O"
".XOX.X..O","..OX.X.XO","O","6","-1",".XOX.XO.O"
".XOX.X..O","..OX.X.XO","O","7","-1",".XOX.X.OO"
".XOX.X.O.",".O.X.X.XO","O","4","0",".XOXOX.O."
".XOX.X.O.",".O.X.X.XO","O","0","-1","OXOX.X.O."
".XOX.X.O.",".O.X.X.XO","O","6","-1",".XOX.XOO."
".XOX.X.O.",".O.X.X.XO","O","8","-1",".XOX.X.OO"
".XOX.X.OO",".OOX.X.XO","X","4","1",".XOXXX.OO"
".XOX.X.OO",".OOX.X.XO","X","0","-1","XXOX.X.OO"
".XOX.X.OO",".OOX.X.XO","X","6","1",".XOX.XXOO"
".XOX.XO..","..OX.XOX.","O","4","1",".XOXOXO.."
".XOX.XO..","..OX.XOX.","O","0","-1","OXOX.XO.."
".XOX.XO..","..OX.XOX.","O","8","-1",".XOX.XO.O"
".XOX.XO..","..OX.XOX.","O","7","-1",".XOX.XOO."
".XOX.XO.O",".XOX..OXO","X","4","1",".XOXXXO.O"
".XOX.XO.O",".XOX..OXO","X","0","-1","XXOX.XO.O"
".XOX.XO.O",".XOX..OXO","X","7","-1",".XOX.XOXO"
".XOX.XOO.",".OOX.XOX.","X","4","1",".XOXXXOO."
".XOX.XOO.",".OOX.XOX.","X","0","-1","XXOX.XOO."
".XOX.XOO.",".OOX.XOX.","X","8","-1",".XOX.XOOX"
".XOX.XOOX",".XOX.OOXX","O","4","1",".XOXOXOOX"
".XOX.XOOX",".XOX.OOXX","O","0","-1","OXOX.XOOX"
".XOX.XOXO",".XOX.XOXO","O","4","1",".XOXOXOXO"
".XOX.XOXO",".XOX.XOXO","O","0","-1","OXOX.XOXO"
".XOX.XXOO",".XOX.XXOO","O","4","-1",".XOXOXXOO"
".XOX.XXOO",".XOX.XXOO","O","0","-1","OXOX.XXOO"
".XOXO....","....OXOX.","X","0","-1","XXOXO...."
".XOXO....","....OXOX.","X","6","0",".XOXO.X.."
".XOXO....","....OXOX.","X","8","-1",".XOXO...X"
".XOXO....","....OXOX.","X","5","-1",".XOXOX..."
".XOXO....","....OXOX.","X","7","-1",".XOXO..X."
".XOXO...X","..XXO..XO","O","0","0","OXOXO...X"
".XOXO...X","..XXO..XO","O","6","1",".XOXO.O.X"
".XOXO...X","..XXO..XO","O","5","-1",".XOXOO..X"
".XOXO...X","..XXO..XO","O","7","0",".XOXO..OX"
".XOXO..OX",".OXXO..XO","X","0","-1","XXOXO..OX"
".XOXO..OX",".OXXO..XO","X","6","0",".XOXO.XOX"
".XOXO..OX",".OXXO..XO","X","5","-1",".XOXOX.OX"
".XOXO..X.","..OXOX.X.","O","0","1","OXOXO..X."
".XOXO..X.","..OXOX.X.","O","6","1",".XOXO.OX."
".XOXO..X.","..OXOX.X.","O","8","1",".XOXO..XO"
".XOXO..X.","..OXOX.X.","O","5","1",".XOXOO.X."
".XOXO..XO",".X.XOXO.O","X","0","-1","XXOXO..XO"
".XOXO..XO",".X.XOXO.O","X","6","-1",".XOXO.XXO"
".XOXO..XO",".X.XOXO.O","X","5","-1",".XOXOX.XO"
".XOXO.X..","..O.OXXX.","O","0","0","OXOXO.X.."
".XOXO.X..","..O.OXXX.","O","8","-1",".XOXO.X.O"
".XOXO.X..","..O.OXXX.","O","5","-1",".XOXOOX.."
".XOXO.X..","..O.OXXX.","O","7","-1",".XOXO.XO."
".XOXO.X.O",".XOXO.X.O","X","0","1","XXOXO.X.O"
".XOXO.X.O",".XOXO.X.O","X","5","-1",".XOXOXX.O"
".XOXO.X.O",".XOXO.X.O","X","7","-1",".XOXO.XXO"
".XOXO.XO.","..OOOXXX.","X","0","1","XXOXO.XO."
".XOXO.XO.","..OOOXXX.","X","8","0",".XOXO.XOX"
".XOXO.XO.","..OOOXXX.","X","5","0",".XOXOXXO."
".XOXO.XOX",".XOXO.XOX","O","0","0","OXOXO.XOX"
".XOXO.XOX",".XOXO.XOX","O","5","-1",".XOXOOXOX"
".XOXO.XXO",".XOXO.XXO","O","0","1","OXOXO.XXO"
".XOXO.XXO",".XOXO.XXO","O","5","1",".XOXOOXXO"
".XOXOO..X","..XXOO.XO","X","0","-1","XXOXOO..X"
".XOXOO..X","..XXOO.XO","X","6","1",".XOXOOX.X"
".XOXOO..X","..XXOO.XO","X","7","-1",".XOXOO.XX"
".XOXOO.X.",".OOXOX.X.","X","0","-1","XXOXOO.X."
".XOXOO.X.",".OOXOX.X.","X","6","-1",".XOXOOXX."
".XOXOO.X.",".OOXOX.X.","X","8","-1",".XOXOO.XX"
".XOXOO.XX",".X.XOXOOX","O","0","-1","OXOXOO.XX"
".XOXOO.XX",".X.XOXOOX","O","6","1",".XOXOOOXX"
".XOXOOX..","..XOOXOX.","X","0","1","XXOXOOX.."
".XOXOOX..","..XOOXOX.","X","8","1",".XOXOOX.X"
".XOXOOX..","..XOOXOX.","X","7","-1",".XOXOOXX."
".XOXOOX.X",".XOXOOX.X","O","0","-1","OXOXOOX.X"
".XOXOOX.X",".XOXOOX.X","O","7","-1",".XOXOOXOX"
".XOXOOXOX",".XOXOOXOX","X","0","1","XXOXOOXOX"
".XOXOOXX.",".OOXOXXX.","O","0","-1","OXOXOOXX."
".XOXOOXX.",".OOXOXXX.","O","8","1",".XOXOOXXO"
".XOXOX...","...XOX.XO","O","0","1","OXOXOX..."
".XOXOX...","...XOX.XO","O","6","1",".XOXOXO.."
".XOXOX...","...XOX.XO","O","8","1",".XOXOX..O"
".XOXOX...","...XOX.XO","O","7","0",".XOXOX.O."
".XOXOX..O","..OXOX.XO","X","0","-1","XXOXOX..O"
".XOXOX..O","..OXOX.XO","X","6","-1",".XOXOXX.O"
".XOXOX..O","..OXOX.XO","X","7","-1",".XOXOX.XO"
".XOXOX.O.",".O.XOX.XO","X","0","-1","XXOXOX.O."
".XOXOX.O.",".O.XOX.XO","X","6","0",".XOXOXXO."
".XOXOX.O.",".O.XOX.XO","X","8","-1",".XOXOX.OX"
".XOXOX.OX",".OXXOX.XO","O","0","0","OXOXOX.OX"
".XOXOX.OX",".OXXOX.XO","O","6","1",".XOXOXOOX"
".XOXOX.XO",".X.XOXOXO","O","0","1","OXOXOX.XO"
".XOXOX.XO",".X.XOXOXO","O","6","1",".XOXOXOXO"
".XOXOXX.O",".XOXOXX.O","O","0","1","OXOXOXX.O"
".XOXOXX.O",".XOXOXX.O","O","7","-1",".XOXOXXOO"
".XOXOXXO.",".OXXOXOX.","O","0","0","OXOXOXXO."
".XOXOXXO.",".OXXOXOX.","O","8","-1",".XOXOXXOO"
".XOXOXXOO",".XOXOXXOO","X","0","1","XXOXOXXOO"
".XOXX...O","..OXX..XO","O","0","-1","OXOXX...O"
".XOXX...O","..OXX..XO","O","6","-1",".XOXX.O.O"
".XOXX...O","..OXX..XO","O","5","1",".XOXXO..O"
".XOXX...O","..OXX..XO","O","7","-1",".XOXX..OO"
".XOXX..O.","..OOXX.X.","O","0","-1","OXOXX..O."
".XOXX..O.","..OOXX.X.","O","6","-1",".XOXX.OO."
".XOXX..O.","..OOXX.X.","O","8","-1",".XOXX..OO"
".XOXX..O.","..OOXX.X.","O","5","0",".XOXXO.O."
".XOXX..OO",".OOXX..XO","X","0","-1","XXOXX..OO"
".XOXX..OO",".OOXX..XO","X","6","-1",".XOXX.XOO"
".XOXX..OO",".OOXX..XO","X","5","1",".XOXXX.OO"
".XOXX.O..","..O.XXOX.","O","0","-1","OXOXX.O.."
".XOXX.O..","..O.XXOX.","O","8","-1",".XOXX.O.O"
".XOXX.O..","..O.XXOX.","O","5","-1",".XOXXOO.."
".XOXX.O..","..O.XXOX.","O","7","-1",".XOXX.OO."
".XOXX.O.O",".XOXX.O.O","X","0","-1","XXOXX.O.O"
".XOXX.O.O",".XOXX.O.O","X","5","1",".XOXXXO.O"
".XOXX.O.O",".XOXX.O.O","X","7","1",".XOXX.OXO"
".XOXX.OO.","..OOXXOX.","X","0","-1","XXOXX.OO."
".XOXX.OO.","..OOXXOX.","X","8","1",".XOXX.OOX"
".XOXX.OO.","..OOXXOX.","X","5","1",".XOXXXOO."
".XOXX.OOX",".XOXX.OOX","O","0","-1","OXOXX.OOX"
".XOXX.OOX",".XOXX.OOX","O","5","-1",".XOXXOOOX"
".XOXX.XOO",".XOXX.XOO","O","0","-1","OXOXX.XOO"
".XOXX.XOO",".XOXX.XOO","O","5","1",".XOXXOXOO"
".XOXXO...","...OXXOX.","O","0","-1","OXOXXO..."
".XOXXO...","...OXXOX.","O","6","-1",".XOXXOO.."
".XOXXO...","...OXXOX.","O","8","1",".XOXXO..O"
".XOXXO...","...OXXOX.","O","7","0",".XOXXO.O."
".XOXXO.O.",".O.OXXOX.","X","0","-1","XXOXXO.O."
".XOXXO.O.",".O.OXXOX.","X","6","-1",".XOXXOXO."
".XOXXO.O.",".O.OXXOX.","X","8","0",".XOXXO.OX"
".XOXXO.OX",".OXXXO.XO","O","0","0","OXOXXO.OX"
".XOXXO.OX",".OXXXO.XO","O","6","-1",".XOXXOOOX"
".XOXXOO..","..OOXXOX.","X","0","-1","XXOXXOO.."
".XOXXOO..","..OOXXOX.","X","8","1",".XOXXOO.X"
".XOXXOO..","..OOXXOX.","X","7","1",".XOXXOOX."
".XOXXOO.X",".XOXX.OOX","O","0","-1","OXOXXOO.X"
".XOXXOO.X",".XOXX.OOX","O","7","-1",".XOXXOOOX"
".XOXXOOOX",".XOXXOOOX","X","0","1","XXOXXOOOX"
".XOXXOXO.",".OOOXXXX.","O","0","0","OXOXXOXO."
".XOXXOXO.",".OOOXXXX.","O","8","1",".XOXXOXOO"
".XX.....O",".....XO.X","O","4","-1",".XX.O...O"
".XX.....O",".....XO.X","O","0","-1","OXX.....O"
".XX.....O",".....XO.X","O","6","-1",".XX...O.O"
".XX.....O",".....XO.X","O","3","-1",".XXO....O"
".XX.....O",".....XO.X","O","5","-1",".XX..O..O"
".XX.....O",".....XO.X","O","7","-1",".XX....OO"
".XX....O.","...O.X..X","O","4","-1",".XX.O..O."
".XX....O.","...O.X..X","O","0","0","OXX....O."
".XX....O.","...O.X..X","O","6","-1",".XX...OO."
".XX....O.","...O.X..X","O","8","-1",".XX....OO"
".XX....O.","...O.X..X","O","3","-1",".XXO...O."
".XX....O.","...O.X..X","O","5","-1",".XX..O.O."
".XX....OO","...O.XO.X","X","4","-1",".XX.X..OO"
".XX....OO","...O.XO.X","X","0","1","XXX....OO"
".XX....OO","...O.XO.X","X","6","1",".XX...XOO"
".XX....OO","...O.XO.X","X","3","-1",".XXX...OO"
".XX....OO","...O.XO.X","X","5","-1",".XX..X.OO"
".XX...O..","..O...XX.","O","4","-1",".XX.O.O.."
".XX...O..","..O...XX.","O","0","1","OXX...O.."
".XX...O..","..O...XX.","O","8","-1",".XX...O.O"
".XX...O..","..O...XX.","O","3","-1",".XXO..O.."
".XX...O..","..O...XX.","O","5","-1",".XX..OO.."
".XX...O..","..O...XX.","O","7","-1",".XX...OO."
".XX...O.O","..OX..X.O","X","4","-1",".XX.X.O.O"
".XX...O.O","..OX..X.O","X","0","1","XXX...O.O"
".XX...O.O","..OX..X.O","X","3","-1",".XXX..O.O"
".XX...O.O","..OX..X.O","X","5","-1",".XX..XO.O"
".XX...O.O","..OX..X.O","X","7","1",".XX...OXO"
".XX...OO.","..OX.OX..","X","4","-1",".XX.X.OO."
".XX...OO.","..OX.OX..","X","0","1","XXX...OO."
".XX...OO.","..OX.OX..","X","8","1",".XX...OOX"
".XX...OO.","..OX.OX..","X","3","-1",".XXX..OO."
".XX...OO.","..OX.OX..","X","5","-1",".XX..XOO."
".XX...OOX","..OX.OX.X","O","4","-1",".XX.O.OOX"
".XX...OOX","..OX.OX.X","O","0","-1","OXX...OOX"
".XX...OOX","..OX.OX.X","O","3","-1",".XXO..OOX"
".XX...OOX","..OX.OX.X","O","5","-1",".XX..OOOX"
".XX...OXO","..OX.XX.O","O","4","-1",".XX.O.OXO"
".XX...OXO","..OX.XX.O","O","0","-1","OXX...OXO"
".XX...OXO","..OX.XX.O","O","3","-1",".XXO..OXO"
".XX...OXO","..OX.XX.O","O","5","-1",".XX..OOXO"
".XX...XOO","..XX.OX.O","O","4","-1",".XX.O.XOO"
".XX...XOO","..XX.OX.O","O","0","-1","OXX...XOO"
".XX...XOO","..XX.OX.O","O","3","-1",".XXO..XOO"
".XX...XOO","..XX.OX.O","O","5","-1",".XX..OXOO"
".XX..O...",".....O.XX","O","4","-1",".XX.OO..."
".XX..O...",".....O.XX","O","0","-1","OXX..O..."
".XX..O...",".....O.XX","O","6","-1",".XX..OO.."
".XX..O...",".....O.XX","O","8","-1",".XX..O..O"
".XX..O...",".....O.XX","O","3","-1",".XXO.O..."
".XX..O...",".....O.XX","O","7","-1",".XX..O.O."
".XX..O..O",".....XOOX","X","4","1",".XX.XO..O"
".XX..O..O",".....XOOX","X","0","1","XXX..O..O"
".XX..O..O",".....XOOX","X","6","1",".XX..OX.O"
".XX..O..O",".....XOOX","X","3","1",".XXX.O..O"
".XX..O..O",".....XOOX","X","7","1",".XX..O.XO"
".XX..O.O.","...O.X.OX","X","4","1",".XX.XO.O."
".XX..O.O.","...O.X.OX","X","0","1","XXX..O.O."
".XX..O.O.","...O.X.OX","X","6","1",".XX..OXO."
".XX..O.O.","...O.X.OX","X","8","0",".XX..O.OX"
".XX..O.O.","...O.X.OX","X","3","0",".XXX.O.O."
".XX..O.OX","...O.XXOX","O","4","-1",".XX.OO.OX"
".XX..O.OX","...O.XXOX","O","0","0","OXX..O.OX"
".XX..O.OX","...O.XXOX","O","6","-1",".XX..OOOX"
".XX..O.OX","...O.XXOX","O","3","-1",".XXO.O.OX"
".XX..O.XO","...X.XOOX","O","4","-1",".XX.OO.XO"
".XX..O.XO","...X.XOOX","O","0","-1","OXX..O.XO"
".XX..O.XO","...X.XOOX","O","6","-1",".XX..OOXO"
".XX..O.XO","...X.XOOX","O","3","-1",".XXO.O.XO"
".XX..OO..","..OO..XX.","X","4","1",".XX.XOO.."
".XX..OO..","..OO..XX.","X","0","1","XXX..OO.."
".XX..OO..","..OO..XX.","X","8","0",".XX..OO.X"
".XX..OO..","..OO..XX.","X","3","0",".XXX.OO.."
".XX..OO..","..OO..XX.","X","7","1",".XX..OOX."
".XX..OO.X","..OX..XOX","O","4","-1",".XX.OOO.X"
".XX..OO.X","..OX..XOX","O","0","0","OXX..OO.X"
".XX..OO.X","..OX..XOX","O","3","-1",".XXO.OO.X"
".XX..OO.X","..OX..XOX","O","7","-1",".XX..OOOX"
".XX..OOOX","..OX.OXOX","X","4","0",".XX.XOOOX"
".XX..OOOX","..OX.OXOX","X","0","1","XXX..OOOX"
".XX..OOOX","..OX.OXOX","X","3","0",".XXX.OOOX"
".XX..OOX.","..OX.XXO.","O","4","-1",".XX.OOOX."
".XX..OOX.","..OX.XXO.","O","0","-1","OXX..OOX."
".XX..OOX.","..OX.XXO.","O","8","-1",".XX..OOXO"
".XX..OOX.","..OX.XXO.","O","3","-1",".XXO.OOX."
".XX..OOXO","..OX.XXOO","X","4","1",".XX.XOOXO"
".XX..OOXO","..OX.XXOO","X","0","1","XXX..OOXO"
".XX..OOXO","..OX.XXOO","X","3","1",".XXX.OOXO"
".XX..OX.O","..XX..XOO","O","4","-1",".XX.OOX.O"
".XX..OX.O","..XX..XOO","O","0","-1","OXX..OX.O"
".XX..OX.O","..XX..XOO","O","3","-1",".XXO.OX.O"
".XX..OX.O","..XX..XOO","O","7","-1",".XX..OXOO"
".XX..OXO.","..XX.OXO.","O","4","-1",".XX.OOXO."
".XX..OXO.","..XX.OXO.","O","0","-1","OXX..OXO."
".XX..OXO.","..XX.OXO.","O","8","-1",".XX..OXOO"
".XX..OXO.","..XX.OXO.","O","3","-1",".XXO.OXO."
".XX..OXOO","..XX.OXOO","X","4","1",".XX.XOXOO"
".XX..OXOO","..XX.OXOO","X","0","1","XXX..OXOO"
".XX..OXOO","..XX.OXOO","X","3","1",".XXX.OXOO"
".XX..X.OO","...O.XOXX","O","4","-1",".XX.OX.OO"
".XX..X.OO","...O.XOXX","O","0","1","OXX..X.OO"
".XX..X.OO","...O.XOXX","O","6","1",".XX..XOOO"
".XX..X.OO","...O.XOXX","O","3","-1",".XXO.X.OO"
".XX..XO.O","..OX..XXO","O","4","-1",".XX.OXO.O"
".XX..XO.O","..OX..XXO","O","0","1","OXX..XO.O"
".XX..XO.O","..OX..XXO","O","3","-1",".XXO.XO.O"
".XX..XO.O","..OX..XXO","O","7","1",".XX..XOOO"
".XX..XOO.","..OX.OXX.","O","4","-1",".XX.OXOO."
".XX..XOO.","..OX.OXX.","O","0","-1","OXX..XOO."
".XX..XOO.","..OX.OXX.","O","8","1",".XX..XOOO"
".XX..XOO.","..OX.OXX.","O","3","-1",".XXO.XOO."
".XX.O....","....O..XX","O","0","0","OXX.O...."
".XX.O....","....O..XX","O","6","-1",".XX.O.O.."
".XX.O....","....O..XX","O","8","-1",".XX.O...O"
".XX.O....","....O..XX","O","3","-1",".XXOO...."
".XX.O....","....O..XX","O","5","-1",".XX.OO..."
".XX.O....","....O..XX","O","7","-1",".XX.O..O."
".XX.O...O","....OXO.X","X","0","1","XXX.O...O"
".XX.O...O","....OXO.X","X","6","-1",".XX.O.X.O"
".XX.O...O","....OXO.X","X","3","-1",".XXXO...O"
".XX.O...O","....OXO.X","X","5","-1",".XX.OX..O"
".XX.O...O","....OXO.X","X","7","-1",".XX.O..XO"
".XX.O..O.","...OOX..X","X","0","1","XXX.O..O."
".XX.O..O.","...OOX..X","X","6","0",".XX.O.XO."
".XX.O..O.","...OOX..X","X","8","1",".XX.O..OX"
".XX.O..O.","...OOX..X","X","3","0",".XXXO..O."
".XX.O..O.","...OOX..X","X","5","1",".XX.OX.O."
".XX.O..OX","...OOXX.X","O","0","-1","OXX.O..OX"
".XX.O..OX","...OOXX.X","O","6","-1",".XX.O.OOX"
".XX.O..OX","...OOXX.X","O","3","-1",".XXOO..OX"
".XX.O..OX","...OOXX.X","O","5","-1",".XX.OO.OX"
".XX.O..XO","...XOXO.X","O","0","1","OXX.O..XO"
".XX.O..XO","...XOXO.X","O","6","-1",".XX.O.OXO"
".XX.O..XO","...XOXO.X","O","3","-1",".XXOO..XO"
".XX.O..XO","...XOXO.X","O","5","-1",".XX.OO.XO"
".XX.O.O..","..O.O.XX.","X","0","1","XXX.O.O.."
".XX.O.O..","..O.O.XX.","X","8","1",".XX.O.O.X"
".XX.O.O..","..O.O.XX.","X","3","0",".XXXO.O.."
".XX.O.O..","..O.O.XX.","X","5","1",".XX.OXO.."
".XX.O.O..","..O.O.XX.","X","7","-1",".XX.O.OX."
".XX.O.O.X","..OXO.X.X","O","0","-1","OXX.O.O.X"
".XX.O.O.X","..OXO.X.X","O","3","-1",".XXOO.O.X"
".XX.O.O.X","..OXO.X.X","O","5","-1",".XX.OOO.X"
".XX.O.O.X","..OXO.X.X","O","7","-1",".XX.O.OOX"
".XX.O.OOX","..OXOOX.X","X","0","1","XXX.O.OOX"
".XX.O.OOX","..OXOOX.X","X","3","1",".XXXO.OOX"
".XX.O.OOX","..OXOOX.X","X","5","1",".XX.OXOOX"
".XX.O.OX.","..OXOXX..","O","0","1","OXX.O.OX."
".XX.O.OX.","..OXOXX..","O","8","-1",".XX.O.OXO"
".XX.O.OX.","..OXOXX..","O","3","-1",".XXOO.OX."
".XX.O.OX.","..OXOXX..","O","5","-1",".XX.OOOX."
".XX.O.OXO","..OXOXX.O","X","0","1","XXX.O.OXO"
".XX.O.OXO","..OXOXX.O","X","3","-1",".XXXO.OXO"
".XX.O.OXO","..OXOXX.O","X","5","-1",".XX.OXOXO"
".XX.O.X.O","..XXO.X.O","O","0","1","OXX.O.X.O"
".XX.O.X.O","..XXO.X.O","O","3","-1",".XXOO.X.O"
".XX.O.X.O","..XXO.X.O","O","5","-1",".XX.OOX.O"
".XX.O.X.O","..XXO.X.O","O","7","-1",".XX.O.XOO"
".XX.O.XO.","..XOOXX..","O","0","0","OXX.O.XO."
".XX.O.XO.","..XOOXX..","O","8","-1",".XX.O.XOO"
".XX.O.XO.","..XOOXX..","O","3","-1",".XXOO.XO."
".XX.O.XO.","..XOOXX..","O","5","-1",".XX.OOXO."
".XX.O.XOO","..XXOOX.O","X","0","1","XXX.O.XOO"
".XX.O.XOO","..XXOOX.O","X","3","-1",".XXXO.XOO"
".XX.O.XOO","..XXOOX.O","X","5","-1",".XX.OXXOO"
".XX.OO...","....OO.XX","X","0","1","XXX.OO..."
".XX.OO...","....OO.XX","X","6","-1",".XX.OOX.."
".XX.OO...","....OO.XX","X","8","-1",".XX.OO..X"
".XX.OO...","....OO.XX","X","3","0",".XXXOO..."
".XX.OO...","....OO.XX","X","7","-1",".XX.OO.X."
".XX.OO..X","....OXXOX","O","0","0","OXX.OO..X"
".XX.OO..X","....OXXOX","O","6","-1",".XX.OOO.X"
".XX.OO..X","....OXXOX","O","3","1",".XXOOO..X"
".XX.OO..X","....OXXOX","O","7","-1",".XX.OO.OX"
".XX.OO.OX","...OOXXOX","X","0","1","XXX.OO.OX"
".XX.OO.OX","...OOXXOX","X","6","-1",".XX.OOXOX"
".XX.OO.OX","...OOXXOX","X","3","0",".XXXOO.OX"
".XX.OO.X.","...XOX.OX","O","0","1","OXX.OO.X."
".XX.OO.X.","...XOX.OX","O","6","-1",".XX.OOOX."
".XX.OO.X.","...XOX.OX","O","8","-1",".XX.OO.XO"
".XX.OO.X.","...XOX.OX","O","3","1",".XXOOO.X."
".XX.OO.XO","...XOXOOX","X","0","1","XXX.OO.XO"
".XX.OO.XO","...XOXOOX","X","6","-1",".XX.OOXXO"
".XX.OO.XO","...XOXOOX","X","3","-1",".XXXOO.XO"
".XX.OOO.X","..OXO.XOX","X","0","1","XXX.OOO.X"
".XX.OOO.X","..OXO.XOX","X","3","0",".XXXOOO.X"
".XX.OOO.X","..OXO.XOX","X","7","-1",".XX.OOOXX"
".XX.OOOX.","..OXOXXO.","X","0","1","XXX.OOOX."
".XX.OOOX.","..OXOXXO.","X","8","-1",".XX.OOOXX"
".XX.OOOX.","..OXOXXO.","X","3","0",".XXXOOOX."
".XX.OOOXX","..OXOXXOX","O","0","0","OXX.OOOXX"
".XX.OOOXX","..OXOXXOX","O","3","1",".XXOOOOXX"
".XX.OOX..","..XOO.XX.","O","0","1","OXX.OOX.."
".XX.OOX..","..XOO.XX.","O","8","-1",".XX.OOX.O"
".XX.OOX..","..XOO.XX.","O","3","1",".XXOOOX.."
".XX.OOX..","..XOO.XX.","O","7","-1",".XX.OOXO."
".XX.OOX.O","..XXO.XOO","X","0","1","XXX.OOX.O"
".XX.OOX.O","..XXO.XOO","X","3","-1",".XXXOOX.O"
".XX.OOX.O","..XXO.XOO","X","7","-1",".XX.OOXXO"
".XX.OOXO.","..XXOOXO.","X","0","1","XXX.OOXO."
".XX.OOXO.","..XXOOXO.","X","8","-1",".XX.OOXOX"
".XX.OOXO.","..XXOOXO.","X","3","0",".XXXOOXO."
".XX.OOXOX","..XXOOXOX","O","0","0","OXX.OOXOX"
".XX.OOXOX","..XXOOXOX","O","3","1",".XXOOOXOX"
".XX.OOXXO","..XXOXXOO","O","0","1","OXX.OOXXO"
".XX.OOXXO","..XXOXXOO","O","3","1",".XXOOOXXO"
".XX.OX..O","....OXOXX","O","0","1","OXX.OX..O"
".XX.OX..O","....OXOXX","O","6","-1",".XX.OXO.O"
".XX.OX..O","....OXOXX","O","3","-1",".XXOOX..O"
".XX.OX..O","....OXOXX","O","7","-1",".XX.OX.OO"
".XX.OX.O.","...OOX.XX","O","0","-1","OXX.OX.O."
".XX.OX.O.","...OOX.XX","O","6","-1",".XX.OXOO."
".XX.OX.O.","...OOX.XX","O","8","-1",".XX.OX.OO"
".XX.OX.O.","...OOX.XX","O","3","-1",".XXOOX.O."
".XX.OX.OO","...OOXOXX","X","0","1","XXX.OX.OO"
".XX.OX.OO","...OOXOXX","X","6","-1",".XX.OXXOO"
".XX.OX.OO","...OOXOXX","X","3","-1",".XXXOX.OO"
".XX.OXO..","..OXO.XX.","O","0","-1","OXX.OXO.."
".XX.OXO..","..OXO.XX.","O","8","-1",".XX.OXO.O"
".XX.OXO..","..OXO.XX.","O","3","-1",".XXOOXO.."
".XX.OXO..","..OXO.XX.","O","7","-1",".XX.OXOO."
".XX.OXO.O","..OXO.XXO","X","0","1","XXX.OXO.O"
".XX.OXO.O","..OXO.XXO","X","3","-1",".XXXOXO.O"
".XX.OXO.O","..OXO.XXO","X","7","-1",".XX.OXOXO"
".XX.OXOO.","..OXOOXX.","X","0","1","XXX.OXOO."
".XX.OXOO.","..OXOOXX.","X","8","1",".XX.OXOOX"
".XX.OXOO.","..OXOOXX.","X","3","-1",".XXXOXOO."
".XX.OXOXO","..OXOXXXO","O","0","1","OXX.OXOXO"
".XX.OXOXO","..OXOXXXO","O","3","-1",".XXOOXOXO"
".XX.OXXOO","..XXOOXXO","O","0","1","OXX.OXXOO"
".XX.OXXOO","..XXOOXXO","O","3","-1",".XXOOXXOO"
".XX.X..OO","...OXXO.X","O","0","-1","OXX.X..OO"
".XX.X..OO","...OXXO.X","O","6","1",".XX.X.OOO"
".XX.X..OO","...OXXO.X","O","3","-1",".XXOX..OO"
".XX.X..OO","...OXXO.X","O","5","-1",".XX.XO.OO"
".XX.X.O.O","..OXX.X.O","O","0","-1","OXX.X.O.O"
".XX.X.O.O","..OXX.X.O","O","3","-1",".XXOX.O.O"
".XX.X.O.O","..OXX.X.O","O","5","-1",".XX.XOO.O"
".XX.X.O.O","..OXX.X.O","O","7","1",".XX.X.OOO"
".XX.X.OO.","..OXXOX..","O","0","1","OXX.X.OO."
".XX.X.OO.","..OXXOX..","O","8","1",".XX.X.OOO"
".XX.X.OO.","..OXXOX..","O","3","-1",".XXOX.OO."
".XX.X.OO.","..OXXOX..","O","5","-1",".XX.XOOO."
".XX.XO..O","....XXOOX","O","0","-1","OXX.XO..O"
".XX.XO..O","....XXOOX","O","6","-1",".XX.XOO.O"
".XX.XO..O","....XXOOX","O","3","-1",".XXOXO..O"
".XX.XO..O","....XXOOX","O","7","-1",".XX.XO.OO"
".XX.XO.O.","...OXX.OX","O","0","-1","OXX.XO.O."
".XX.XO.O.","...OXX.OX","O","6","-1",".XX.XOOO."
".XX.XO.O.","...OXX.OX","O","8","-1",".XX.XO.OO"
".XX.XO.O.","...OXX.OX","O","3","-1",".XXOXO.O."
".XX.XO.OO","...OXXOOX","X","0","1","XXX.XO.OO"
".XX.XO.OO","...OXXOOX","X","6","1",".XX.XOXOO"
".XX.XO.OO","...OXXOOX","X","3","-1",".XXXXO.OO"
".XX.XOO..","..OOX.XX.","O","0","-1","OXX.XOO.."
".XX.XOO..","..OOX.XX.","O","8","-1",".XX.XOO.O"
".XX.XOO..","..OOX.XX.","O","3","-1",".XXOXOO.."
".XX.XOO..","..OOX.XX.","O","7","-1",".XX.XOOO."
".XX.XOO.O","..OXX.XOO","X","0","1","XXX.XOO.O"
".XX.XOO.O","..OXX.XOO","X","3","-1",".XXXXOO.O"
".XX.XOO.O","..OXX.XOO","X","7","1",".XX.XOOXO"
".XX.XOOO.","..OXXOXO.","X","0","1","XXX.XOOO."
".XX.XOOO.","..OXXOXO.","X","8","0",".XX.XOOOX"
".XX.XOOO.","..OXXOXO.","X","3","-1",".XXXXOOO."
".XX.XOOOX","..OXXOXOX","O","0","0","OXX.XOOOX"
".XX.XOOOX","..OXXOXOX","O","3","-1",".XXOXOOOX"
".XXO.....",".....OXX.","O","4","-1",".XXOO...."
".XXO.....",".....OXX.","O","0","1","OXXO....."
".XXO.....",".....OXX.","O","6","-1",".XXO..O.."
".XXO.....",".....OXX.","O","8","-1",".XXO....O"
".XXO.....",".....OXX.","O","5","-1",".XXO.O..."
".XXO.....",".....OXX.","O","7","-1",".XXO...O."
".XXO....O","..OO...XX","X","4","1",".XXOX...O"
".XXO....O","..OO...XX","X","0","1","XXXO....O"
".XXO....O","..OO...XX","X","6","1",".XXO..X.O"
".XXO....O","..OO...XX","X","5","-1",".XXO.X..O"
".XXO....O","..OO...XX","X","7","1",".XXO...XO"
".XXO...O.","..XO.X.O.","X","4","1",".XXOX..O."
".XXO...O.","..XO.X.O.","X","0","1","XXXO...O."
".XXO...O.","..XO.X.O.","X","6","1",".XXO..XO."
".XXO...O.","..XO.X.O.","X","8","1",".XXO...OX"
".XXO...O.","..XO.X.O.","X","5","1",".XXO.X.O."
".XXO...OX",".O.O.XX.X","O","4","-1",".XXOO..OX"
".XXO...OX",".O.O.XX.X","O","0","-1","OXXO...OX"
".XXO...OX",".O.O.XX.X","O","6","-1",".XXO..OOX"
".XXO...OX",".O.O.XX.X","O","5","-1",".XXO.O.OX"
".XXO...XO",".O.X.XO.X","O","4","-1",".XXOO..XO"
".XXO...XO",".O.X.XO.X","O","0","-1","OXXO...XO"
".XXO...XO",".O.X.XO.X","O","6","-1",".XXO..OXO"
".XXO...XO",".O.X.XO.X","O","5","-1",".XXO.O.XO"
".XXO..O..","..O..OXX.","X","4","-1",".XXOX.O.."
".XXO..O..","..O..OXX.","X","0","1","XXXO..O.."
".XXO..O..","..O..OXX.","X","8","-1",".XXO..O.X"
".XXO..O..","..O..OXX.","X","5","-1",".XXO.XO.."
".XXO..O..","..O..OXX.","X","7","-1",".XXO..OX."
".XXO..O.X",".OOX..X.X","O","4","-1",".XXOO.O.X"
".XXO..O.X",".OOX..X.X","O","0","1","OXXO..O.X"
".XXO..O.X",".OOX..X.X","O","5","-1",".XXO.OO.X"
".XXO..O.X",".OOX..X.X","O","7","-1",".XXO..OOX"
".XXO..OOX",".OOX.OX.X","X","4","-1",".XXOX.OOX"
".XXO..OOX",".OOX.OX.X","X","0","1","XXXO..OOX"
".XXO..OOX",".OOX.OX.X","X","5","1",".XXO.XOOX"
".XXO..OX.","..XX.XOO.","O","4","-1",".XXOO.OX."
".XXO..OX.","..XX.XOO.","O","0","1","OXXO..OX."
".XXO..OX.","..XX.XOO.","O","8","-1",".XXO..OXO"
".XXO..OX.","..XX.XOO.","O","5","-1",".XXO.OOX."
".XXO..OXO",".OOX.XX.O","X","4","1",".XXOX.OXO"
".XXO..OXO",".OOX.XX.O","X","0","1","XXXO..OXO"
".XXO..OXO",".OOX.XX.O","X","5","-1",".XXO.XOXO"
".XXO..X.O",".OXX..X.O","O","4","-1",".XXOO.X.O"
".XXO..X.O",".OXX..X.O","O","0","-1","OXXO..X.O"
".XXO..X.O",".OXX..X.O","O","5","-1",".XXO.OX.O"
".XXO..X.O",".OXX..X.O","O","7","-1",".XXO..XOO"
".XXO..XO.","..XO.XXO.","O","4","-1",".XXOO.XO."
".XXO..XO.","..XO.XXO.","O","0","-1","OXXO..XO."
".XXO..XO.","..XO.XXO.","O","8","-1",".XXO..XOO"
".XXO..XO.","..XO.XXO.","O","5","-1",".XXO.OXO."
".XXO..XOO",".OXX.OX.O","X","4","1",".XXOX.XOO"
".XXO..XOO",".OXX.OX.O","X","0","1","XXXO..XOO"
".XXO..XOO",".OXX.OX.O","X","5","1",".XXO.XXOO"
".XXO.O...","...O.O.XX","X","4","1",".XXOXO..."
".XXO.O...","...O.O.XX","X","0","1","XXXO.O..."
".XXO.O...","...O.O.XX","X","6","-1",".XXO.OX.."
".XXO.O...","...O.O.XX","X","8","-1",".XXO.O..X"
".XXO.O...","...O.O.XX","X","7","-1",".XXO.O.X."
".XXO.O..X","..XO.O.XX","O","4","1",".XXOOO..X"
".XXO.O..X","..XO.O.XX","O","0","1","OXXO.O..X"
".XXO.O..X","..XO.O.XX","O","6","-1",".XXO.OO.X"
".XXO.O..X","..XO.O.XX","O","7","-1",".XXO.O.OX"
".XXO.O.OX",".O.O.XXOX","X","4","1",".XXOXO.OX"
".XXO.O.OX",".O.O.XXOX","X","0","1","XXXO.O.OX"
".XXO.O.OX",".O.O.XXOX","X","6","-1",".XXO.OXOX"
".XXO.O.X.",".O.X.X.OX","O","4","1",".XXOOO.X."
".XXO.O.X.",".O.X.X.OX","O","0","-1","OXXO.O.X."
".XXO.O.X.",".O.X.X.OX","O","6","-1",".XXO.OOX."
".XXO.O.X.",".O.X.X.OX","O","8","-1",".XXO.O.XO"
".XXO.O.XO",".O.X.XOOX","X","4","1",".XXOXO.XO"
".XXO.O.XO",".O.X.XOOX","X","0","1","XXXO.O.XO"
".XXO.O.XO",".O.X.XOOX","X","6","-1",".XXO.OXXO"
".XXO.OO.X",".OOX..XOX","X","4","-1",".XXOXOO.X"
".XXO.OO.X",".OOX..XOX","X","0","1","XXXO.OO.X"
".XXO.OO.X",".OOX..XOX","X","7","-1",".XXO.OOXX"
".XXO.OOX.",".OOX.XXO.","X","4","1",".XXOXOOX."
".XXO.OOX.",".OOX.XXO.","X","0","1","XXXO.OOX."
".XXO.OOX.",".OOX.XXO.","X","8","-1",".XXO.OOXX"
".XXO.OOXX",".OOX.XXOX","O","4","1",".XXOOOOXX"
".XXO.OOXX",".OOX.XXOX","O","0","1","OXXO.OOXX"
".XXO.OX..","..XO.OXX.","O","4","1",".XXOOOX.."
".XXO.OX..","..XO.OXX.","O","0","-1","OXXO.OX.."
".XXO.OX..","..XO.OXX.","O","8","-1",".XXO.OX.O"
".XXO.OX..","..XO.OXX.","O","7","-1",".XXO.OXO."
".XXO.OX.O",".OXX..XOO","X","4","1",".XXOXOX.O"
".XXO.OX.O",".OXX..XOO","X","0","1","XXXO.OX.O"
".XXO.OX.O",".OXX..XOO","X","7","-1",".XXO.OXXO"
".XXO.OXO.",".OXO.OXX.","X","4","1",".XXOXOXO."
".XXO.OXO.",".OXO.OXX.","X","0","1","XXXO.OXO."
".XXO.OXO.",".OXO.OXX.","X","8","-1",".XXO.OXOX"
".XXO.OXOX",".OXX.OXOX","O","4","1",".XXOOOXOX"
".XXO.OXOX",".OXX.OXOX","O","0","-1","OXXO.OXOX"
".XXO.OXXO",".OXX.XXOO","O","4","1",".XXOOOXXO"
".XXO.OXXO",".OXX.XXOO","O","0","-1","OXXO.OXXO"
".XXO.X..O","..OO.X.XX","O","4","-1",".XXOOX..O"
".XXO.X..O","..OO.X.XX","O","0","1","OXXO.X..O"
".XXO.X..O","..OO.X.XX","O","6","-1",".XXO.XO.O"
".XXO.X..O","..OO.X.XX","O","7","-1",".XXO.X.OO"
".XXO.X.O.",".O.O.X.XX","O","4","-1",".XXOOX.O."
".XXO.X.O.",".O.O.X.XX","O","0","-1","OXXO.X.O."
".XXO.X.O.",".O.O.X.XX","O","6","-1",".XXO.XOO."
".XXO.X.O.",".O.O.X.XX","O","8","-1",".XXO.X.OO"
".XXO.X.OO",".O.O.XOXX","X","4","-1",".XXOXX.OO"
".XXO.X.OO",".O.O.XOXX","X","0","1","XXXO.X.OO"
".XXO.X.OO",".O.O.XOXX","X","6","1",".XXO.XXOO"
".XXO.XO..","..OX.OXX.","O","4","-1",".XXOOXO.."
".XXO.XO..","..OX.OXX.","O","0","1","OXXO.XO.."
".XXO.XO..","..OX.OXX.","O","8","-1",".XXO.XO.O"
".XXO.XO..","..OX.OXX.","O","7","-1",".XXO.XOO."
".XXO.XO.O",".OOX..XXO","X","4","-1",".XXOXXO.O"
".XXO.XO.O",".OOX..XXO","X","0","1","XXXO.XO.O"
".XXO.XO.O",".OOX..XXO","X","7","-1",".XXO.XOXO"
".XXO.XOO.",".OOX.OXX.","X","4","-1",".XXOXXOO."
".XXO.XOO.",".OOX.OXX.","X","0","1","XXXO.XOO."
".XXO.XOO.",".OOX.OXX.","X","8","1",".XXO.XOOX"
".XXO.XOXO",".OOX.XXXO","O","4","-1",".XXOOXOXO"
".XXO.XOXO",".OOX.XXXO","O","0","1","OXXO.XOXO"
".XXO.XXOO",".OXX.OXXO","O","4","-1",".XXOOXXOO"
".XXO.XXOO",".OXX.OXXO","O","0","-1","OXXO.XXOO"
".XXOO....","....OOXX.","X","0","1","XXXOO...."
".XXOO....","....OOXX.","X","6","-1",".XXOO.X.."
".XXOO....","....OOXX.","X","8","-1",".XXOO...X"
".XXOO....","....OOXX.","X","5","1",".XXOOX..."
".XXOO....","....OOXX.","X","7","-1",".XXOO..X."
".XXOO...X","..XOO..XX","O","0","-1","OXXOO...X"
".XXOO...X","..XOO..XX","O","6","-1",".XXOO.O.X"
".XXOO...X","..XOO..XX","O","5","1",".XXOOO..X"
".XXOO...X","..XOO..XX","O","7","-1",".XXOO..OX"
".XXOO..OX",".O.OOXX.X","X","0","1","XXXOO..OX"
".XXOO..OX",".O.OOXX.X","X","6","-1",".XXOO.XOX"
".XXOO..OX",".O.OOXX.X","X","5","1",".XXOOX.OX"
".XXOO..X.","..XXOX.O.","O","0","1","OXXOO..X."
".XXOO..X.","..XXOX.O.","O","6","-1",".XXOO.OX."
".XXOO..X.","..XXOX.O.","O","8","-1",".XXOO..XO"
".XXOO..X.","..XXOX.O.","O","5","1",".XXOOO.X."
".XXOO..XO",".O.XOXO.X","X","0","1","XXXOO..XO"
".XXOO..XO",".O.XOXO.X","X","6","-1",".XXOO.XXO"
".XXOO..XO",".O.XOXO.X","X","5","-1",".XXOOX.XO"
".XXOO.O.X",".OOXO.X.X","X","0","1","XXXOO.O.X"
".XXOO.O.X",".OOXO.X.X","X","5","1",".XXOOXO.X"
".XXOO.O.X",".OOXO.X.X","X","7","-1",".XXOO.OXX"
".XXOO.OX.","..XXOXOO.","X","0","1","XXXOO.OX."
".XXOO.OX.","..XXOXOO.","X","8","-1",".XXOO.OXX"
".XXOO.OX.","..XXOXOO.","X","5","-1",".XXOOXOX."
".XXOO.OXX",".OOXOXX.X","O","0","1","OXXOO.OXX"
".XXOO.OXX",".OOXOXX.X","O","5","1",".XXOOOOXX"
".XXOO.X..","..X.OOXX.","O","0","1","OXXOO.X.."
".XXOO.X..","..X.OOXX.","O","8","-1",".XXOO.X.O"
".XXOO.X..","..X.OOXX.","O","5","1",".XXOOOX.."
".XXOO.X..","..X.OOXX.","O","7","-1",".XXOO.XO."
".XXOO.X.O",".OXXO.X.O","X","0","1","XXXOO.X.O"
".XXOO.X.O",".OXXO.X.O","X","5","-1",".XXOOXX.O"
".XXOO.X.O",".OXXO.X.O","X","7","-1",".XXOO.XXO"
".XXOO.XO.","..XOOXXO.","X","0","1","XXXOO.XO."
".XXOO.XO.","..XOOXXO.","X","8","-1",".XXOO.XOX"
".XXOO.XO.","..XOOXXO.","X","5","1",".XXOOXXO."
".XXOO.XOX",".OXXOOX.X","O","0","-1","OXXOO.XOX"
".XXOO.XOX",".OXXOOX.X","O","5","1",".XXOOOXOX"
".XXOO.XXO",".OXXOXX.O","O","0","1","OXXOO.XXO"
".XXOO.XXO",".OXXOXX.O","O","5","1",".XXOOOXXO"
".XXOOX...","...OOX.XX","O","0","-1","OXXOOX..."
".XXOOX...","...OOX.XX","O","6","-1",".XXOOXO.."
".XXOOX...","...OOX.XX","O","8","-1",".XXOOX..O"
".XXOOX...","...OOX.XX","O","7","-1",".XXOOX.O."
".XXOOX..O","..OOOX.XX","X","0","1","XXXOOX..O"
".XXOOX..O","..OOOX.XX","X","6","-1",".XXOOXX.O"
".XXOOX..O","..OOOX.XX","X","7","-1",".XXOOX.XO"
".XXOOX.O.",".O.OOX.XX","X","0","1","XXXOOX.O."
".XXOOX.O.",".O.OOX.XX","X","6","1",".XXOOXXO."
".XXOOX.O.",".O.OOX.XX","X","8","1",".XXOOX.OX"
".XXOOX.XO",".O.XOXOXX","O","0","1","OXXOOX.XO"
".XXOOX.XO",".O.XOXOXX","O","6","-1",".XXOOXOXO"
".XXOOXO..","..OXOOXX.","X","0","1","XXXOOXO.."
".XXOOXO..","..OXOOXX.","X","8","1",".XXOOXO.X"
".XXOOXO..","..OXOOXX.","X","7","-1",".XXOOXOX."
".XXOOXOX.",".OOXOXXX.","O","0","1","OXXOOXOX."
".XXOOXOX.",".OOXOXXX.","O","8","-1",".XXOOXOXO"
".XXOOXOXO",".OOXOXXXO","X","0","1","XXXOOXOXO"
".XXOOXX.O",".OXXO.XXO","O","0","1","OXXOOXX.O"
".XXOOXX.O",".OXXO.XXO","O","7","-1",".XXOOXXOO"
".XXOOXXO.",".OXXOOXX.","O","0","-1","OXXOOXXO."
".XXOOXXO.",".OXXOOXX.","O","8","-1",".XXOOXXOO"
".XXOOXXOO",".OXXOOXXO","X","0","1","XXXOOXXOO"
".XXOX...O","..OOX..XX","O","0","-1","OXXOX...O"
".XXOX...O","..OOX..XX","O","6","-1",".XXOX.O.O"
".XXOX...O","..OOX..XX","O","5","-1",".XXOXO..O"
".XXOX...O","..OOX..XX","O","7","-1",".XXOX..OO"
".XXOX..O.","..XOXX.O.","O","0","-1","OXXOX..O."
".XXOX..O.","..XOXX.O.","O","6","-1",".XXOX.OO."
".XXOX..O.","..XOXX.O.","O","8","-1",".XXOX..OO"
".XXOX..O.","..XOXX.O.","O","5","-1",".XXOXO.O."
".XXOX..OO",".O.OXXO.X","X","0","1","XXXOX..OO"
".XXOX..OO",".O.OXXO.X","X","6","1",".XXOX.XOO"
".XXOX..OO",".O.OXXO.X","X","5","-1",".XXOXX.OO"
".XXOX.O..","..O.XOXX.","O","0","1","OXXOX.O.."
".XXOX.O..","..O.XOXX.","O","8","-1",".XXOX.O.O"
".XXOX.O..","..O.XOXX.","O","5","-1",".XXOXOO.."
".XXOX.O..","..O.XOXX.","O","7","-1",".XXOX.OO."
".XXOX.O.O",".OOXX.X.O","X","0","1","XXXOX.O.O"
".XXOX.O.O",".OOXX.X.O","X","5","-1",".XXOXXO.O"
".XXOX.O.O",".OOXX.X.O","X","7","1",".XXOX.OXO"
".XXOX.OO.","..XOXXOO.","X","0","1","XXXOX.OO."
".XXOX.OO.","..XOXXOO.","X","8","-1",".XXOX.OOX"
".XXOX.OO.","..XOXXOO.","X","5","-1",".XXOXXOO."
".XXOX.OOX",".OOXXOX.X","O","0","1","OXXOX.OOX"
".XXOX.OOX",".OOXXOX.X","O","5","-1",".XXOXOOOX"
".XXOXO...","...OXO.XX","O","0","-1","OXXOXO..."
".XXOXO...","...OXO.XX","O","6","-1",".XXOXOO.."
".XXOXO...","...OXO.XX","O","8","-1",".XXOXO..O"
".XXOXO...","...OXO.XX","O","7","-1",".XXOXO.O."
".XXOXO..O","..OOXO.XX","X","0","1","XXXOXO..O"
".XXOXO..O","..OOXO.XX","X","6","1",".XXOXOX.O"
".XXOXO..O","..OOXO.XX","X","7","1",".XXOXO.XO"
".XXOXO.O.",".O.OXO.XX","X","0","1","XXXOXO.O."
".XXOXO.O.",".O.OXO.XX","X","6","1",".XXOXOXO."
".XXOXO.O.",".O.OXO.XX","X","8","1",".XXOXO.OX"
".XXOXO.OX",".O.OXXXOX","O","0","-1","OXXOXO.OX"
".XXOXO.OX",".O.OXXXOX","O","6","-1",".XXOXOOOX"
".XXOXOO..","..OOXOXX.","X","0","1","XXXOXOO.."
".XXOXOO..","..OOXOXX.","X","8","-1",".XXOXOO.X"
".XXOXOO..","..OOXOXX.","X","7","1",".XXOXOOX."
".XXOXOO.X",".OOXX.XOX","O","0","1","OXXOXOO.X"
".XXOXOO.X",".OOXX.XOX","O","7","-1",".XXOXOOOX"
".XXOXOOOX",".OOXXOXOX","X","0","1","XXXOXOOOX"
".XXOXX.OO",".O.OXXOXX","O","0","-1","OXXOXX.OO"
".XXOXX.OO",".O.OXXOXX","O","6","1",".XXOXXOOO"
".XXOXXO.O",".OOXX.XXO","O","0","1","OXXOXXO.O"
".XXOXXO.O",".OOXX.XXO","O","7","1",".XXOXXOOO"
".XXOXXOO.",".OOXXOXX.","O","0","1","OXXOXXOO."
".XXOXXOO.",".OOXXOXX.","O","8","1",".XXOXXOOO"
".XXX...OO",".OOX...XX","O","4","-1",".XXXO..OO"
".XXX...OO",".OOX...XX","O","0","1","OXXX...OO"
".XXX...OO",".OOX...XX","O","6","1",".XXX..OOO"
".XXX...OO",".OOX...XX","O","5","-1",".XXX.O.OO"
".XXX..O.O",".XOX..X.O","O","4","-1",".XXXO.O.O"
".XXX..O.O",".XOX..X.O","O","0","1","OXXX..O.O"
".XXX..O.O",".XOX..X.O","O","5","-1",".XXX.OO.O"
".XXX..O.O",".XOX..X.O","O","7","1",".XXX..OOO"
".XXX..OO.","..XO.XOX.","O","4","-1",".XXXO.OO."
".XXX..OO.","..XO.XOX.","O","0","0","OXXX..OO."
".XXX..OO.","..XO.XOX.","O","8","1",".XXX..OOO"
".XXX..OO.","..XO.XOX.","O","5","-1",".XXX.OOO."
".XXX.O..O","..OX.O.XX","O","4","-1",".XXXOO..O"
".XXX.O..O","..OX.O.XX","O","0","-1","OXXX.O..O"
".XXX.O..O","..OX.O.XX","O","6","-1",".XXX.OO.O"
".XXX.O..O","..OX.O.XX","O","7","-1",".XXX.O.OO"
".XXX.O.O.",".O.O.XXX.","O","4","-1",".XXXOO.O."
".XXX.O.O.",".O.O.XXX.","O","0","0","OXXX.O.O."
".XXX.O.O.",".O.O.XXX.","O","6","-1",".XXX.OOO."
".XXX.O.O.",".O.O.XXX.","O","8","-1",".XXX.O.OO"
".XXX.O.OO",".OOX.O.XX","X","4","-1",".XXXXO.OO"
".XXX.O.OO",".OOX.O.XX","X","0","1","XXXX.O.OO"
".XXX.O.OO",".OOX.O.XX","X","6","1",".XXX.OXOO"
".XXX.OO..","..OO.XXX.","O","4","-1",".XXXOOO.."
".XXX.OO..","..OO.XXX.","O","0","0","OXXX.OO.."
".XXX.OO..","..OO.XXX.","O","8","-1",".XXX.OO.O"
".XXX.OO..","..OO.XXX.","O","7","-1",".XXX.OOO."
".XXX.OO.O",".XOX..XOO","X","4","-1",".XXXXOO.O"
".XXX.OO.O",".XOX..XOO","X","0","1","XXXX.OO.O"
".XXX.OO.O",".XOX..XOO","X","7","1",".XXX.OOXO"
".XXX.OOO.",".OOO.XXX.","X","4","-1",".XXXXOOO."
".XXX.OOO.",".OOO.XXX.","X","0","1","XXXX.OOO."
".XXX.OOO.",".OOO.XXX.","X","8","0",".XXX.OOOX"
".XXX.OOOX",".XOX.OXOX","O","4","-1",".XXXOOOOX"
".XXX.OOOX",".XOX.OXOX","O","0","0","OXXX.OOOX"
".XXX.OOXO",".XOX.XXOO","O","4","-1",".XXXOOOXO"
".XXX.OOXO",".XOX.XXOO","O","0","-1","OXXX.OOXO"
".XXX.OXOO",".XXX.OXOO","O","4","-1",".XXXOOXOO"
".XXX.OXOO",".XXX.OXOO","O","0","-1","OXXX.OXOO"
".XXXO...O","..OXO..XX","O","0","1","OXXXO...O"
".XXXO...O","..OXO..XX","O","6","-1",".XXXO.O.O"
".XXXO...O","..OXO..XX","O","5","-1",".XXXOO..O"
".XXXO...O","..OXO..XX","O","7","-1",".XXXO..OO"
".XXXO..O.","..XOOX.X.","O","0","0","OXXXO..O."
".XXXO..O.","..XOOX.X.","O","6","-1",".XXXO.OO."
".XXXO..O.","..XOOX.X.","O","8","-1",".XXXO..OO"
".XXXO..O.","..XOOX.X.","O","5","-1",".XXXOO.O."
".XXXO..OO",".OOXO..XX","X","0","1","XXXXO..OO"
".XXXO..OO",".OOXO..XX","X","6","-1",".XXXO.XOO"
".XXXO..OO",".OOXO..XX","X","5","-1",".XXXOX.OO"
".XXXO.O..","..O.OXXX.","O","0","0","OXXXO.O.."
".XXXO.O..","..O.OXXX.","O","8","-1",".XXXO.O.O"
".XXXO.O..","..O.OXXX.","O","5","-1",".XXXOOO.."
".XXXO.O..","..O.OXXX.","O","7","-1",".XXXO.OO."
".XXXO.O.O",".XOXO.X.O","X","0","1","XXXXO.O.O"
".XXXO.O.O",".XOXO.X.O","X","5","-1",".XXXOXO.O"
".XXXO.O.O",".XOXO.X.O","X","7","-1",".XXXO.OXO"
".XXXO.OO.","..XOOXOX.","X","0","1","XXXXO.OO."
".XXXO.OO.","..XOOXOX.","X","8","1",".XXXO.OOX"
".XXXO.OO.","..XOOXOX.","X","5","-1",".XXXOXOO."
".XXXO.OOX",".XOXOOX.X","O","0","-1","OXXXO.OOX"
".XXXO.OOX",".XOXOOX.X","O","5","-1",".XXXOOOOX"
".XXXO.OXO",".XOXOXX.O","O","0","1","OXXXO.OXO"
".XXXO.OXO",".XOXOXX.O","O","5","-1",".XXXOOOXO"
".XXXO.XOO",".XXXO.XOO","O","0","1","OXXXO.XOO"
".XXXO.XOO",".XXXO.XOO","O","5","-1",".XXXOOXOO"
".XXXOO...","...OOXXX.","O","0","0","OXXXOO..."
".XXXOO...","...OOXXX.","O","6","-1",".XXXOOO.."
".XXXOO...","...OOXXX.","O","8","-1",".XXXOO..O"
".XXXOO...","...OOXXX.","O","7","-1",".XXXOO.O."
".XXXOO..O","..OXOO.XX","X","0","1","XXXXOO..O"
".XXXOO..O","..OXOO.XX","X","6","-1",".XXXOOX.O"
".XXXOO..O","..OXOO.XX","X","7","-1",".XXXOO.XO"
".XXXOO.O.",".O.OOXXX.","X","0","1","XXXXOO.O."
".XXXOO.O.",".O.OOXXX.","X","6","0",".XXXOOXO."
".XXXOO.O.",".O.OOXXX.","X","8","0",".XXXOO.OX"
".XXXOO.OX",".OXXOO.XX","O","0","0","OXXXOO.OX"
".XXXOO.OX",".OXXOO.XX","O","6","-1",".XXXOOOOX"
".XXXOO.XO",".X.XOXOOX","O","0","1","OXXXOO.XO"
".XXXOO.XO",".X.XOXOOX","O","6","-1",".XXXOOOXO"
".XXXOOO..","..OOOXXX.","X","0","1","XXXXOOO.."
".XXXOOO..","..OOOXXX.","X","8","0",".XXXOOO.X"
".XXXOOO..","..OOOXXX.","X","7","0",".XXXOOOX."
".XXXOOO.X",".XOXO.XOX","O","0","0","OXXXOOO.X"
".XXXOOO.X",".XOXO.XOX","O","7","-1",".XXXOOOOX"
".XXXOOOOX",".XOXOOXOX","X","0","1","XXXXOOOOX"
".XXXOOOX.",".OXXOXOX.","O","0","0","OXXXOOOX."
".XXXOOOX.",".OXXOXOX.","O","8","-1",".XXXOOOXO"
".XXXOOOXO",".XOXOXXOO","X","0","1","XXXXOOOXO"
".XXXOOX.O",".XXXO.XOO","O","0","1","OXXXOOX.O"
".XXXOOX.O",".XXXO.XOO","O","7","-1",".XXXOOXOO"
".XXXOOXO.",".OXOOXXX.","O","0","0","OXXXOOXO."
".XXXOOXO.",".OXOOXXX.","O","8","-1",".XXXOOXOO"
".XXXOOXOO",".XXXOOXOO","X","0","1","XXXXOOXOO"
".XXXOX.OO",".OOXOX.XX","O","0","1","OXXXOX.OO"
".XXXOX.OO",".OOXOX.XX","O","6","1",".XXXOXOOO"
".XXXOXO.O",".XOXO.XXO","O","0","1","OXXXOXO.O"
".XXXOXO.O",".XOXO.XXO","O","7","1",".XXXOXOOO"
".XXXOXOO.",".OOXOXXX.","O","0","-1","OXXXOXOO."
".XXXOXOO.",".OOXOXXX.","O","8","1",".XXXOXOOO"
".XXXXO.OO",".OOXXO.XX","O","0","-1","OXXXXO.OO"
".XXXXO.OO",".OOXXO.XX","O","6","1",".XXXXOOOO"
".XXXXOO.O",".XOXX.XOO","O","0","-1","OXXXXOO.O"
".XXXXOO.O",".XOXX.XOO","O","7","1",".XXXXOOOO"
".XXXXOOO.",".OOOXXXX.","O","0","0","OXXXXOOO."
".XXXXOOO.",".OOOXXXX.","O","8","1",".XXXXOOOO"
"O.......X","..O...X..","X","4","0","O...X...X"
"O.......X","..O...X..","X","2","1","O.X.....X"
"O.......X","..O...X..","X","6","1","O.....X.X"
"O.......X","..O...X..","X","1","0","OX......X"
"O.......X","..O...X..","X","3","0","O..X....X"
"O.......X","..O...X..","X","5","-1","O....X..X"
"O.......X","..O...X..","X","7","-1","O......XX"
"O......X.",".....XO..","X","4","0","O...X..X."
"O......X.",".....XO..","X","2","0","O.X....X."
"O......X.",".....XO..","X","6","1","O.....XX."
"O......X.",".....XO..","X","8","-1","O......XX"
"O......X.",".....XO..","X","1","-1","OX.....X."
"O......X.",".....XO..","X","3","-1","O..X...X."
"O......X.",".....XO..","X","5","-1","O....X.X."
"O......XX","..O...XX.","O","4","-1","O...O..XX"
"O......XX","..O...XX.","O","2","-1","O.O....XX"
"O......XX","..O...XX.","O","6","1","O.....OXX"
"O......XX","..O...XX.","O","1","-1","OO.....XX"
"O......XX","..O...XX.","O","3","-1","O..O...XX"
"O......XX","..O...XX.","O","5","-1","O....O.XX"
"O.....OXX","..O...XXO","X","4","-1","O...X.OXX"
"O.....OXX","..O...XXO","X","2","-1","O.X...OXX"
"O.....OXX","..O...XXO","X","1","-1","OX....OXX"
"O.....OXX","..O...XXO","X","3","-1","O..X..OXX"
"O.....OXX","..O...XXO","X","5","-1","O....XOXX"
"O.....X..","......O.X","X","4","0","O...X.X.."
"O.....X..","......O.X","X","2","1","O.X...X.."
"O.....X..","......O.X","X","8","1","O.....X.X"
"O.....X..","......O.X","X","1","0","OX....X.."
"O.....X..","......O.X","X","3","-1","O..X..X.."
"O.....X..","......O.X","X","5","0","O....XX.."
"O.....X..","......O.X","X","7","1","O.....XX."
"O.....X.X","..O...X.X","O","4","-1","O...O.X.X"
"O.....X.X","..O...X.X","O","2","-1","O.O...X.X"
"O.....X.X","..O...X.X","O","1","-1","OO....X.X"
"O.....X.X","..O...X.X","O","3","-1","O..O..X.X"
"O.....X.X","..O...X.X","O","5","-1","O....OX.X"
"O.....X.X","..O...X.X","O","7","-1","O.....XOX"
"O.....XOX","..O...XOX","X","4","0","O...X.XOX"
"O.....XOX","..O...XOX","X","2","1","O.X...XOX"
"O.....XOX","..O...XOX","X","1","0","OX....XOX"
"O.....XOX","..O...XOX","X","3","-1","O..X..XOX"
"O.....XOX","..O...XOX","X","5","0","O....XXOX"
"O.....XX.",".....XO.X","O","4","-1","O...O.XX."
"O.....XX.",".....XO.X","O","2","-1","O.O...XX."
"O.....XX.",".....XO.X","O","8","-1","O.....XXO"
"O.....XX.",".....XO.X","O","1","-1","OO....XX."
"O.....XX.",".....XO.X","O","3","-1","O..O..XX."
"O.....XX.",".....XO.X","O","5","-1","O....OXX."
"O.....XXO","..O...OXX","X","4","1","O...X.XXO"
"O.....XXO","..O...OXX","X","2","-1","O.X...XXO"
"O.....XXO","..O...OXX","X","1","-1","OX....XXO"
"O.....XXO","..O...OXX","X","3","-1","O..X..XXO"
"O.....XXO","..O...OXX","X","5","-1","O....XXXO"
"O....O.XX","..OO..XX.","X","4","1","O...XO.XX"
"O....O.XX","..OO..XX.","X","2","0","O.X..O.XX"
"O....O.XX","..OO..XX.","X","6","1","O....OXXX"
"O....O.XX","..OO..XX.","X","1","1","OX...O.XX"
"O....O.XX","..OO..XX.","X","3","0","O..X.O.XX"
"O....OX.X","..OO..X.X","X","4","1","O...XOX.X"
"O....OX.X","..OO..X.X","X","2","1","O.X..OX.X"
"O....OX.X","..OO..X.X","X","1","0","OX...OX.X"
"O....OX.X","..OO..X.X","X","3","0","O..X.OX.X"
"O....OX.X","..OO..X.X","X","7","1","O....OXXX"
"O....OXX.","..OO...XX","X","4","1","O...XOXX."
"O....OXX.","..OO...XX","X","2","1","O.X..OXX."
"O....OXX.","..OO...XX","X","8","1","O....OXXX"
"O....OXX.","..OO...XX","X","1","1","OX...OXX."
"O....OXX.","..OO...XX","X","3","-1","O..X.OXX."
"O....X...",".....XO..","X","4","0","O...XX..."
"O....X...",".....XO..","X","2","1","O.X..X..."
"O....X...",".....XO..","X","6","0","O....XX.."
"O....X...",".....XO..","X","8","-1","O....X..X"
"O....X...",".....XO..","X","1","-1","OX...X..."
"O....X...",".....XO..","X","3","-1","O..X.X..."
"O....X...",".....XO..","X","7","-1","O....X.X."
"O....X..X","..O...XX.","O","4","-1","O...OX..X"
"O....X..X","..O...XX.","O","2","1","O.O..X..X"
"O....X..X","..O...XX.","O","6","-1","O....XO.X"
"O....X..X","..O...XX.","O","1","-1","OO...X..X"
"O....X..X","..O...XX.","O","3","-1","O..O.X..X"
"O....X..X","..O...XX.","O","7","-1","O....X.OX"
"O....X.OX","..OO..XX.","X","4","1","O...XX.OX"
"O....X.OX","..OO..XX.","X","2","1","O.X..X.OX"
"O....X.OX","..OO..XX.","X","6","0","O....XXOX"
"O....X.OX","..OO..XX.","X","1","0","OX...X.OX"
"O....X.OX","..OO..XX.","X","3","1","O..X.X.OX"
"O....X.X.","..OX...X.","O","4","-1","O...OX.X."
"O....X.X.","..OX...X.","O","2","1","O.O..X.X."
"O....X.X.","..OX...X.","O","6","1","O....XOX."
"O....X.X.","..OX...X.","O","8","-1","O....X.XO"
"O....X.X.","..OX...X.","O","1","-1","OO...X.X."
"O....X.X.","..OX...X.","O","3","-1","O..O.X.X."
"O....X.XO","..OX..OX.","X","4","1","O...XX.XO"
"O....X.XO","..OX..OX.","X","2","-1","O.X..X.XO"
"O....X.XO","..OX..OX.","X","6","-1","O....XXXO"
"O....X.XO","..OX..OX.","X","1","-1","OX...X.XO"
"O....X.XO","..OX..OX.","X","3","-1","O..X.X.XO"
"O....XO.X","..OX..X.O","X","4","-1","O...XXO.X"
"O....XO.X","..OX..X.O","X","2","1","O.X..XO.X"
"O....XO.X","..OX..X.O","X","1","-1","OX...XO.X"
"O....XO.X","..OX..X.O","X","3","1","O..X.XO.X"
"O....XO.X","..OX..X.O","X","7","-1","O....XOXX"
"O....XOX.","..OX...XO","X","4","-1","O...XXOX."
"O....XOX.","..OX...XO","X","2","-1","O.X..XOX."
"O....XOX.","..OX...XO","X","8","-1","O....XOXX"
"O....XOX.","..OX...XO","X","1","-1","OX...XOX."
"O....XOX.","..OX...XO","X","3","-1","O..X.XOX."
"O....XOXX","..OX..XXO","O","4","-1","O...OXOXX"
"O....XOXX","..OX..XXO","O","2","1","O.O..XOXX"
"O....XOXX","..OX..XXO","O","1","-1","OO...XOXX"
"O....XOXX","..OX..XXO","O","3","1","O..O.XOXX"
"O....XX..","..OX....X","O","4","-1","O...OXX.."
"O....XX..","..OX....X","O","2","0","O.O..XX.."
"O....XX..","..OX....X","O","8","-1","O....XX.O"
"O....XX..","..OX....X","O","1","-1","OO...XX.."
"O....XX..","..OX....X","O","3","-1","O..O.XX.."
"O....XX..","..OX....X","O","7","-1","O....XXO."
"O....XX.O","..OX..O.X","X","4","1","O...XXX.O"
"O....XX.O","..OX..O.X","X","2","-1","O.X..XX.O"
"O....XX.O","..OX..O.X","X","1","-1","OX...XX.O"
"O....XX.O","..OX..O.X","X","3","-1","O..X.XX.O"
"O....XX.O","..OX..O.X","X","7","-1","O....XXXO"
"O....XXO.","..OX...OX","X","4","1","O...XXXO."
"O....XXO.","..OX...OX","X","2","1","O.X..XXO."
"O....XXO.","..OX...OX","X","8","0","O....XXOX"
"O....XXO.","..OX...OX","X","1","0","OX...XXO."
"O....XXO.","..OX...OX","X","3","-1","O..X.XXO."
"O....XXOX","..OX..XOX","O","4","-1","O...OXXOX"
"O....XXOX","..OX..XOX","O","2","0","O.O..XXOX"
"O....XXOX","..OX..XOX","O","1","-1","OO...XXOX"
"O....XXOX","..OX..XOX","O","3","-1","O..O.XXOX"
"O....XXXO","..OX..OXX","O","4","1","O...OXXXO"
"O....XXXO","..OX..OXX","O","2","1","O.O..XXXO"
"O....XXXO","..OX..OXX","O","1","1","OO...XXXO"
"O....XXXO","..OX..OXX","O","3","-1","O..O.XXXO"
"O...O..XX","..O.O.XX.","X","2","1","O.X.O..XX"
"O...O..XX","..O.O.XX.","X","6","1","O...O.XXX"
"O...O..XX","..O.O.XX.","X","1","-1","OX..O..XX"
"O...O..XX","..O.O.XX.","X","3","0","O..XO..XX"
"O...O..XX","..O.O.XX.","X","5","1","O...OX.XX"
"O...O.X.X","..O.O.X.X","X","2","1","O.X.O.X.X"
"O...O.X.X","..O.O.X.X","X","1","0","OX..O.X.X"
"O...O.X.X","..O.O.X.X","X","3","0","O..XO.X.X"
"O...O.X.X","..O.O.X.X","X","5","1","O...OXX.X"
"O...O.X.X","..O.O.X.X","X","7","1","O...O.XXX"
"O...O.XX.","....OXO.X","X","2","-1","O.X.O.XX."
"O...O.XX.","....OXO.X","X","8","1","O...O.XXX"
"O...O.XX.","....OXO.X","X","1","-1","OX..O.XX."
"O...O.XX.","....OXO.X","X","3","-1","O..XO.XX."
"O...O.XX.","....OXO.X","X","5","-1","O...OXXX."
"O...OX..X","..O.O.XX.","X","2","1","O.X.OX..X"
"O...OX..X","..O.O.XX.","X","6","1","O...OXX.X"
"O...OX..X","..O.O.XX.","X","1","0","OX..OX..X"
"O...OX..X","..O.O.XX.","X","3","-1","O..XOX..X"
"O...OX..X","..O.O.XX.","X","7","1","O...OX.XX"
"O...OX.X.","..OXO..X.","X","2","-1","O.X.OX.X."
"O...OX.X.","..OXO..X.","X","6","-1","O...OXXX."
"O...OX.X.","..OXO..X.","X","8","1","O...OX.XX"
"O...OX.X.","..OXO..X.","X","1","-1","OX..OX.X."
"O...OX.X.","..OXO..X.","X","3","-1","O..XOX.X."
"O...OX.XX","..OXO.XX.","O","2","-1","O.O.OX.XX"
"O...OX.XX","..OXO.XX.","O","6","-1","O...OXOXX"
"O...OX.XX","..OXO.XX.","O","1","-1","OO..OX.XX"
"O...OX.XX","..OXO.XX.","O","3","-1","O..OOX.XX"
"O...OXOXX","..OXO.XXO","X","2","1","O.X.OXOXX"
"O...OXOXX","..OXO.XXO","X","1","-1","OX..OXOXX"
"O...OXOXX","..OXO.XXO","X","3","-1","O..XOXOXX"
"O...OXX..","..OXO...X","X","2","-1","O.X.OXX.."
"O...OXX..","..OXO...X","X","8","1","O...OXX.X"
"O...OXX..","..OXO...X","X","1","-1","OX..OXX.."
"O...OXX..","..OXO...X","X","3","-1","O..XOXX.."
"O...OXX..","..OXO...X","X","7","-1","O...OXXX."
"O...OXX.X","..OXO.X.X","O","2","-1","O.O.OXX.X"
"O...OXX.X","..OXO.X.X","O","1","-1","OO..OXX.X"
"O...OXX.X","..OXO.X.X","O","3","-1","O..OOXX.X"
"O...OXX.X","..OXO.X.X","O","7","-1","O...OXXOX"
"O...OXXOX","..OXO.XOX","X","2","1","O.X.OXXOX"
"O...OXXOX","..OXO.XOX","X","1","0","OX..OXXOX"
"O...OXXOX","..OXO.XOX","X","3","-1","O..XOXXOX"
"O...OXXX.","..OXO..XX","O","2","-1","O.O.OXXX."
"O...OXXX.","..OXO..XX","O","8","1","O...OXXXO"
"O...OXXX.","..OXO..XX","O","1","-1","OO..OXXX."
"O...OXXX.","..OXO..XX","O","3","-1","O..OOXXX."
"O...X....","....X...O","X","2","0","O.X.X...."
"O...X....","....X...O","X","6","0","O...X.X.."
"O...X....","....X...O","X","8","0","O...X...X"
"O...X....","....X...O","X","1","0","OX..X...."
"O...X....","....X...O","X","3","0","O..XX...."
"O...X....","....X...O","X","5","0","O...XX..."
"O...X....","....X...O","X","7","0","O...X..X."
"O...X...X","..O.X.X..","O","2","0","O.O.X...X"
"O...X...X","..O.X.X..","O","6","0","O...X.O.X"
"O...X...X","..O.X.X..","O","1","-1","OO..X...X"
"O...X...X","..O.X.X..","O","3","-1","O..OX...X"
"O...X...X","..O.X.X..","O","5","-1","O...XO..X"
"O...X...X","..O.X.X..","O","7","-1","O...X..OX"
"O...X..OX","..O.X.XO.","X","2","1","O.X.X..OX"
"O...X..OX","..O.X.XO.","X","6","0","O...X.XOX"
"O...X..OX","..O.X.XO.","X","1","0","OX..X..OX"
"O...X..OX","..O.X.XO.","X","3","0","O..XX..OX"
"O...X..OX","..O.X.XO.","X","5","1","O...XX.OX"
"O...X..X.","....XXO..","O","2","-1","O.O.X..X."
"O...X..X.","....XXO..","O","6","-1","O...X.OX."
"O...X..X.","....XXO..","O","8","-1","O...X..XO"
"O...X..X.","....XXO..","O","1","0","OO..X..X."
"O...X..X.","....XXO..","O","3","-1","O..OX..X."
"O...X..X.","....XXO..","O","5","-1","O...XO.X."
"O...X..XO","..O.X.OX.","X","2","1","O.X.X..XO"
"O...X..XO","..O.X.OX.","X","6","1","O...X.XXO"
"O...X..XO","..O.X.OX.","X","1","1","OX..X..XO"
"O...X..XO","..O.X.OX.","X","3","1","O..XX..XO"
"O...X..XO","..O.X.OX.","X","5","1","O...XX.XO"
"O...X.O.X","..O.X.X.O","X","2","-1","O.X.X.O.X"
"O...X.O.X","..O.X.X.O","X","1","-1","OX..X.O.X"
"O...X.O.X","..O.X.X.O","X","3","0","O..XX.O.X"
"O...X.O.X","..O.X.X.O","X","5","-1","O...XXO.X"
"O...X.O.X","..O.X.X.O","X","7","-1","O...X.OXX"
"O...X.OX.","....XXO.O","X","2","-1","O.X.X.OX."
"O...X.OX.","....XXO.O","X","8","-1","O...X.OXX"
"O...X.OX.","....XXO.O","X","1","1","OX..X.OX."
"O...X.OX.","....XXO.O","X","3","1","O..XX.OX."
"O...X.OX.","....XXO.O","X","5","-1","O...XXOX."
"O...X.OXX","..O.X.XXO","O","2","-1","O.O.X.OXX"
"O...X.OXX","..O.X.XXO","O","1","1","OO..X.OXX"
"O...X.OXX","..O.X.XXO","O","3","1","O..OX.OXX"
"O...X.OXX","..O.X.XXO","O","5","-1","O...XOOXX"
"O...X.X..","....X.O.X","O","2","0","O.O.X.X.."
"O...X.X..","....X.O.X","O","8","-1","O...X.X.O"
"O...X.X..","....X.O.X","O","1","-1","OO..X.X.."
"O...X.X..","....X.O.X","O","3","-1","O..OX.X.."
"O...X.X..","....X.O.X","O","5","-1","O...XOX.."
"O...X.X..","....X.O.X","O","7","-1","O...X.XO."
"O...X.X.O","..O.X.O.X","X","2","1","O.X.X.X.O"
"O...X.X.O","..O.X.O.X","X","1","1","OX..X.X.O"
"O...X.X.O","..O.X.O.X","X","3","1","O..XX.X.O"
"O...X.X.O","..O.X.O.X","X","5","1","O...XXX.O"
"O...X.X.O","..O.X.O.X","X","7","1","O...X.XXO"
"O...X.XO.","....XOO.X","X","2","1","O.X.X.XO."
"O...X.XO.","....XOO.X","X","8","0","O...X.XOX"
"O...X.XO.","....XOO.X","X","1","0","OX..X.XO."
"O...X.XO.","....XOO.X","X","3","1","O..XX.XO."
"O...X.XO.","....XOO.X","X","5","1","O...XXXO."
"O...X.XOX","..O.X.XOX","O","2","0","O.O.X.XOX"
"O...X.XOX","..O.X.XOX","O","1","-1","OO..X.XOX"
"O...X.XOX","..O.X.XOX","O","3","-1","O..OX.XOX"
"O...X.XOX","..O.X.XOX","O","5","-1","O...XOXOX"
"O...X.XXO","..O.X.OXX","O","2","-1","O.O.X.XXO"
"O...X.XXO","..O.X.OXX","O","1","-1","OO..X.XXO"
"O...X.XXO","..O.X.OXX","O","3","-1","O..OX.XXO"
"O...X.XXO","..O.X.OXX","O","5","-1","O...XOXXO"
"O...XO..X","..O.X.XO.","X","2","0","O.X.XO..X"
"O...XO..X","..O.X.XO.","X","6","1","O...XOX.X"
"O...XO..X","..O.X.XO.","X","1","0","OX..XO..X"
"O...XO..X","..O.X.XO.","X","3","0","O..XXO..X"
"O...XO..X","..O.X.XO.","X","7","1","O...XO.XX"
"O...XO.X.","..OOX..X.","X","2","1","O.X.XO.X."
"O...XO.X.","..OOX..X.","X","6","1","O...XOXX."
"O...XO.X.","..OOX..X.","X","8","1","O...XO.XX"
"O...XO.X.","..OOX..X.","X","1","1","OX..XO.X."
"O...XO.X.","..OOX..X.","X","3","0","O..XXO.X."
"O...XO.XX","..OOX.XX.","O","2","-1","O.O.XO.XX"
"O...XO.XX","..OOX.XX.","O","6","-1","O...XOOXX"
"O...XO.XX","..OOX.XX.","O","1","-1","OO..XO.XX"
"O...XO.XX","..OOX.XX.","O","3","-1","O..OXO.XX"
"O...XOOXX","..OOX.XXO","X","2","-1","O.X.XOOXX"
"O...XOOXX","..OOX.XXO","X","1","1","OX..XOOXX"
"O...XOOXX","..OOX.XXO","X","3","0","O..XXOOXX"
"O...XOX..","..OOX...X","X","2","1","O.X.XOX.."
"O...XOX..","..OOX...X","X","8","1","O...XOX.X"
"O...XOX..","..OOX...X","X","1","1","OX..XOX.."
"O...XOX..","..OOX...X","X","3","-1","O..XXOX.."
"O...XOX..","..OOX...X","X","7","1","O...XOXX."
"O...XOX.X","..OOX.X.X","O","2","-1","O.O.XOX.X"
"O...XOX.X","..OOX.X.X","O","1","-1","OO..XOX.X"
"O...XOX.X","..OOX.X.X","O","3","-1","O..OXOX.X"
"O...XOX.X","..OOX.X.X","O","7","-1","O...XOXOX"
"O...XOXOX","..OOX.XOX","X","2","1","O.X.XOXOX"
"O...XOXOX","..OOX.XOX","X","1","0","OX..XOXOX"
"O...XOXOX","..OOX.XOX","X","3","0","O..XXOXOX"
"O...XOXX.","..OOX..XX","O","2","-1","O.O.XOXX."
"O...XOXX.","..OOX..XX","O","8","-1","O...XOXXO"
"O...XOXX.","..OOX..XX","O","1","-1","OO..XOXX."
"O...XOXX.","..OOX..XX","O","3","-1","O..OXOXX."
"O...XOXXO","..OOX.OXX","X","2","1","O.X.XOXXO"
"O...XOXXO","..OOX.OXX","X","1","1","OX..XOXXO"
"O...XOXXO","..OOX.OXX","X","3","-1","O..XXOXXO"
"O...XX...","....XXO..","O","2","-1","O.O.XX..."
"O...XX...","....XXO..","O","6","-1","O...XXO.."
"O...XX...","....XXO..","O","8","-1","O...XX..O"
"O...XX...","....XXO..","O","1","-1","OO..XX..."
"O...XX...","....XXO..","O","3","0","O..OXX..."
"O...XX...","....XXO..","O","7","-1","O...XX.O."
"O...XX..O","..O.X.OX.","X","2","1","O.X.XX..O"
"O...XX..O","..O.X.OX.","X","6","1","O...XXX.O"
"O...XX..O","..O.X.OX.","X","1","1","OX..XX..O"
"O...XX..O","..O.X.OX.","X","3","1","O..XXX..O"
"O...XX..O","..O.X.OX.","X","7","1","O...XX.XO"
"O...XX.O.","..OOX..X.","X","2","1","O.X.XX.O."
"O...XX.O.","..OOX..X.","X","6","1","O...XXXO."
"O...XX.O.","..OOX..X.","X","8","1","O...XX.OX"
"O...XX.O.","..OOX..X.","X","1","0","OX..XX.O."
"O...XX.O.","..OOX..X.","X","3","1","O..XXX.O."
"O...XX.OX","..OOX.XX.","O","2","-1","O.O.XX.OX"
"O...XX.OX","..OOX.XX.","O","6","-1","O...XXOOX"
"O...XX.OX","..OOX.XX.","O","1","-1","OO..XX.OX"
"O...XX.OX","..OOX.XX.","O","3","-1","O..OXX.OX"
"O...XX.XO","..OXX.OX.","O","2","-1","O.O.XX.XO"
"O...XX.XO","..OXX.OX.","O","6","-1","O...XXOXO"
"O...XX.XO","..OXX.OX.","O","1","-1","OO..XX.XO"
"O...XX.XO","..OXX.OX.","O","3","-1","O..OXX.XO"
"O...XXO..","..OXX...O","X","2","-1","O.X.XXO.."
"O...XXO..","..OXX...O","X","8","-1","O...XXO.X"
"O...XXO..","..OXX...O","X","1","-1","OX..XXO.."
"O...XXO..","..OXX...O","X","3","1","O..XXXO.."
"O...XXO..","..OXX...O","X","7","-1","O...XXOX."
"O...XXO.X","..OXX.X.O","O","2","-1","O.O.XXO.X"
"O...XXO.X","..OXX.X.O","O","1","-1","OO..XXO.X"
"O...XXO.X","..OXX.X.O","O","3","1","O..OXXO.X"
"O...XXO.X","..OXX.X.O","O","7","-1","O...XXOOX"
"O...XXOOX","..OXX.XOO","X","2","1","O.X.XXOOX"
"O...XXOOX","..OXX.XOO","X","1","-1","OX..XXOOX"
"O...XXOOX","..OXX.XOO","X","3","1","O..XXXOOX"
"O...XXOX.","..OXX..XO","O","2","-1","O.O.XXOX."
"O...XXOX.","..OXX..XO","O","8","-1","O...XXOXO"
"O...XXOX.","..OXX..XO","O","1","-1","OO..XXOX."
"O...XXOX.","..OXX..XO","O","3","1","O..OXXOX."
"O...XXOXO","..OXX.OXO","X","2","-1","O.X.XXOXO"
"O...XXOXO","..OXX.OXO","X","1","1","OX..XXOXO"
"O...XXOXO","..OXX.OXO","X","3","1","O..XXXOXO"
"O...XXX.O","..OXX.O.X","O","2","-1","O.O.XXX.O"
"O...XXX.O","..OXX.O.X","O","1","-1","OO..XXX.O"
"O...XXX.O","..OXX.O.X","O","3","-1","O..OXXX.O"
"O...XXX.O","..OXX.O.X","O","7","-1","O...XXXOO"
"O...XXXO.","..OXX..OX","O","2","-1","O.O.XXXO."
"O...XXXO.","..OXX..OX","O","8","-1","O...XXXOO"
"O...XXXO.","..OXX..OX","O","1","-1","OO..XXXO."
"O...XXXO.","..OXX..OX","O","3","-1","O..OXXXO."
"O...XXXOO","..OXX.OOX","X","2","1","O.X.XXXOO"
"O...XXXOO","..OXX.OOX","X","1","1","OX..XXXOO"
"O...XXXOO","..OXX.OOX","X","3","1","O..XXXXOO"
"O..O...XX","..O..OXX.","X","4","-1","O..OX..XX"
"O..O...XX","..O..OXX.","X","2","-1","O.XO...XX"
"O..O...XX","..O..OXX.","X","6","1","O..O..XXX"
"O..O...XX","..O..OXX.","X","1","-1","OX.O...XX"
"O..O...XX","..O..OXX.","X","5","-1","O..O.X.XX"
"O..O..X.X","..O..OX.X","X","4","1","O..OX.X.X"
"O..O..X.X","..O..OX.X","X","2","1","O.XO..X.X"
"O..O..X.X","..O..OX.X","X","1","1","OX.O..X.X"
"O..O..X.X","..O..OX.X","X","5","1","O..O.XX.X"
"O..O..X.X","..O..OX.X","X","7","1","O..O..XXX"
"O..O..XX.",".....XOOX","X","4","1","O..OX.XX."
"O..O..XX.",".....XOOX","X","2","1","O.XO..XX."
"O..O..XX.",".....XOOX","X","8","1","O..O..XXX"
"O..O..XX.",".....XOOX","X","1","1","OX.O..XX."
"O..O..XX.",".....XOOX","X","5","1","O..O.XXX."
"O..O.X..X","..OX.OX..","X","4","-1","O..OXX..X"
"O..O.X..X","..OX.OX..","X","2","1","O.XO.X..X"
"O..O.X..X","..OX.OX..","X","6","1","O..O.XX.X"
"O..O.X..X","..OX.OX..","X","1","-1","OX.O.X..X"
"O..O.X..X","..OX.OX..","X","7","-1","O..O.X.XX"
"O..O.X.X.","..OX.O.X.","X","4","-1","O..OXX.X."
"O..O.X.X.","..OX.O.X.","X","2","-1","O.XO.X.X."
"O..O.X.X.","..OX.O.X.","X","6","1","O..O.XXX."
"O..O.X.X.","..OX.O.X.","X","8","-1","O..O.X.XX"
"O..O.X.X.","..OX.O.X.","X","1","-1","OX.O.X.X."
"O..O.X.XX","..OX.OXX.","O","4","-1","O..OOX.XX"
"O..O.X.XX","..OX.OXX.","O","2","-1","O.OO.X.XX"
"O..O.X.XX","..OX.OXX.","O","6","1","O..O.XOXX"
"O..O.X.XX","..OX.OXX.","O","1","-1","OO.O.X.XX"
"O..O.XX..","..OX.O..X","X","4","0","O..OXXX.."
"O..O.XX..","..OX.O..X","X","2","1","O.XO.XX.."
"O..O.XX..","..OX.O..X","X","8","1","O..O.XX.X"
"O..O.XX..","..OX.O..X","X","1","1","OX.O.XX.."
"O..O.XX..","..OX.O..X","X","7","1","O..O.XXX."
"O..O.XX.X","..OX.OX.X","O","4","-1","O..OOXX.X"
"O..O.XX.X","..OX.OX.X","O","2","-1","O.OO.XX.X"
"O..O.XX.X","..OX.OX.X","O","1","-1","OO.O.XX.X"
"O..O.XX.X","..OX.OX.X","O","7","-1","O..O.XXOX"
"O..O.XXOX","..OX.OXOX","X","4","0","O..OXXXOX"
"O..O.XXOX","..OX.OXOX","X","2","1","O.XO.XXOX"
"O..O.XXOX","..OX.OXOX","X","1","0","OX.O.XXOX"
"O..O.XXX.","..OX.O.XX","O","4","-1","O..OOXXX."
"O..O.XXX.","..OX.O.XX","O","2","-1","O.OO.XXX."
"O..O.XXX.","..OX.O.XX","O","8","-1","O..O.XXXO"
"O..O.XXX.","..OX.O.XX","O","1","-1","OO.O.XXX."
"O..O.XXXO","..OX.OOXX","X","4","1","O..OXXXXO"
"O..O.XXXO","..OX.OOXX","X","2","-1","O.XO.XXXO"
"O..O.XXXO","..OX.OOXX","X","1","-1","OX.O.XXXO"
"O..OOX.XX","..OXOOXX.","X","2","1","O.XOOX.XX"
"O..OOX.XX","..OXOOXX.","X","6","1","O..OOXXXX"
"O..OOX.XX","..OXOOXX.","X","1","-1","OX.OOX.XX"
"O..OOXX.X","..OXOOX.X","X","2","1","O.XOOXX.X"
"O..OOXX.X","..OXOOX.X","X","1","1","OX.OOXX.X"
"O..OOXX.X","..OXOOX.X","X","7","1","O..OOXXXX"
"O..OOXXX.","..OXOO.XX","X","2","-1","O.XOOXXX."
"O..OOXXX.","..OXOO.XX","X","8","1","O..OOXXXX"
"O..OOXXX.","..OXOO.XX","X","1","-1","OX.OOXXX."
"O..OX...X","..O.XOX..","X","2","-1","O.XOX...X"
"O..OX...X","..O.XOX..","X","6","1","O..OX.X.X"
"O..OX...X","..O.XOX..","X","1","-1","OX.OX...X"
"O..OX...X","..O.XOX..","X","5","-1","O..OXX..X"
"O..OX...X","..O.XOX..","X","7","-1","O..OX..XX"
"O..OX..X.","....XXOO.","X","2","-1","O.XOX..X."
"O..OX..X.","....XXOO.","X","6","1","O..OX.XX."
"O..OX..X.","....XXOO.","X","8","-1","O..OX..XX"
"O..OX..X.","....XXOO.","X","1","1","OX.OX..X."
"O..OX..X.","....XXOO.","X","5","-1","O..OXX.X."
"O..OX..XX","..O.XOXX.","O","2","-1","O.OOX..XX"
"O..OX..XX","..O.XOXX.","O","6","1","O..OX.OXX"
"O..OX..XX","..O.XOXX.","O","1","-1","OO.OX..XX"
"O..OX..XX","..O.XOXX.","O","5","-1","O..OXO.XX"
"O..OX.X..","....X.OOX","X","2","1","O.XOX.X.."
"O..OX.X..","....X.OOX","X","8","1","O..OX.X.X"
"O..OX.X..","....X.OOX","X","1","1","OX.OX.X.."
"O..OX.X..","....X.OOX","X","5","0","O..OXXX.."
"O..OX.X..","....X.OOX","X","7","1","O..OX.XX."
"O..OX.X.X","..O.XOX.X","O","2","-1","O.OOX.X.X"
"O..OX.X.X","..O.XOX.X","O","1","-1","OO.OX.X.X"
"O..OX.X.X","..O.XOX.X","O","5","-1","O..OXOX.X"
"O..OX.X.X","..O.XOX.X","O","7","-1","O..OX.XOX"
"O..OX.XOX","..O.XOXOX","X","2","1","O.XOX.XOX"
"O..OX.XOX","..O.XOXOX","X","1","0","OX.OX.XOX"
"O..OX.XOX","..O.XOXOX","X","5","0","O..OXXXOX"
"O..OX.XX.","....XXOOX","O","2","-1","O.OOX.XX."
"O..OX.XX.","....XXOOX","O","8","-1","O..OX.XXO"
"O..OX.XX.","....XXOOX","O","1","-1","OO.OX.XX."
"O..OX.XX.","....XXOOX","O","5","-1","O..OXOXX."
"O..OX.XXO","..O.XOOXX","X","2","1","O.XOX.XXO"
"O..OX.XXO","..O.XOOXX","X","1","1","OX.OX.XXO"
"O..OX.XXO","..O.XOOXX","X","5","1","O..OXXXXO"
"O..OXO.XX","..OOXOXX.","X","2","-1","O.XOXO.XX"
"O..OXO.XX","..OOXOXX.","X","6","1","O..OXOXXX"
"O..OXO.XX","..OOXOXX.","X","1","1","OX.OXO.XX"
"O..OXOX.X","..OOXOX.X","X","2","1","O.XOXOX.X"
"O..OXOX.X","..OOXOX.X","X","1","1","OX.OXOX.X"
"O..OXOX.X","..OOXOX.X","X","7","1","O..OXOXXX"
"O..OXOXX.","..OOXO.XX","X","2","1","O.XOXOXX."
"O..OXOXX.","..OOXO.XX","X","8","1","O..OXOXXX"
"O..OXOXX.","..OOXO.XX","X","1","1","OX.OXOXX."
"O..OXX...","...OXXO..","X","2","-1","O.XOXX..."
"O..OXX...","...OXXO..","X","6","0","O..OXXX.."
"O..OXX...","...OXXO..","X","8","-1","O..OXX..X"
"O..OXX...","...OXXO..","X","1","-1","OX.OXX..."
"O..OXX...","...OXXO..","X","7","-1","O..OXX.X."
"O..OXX..X","..OXXOX..","O","2","1","O.OOXX..X"
"O..OXX..X","..OXXOX..","O","6","1","O..OXXO.X"
"O..OXX..X","..OXXOX..","O","1","-1","OO.OXX..X"
"O..OXX..X","..OXXOX..","O","7","-1","O..OXX.OX"
"O..OXX.OX","..OXXOXO.","X","2","1","O.XOXX.OX"
"O..OXX.OX","..OXXOXO.","X","6","0","O..OXXXOX"
"O..OXX.OX","..OXXOXO.","X","1","-1","OX.OXX.OX"
"O..OXX.X.","..OXXO.X.","O","2","-1","O.OOXX.X."
"O..OXX.X.","..OXXO.X.","O","6","1","O..OXXOX."
"O..OXX.X.","..OXXO.X.","O","8","-1","O..OXX.XO"
"O..OXX.X.","..OXXO.X.","O","1","1","OO.OXX.X."
"O..OXX.XO","..OXXOOX.","X","2","-1","O.XOXX.XO"
"O..OXX.XO","..OXXOOX.","X","6","1","O..OXXXXO"
"O..OXX.XO","..OXXOOX.","X","1","1","OX.OXX.XO"
"O..OXXX..","..OXXO..X","O","2","0","O.OOXXX.."
"O..OXXX..","..OXXO..X","O","8","-1","O..OXXX.O"
"O..OXXX..","..OXXO..X","O","1","-1","OO.OXXX.."
"O..OXXX..","..OXXO..X","O","7","-1","O..OXXXO."
"O..OXXX.O","..OXXOO.X","X","2","1","O.XOXXX.O"
"O..OXXX.O","..OXXOO.X","X","1","1","OX.OXXX.O"
"O..OXXX.O","..OXXOO.X","X","7","1","O..OXXXXO"
"O..OXXXO.","..OXXO.OX","X","2","1","O.XOXXXO."
"O..OXXXO.","..OXXO.OX","X","8","0","O..OXXXOX"
"O..OXXXO.","..OXXO.OX","X","1","0","OX.OXXXO."
"O..OXXXOX","..OXXOXOX","O","2","0","O.OOXXXOX"
"O..OXXXOX","..OXXOXOX","O","1","-1","OO.OXXXOX"
"O..OXXXXO","..OXXOOXX","O","2","-1","O.OOXXXXO"
"O..OXXXXO","..OXXOOXX","O","1","-1","OO.OXXXXO"
"O..X.....",".......XO","X","4","0","O..XX...."
"O..X.....",".......XO","X","2","0","O.XX....."
"O..X.....",".......XO","X","6","-1","O..X..X.."
"O..X.....",".......XO","X","8","0","O..X....X"
"O..X.....",".......XO","X","1","0","OX.X....."
"O..X.....",".......XO","X","5","-1","O..X.X..."
"O..X.....",".......XO","X","7","-1","O..X...X."
"O..X....X","..O..XX..","O","4","0","O..XO...X"
"O..X....X","..O..XX..","O","2","0","O.OX....X"
"O..X....X","..O..XX..","O","6","-1","O..X..O.X"
"O..X....X","..O..XX..","O","1","-1","OO.X....X"
"O..X....X","..O..XX..","O","5","0","O..X.O..X"
"O..X....X","..O..XX..","O","7","-1","O..X...OX"
"O..X...OX","..O..XXO.","X","4","0","O..XX..OX"
"O..X...OX","..O..XXO.","X","2","0","O.XX...OX"
"O..X...OX","..O..XXO.","X","6","-1","O..X..XOX"
"O..X...OX","..O..XXO.","X","1","0","OX.X...OX"
"O..X...OX","..O..XXO.","X","5","1","O..X.X.OX"
"O..X...X.",".....XOX.","O","4","0","O..XO..X."
"O..X...X.",".....XOX.","O","2","1","O.OX...X."
"O..X...X.",".....XOX.","O","6","-1","O..X..OX."
"O..X...X.",".....XOX.","O","8","-1","O..X...XO"
"O..X...X.",".....XOX.","O","1","-1","OO.X...X."
"O..X...X.",".....XOX.","O","5","0","O..X.O.X."
"O..X...XO","..O..XOX.","X","4","1","O..XX..XO"
"O..X...XO","..O..XOX.","X","2","-1","O.XX...XO"
"O..X...XO","..O..XOX.","X","6","-1","O..X..XXO"
"O..X...XO","..O..XOX.","X","1","-1","OX.X...XO"
"O..X...XO","..O..XOX.","X","5","-1","O..X.X.XO"
"O..X..O.X","..O..XX.O","X","4","0","O..XX.O.X"
"O..X..O.X","..O..XX.O","X","2","0","O.XX..O.X"
"O..X..O.X","..O..XX.O","X","1","0","OX.X..O.X"
"O..X..O.X","..O..XX.O","X","5","1","O..X.XO.X"
"O..X..O.X","..O..XX.O","X","7","-1","O..X..OXX"
"O..X..OX.",".....XOXO","X","4","1","O..XX.OX."
"O..X..OX.",".....XOXO","X","2","0","O.XX..OX."
"O..X..OX.",".....XOXO","X","8","-1","O..X..OXX"
"O..X..OX.",".....XOXO","X","1","-1","OX.X..OX."
"O..X..OX.",".....XOXO","X","5","-1","O..X.XOX."
"O..X..OXX","..O..XXXO","O","4","0","O..XO.OXX"
"O..X..OXX","..O..XXXO","O","2","1","O.OX..OXX"
"O..X..OXX","..O..XXXO","O","1","0","OO.X..OXX"
"O..X..OXX","..O..XXXO","O","5","0","O..X.OOXX"
"O..X..X..","......OXX","O","4","0","O..XO.X.."
"O..X..X..","......OXX","O","2","1","O.OX..X.."
"O..X..X..","......OXX","O","8","-1","O..X..X.O"
"O..X..X..","......OXX","O","1","1","OO.X..X.."
"O..X..X..","......OXX","O","5","0","O..X.OX.."
"O..X..X..","......OXX","O","7","-1","O..X..XO."
"O..X..X.O","..O...OXX","X","4","1","O..XX.X.O"
"O..X..X.O","..O...OXX","X","2","-1","O.XX..X.O"
"O..X..X.O","..O...OXX","X","1","-1","OX.X..X.O"
"O..X..X.O","..O...OXX","X","5","-1","O..X.XX.O"
"O..X..X.O","..O...OXX","X","7","-1","O..X..XXO"
"O..X..XO.",".....OOXX","X","4","1","O..XX.XO."
"O..X..XO.",".....OOXX","X","2","-1","O.XX..XO."
"O..X..XO.",".....OOXX","X","8","-1","O..X..XOX"
"O..X..XO.",".....OOXX","X","1","0","OX.X..XO."
"O..X..XO.",".....OOXX","X","5","-1","O..X.XXO."
"O..X..XOX","..O..XXOX","O","4","0","O..XO.XOX"
"O..X..XOX","..O..XXOX","O","2","0","O.OX..XOX"
"O..X..XOX","..O..XXOX","O","1","1","OO.X..XOX"
"O..X..XOX","..O..XXOX","O","5","0","O..X.OXOX"
"O..X..XXO","..O..XOXX","O","4","1","O..XO.XXO"
"O..X..XXO","..O..XOXX","O","2","1","O.OX..XXO"
"O..X..XXO","..O..XOXX","O","1","1","OO.X..XXO"
"O..X..XXO","..O..XOXX","O","5","1","O..X.OXXO"
"O..X.O..X","..OO.XX..","X","4","0","O..XXO..X"
"O..X.O..X","..OO.XX..","X","2","0","O.XX.O..X"
"O..X.O..X","..OO.XX..","X","6","0","O..X.OX.X"
"O..X.O..X","..OO.XX..","X","1","0","OX.X.O..X"
"O..X.O..X","..OO.XX..","X","7","0","O..X.O.XX"
"O..X.O.X.","..OO.X.X.","X","4","0","O..XXO.X."
"O..X.O.X.","..OO.X.X.","X","2","0","O.XX.O.X."
"O..X.O.X.","..OO.X.X.","X","6","-1","O..X.OXX."
"O..X.O.X.","..OO.X.X.","X","8","0","O..X.O.XX"
"O..X.O.X.","..OO.X.X.","X","1","0","OX.X.O.X."
"O..X.O.XX","..OO.XXX.","O","4","-1","O..XOO.XX"
"O..X.O.XX","..OO.XXX.","O","2","-1","O.OX.O.XX"
"O..X.O.XX","..OO.XXX.","O","6","0","O..X.OOXX"
"O..X.O.XX","..OO.XXX.","O","1","-1","OO.X.O.XX"
"O..X.OOXX","..OO.XXXO","X","4","0","O..XXOOXX"
"O..X.OOXX","..OO.XXXO","X","2","0","O.XX.OOXX"
"O..X.OOXX","..OO.XXXO","X","1","0","OX.X.OOXX"
"O..X.OX..","..OO.X..X","X","4","-1","O..XXOX.."
"O..X.OX..","..OO.X..X","X","2","0","O.XX.OX.."
"O..X.OX..","..OO.X..X","X","8","0","O..X.OX.X"
"O..X.OX..","..OO.X..X","X","1","-1","OX.X.OX.."
"O..X.OX..","..OO.X..X","X","7","-1","O..X.OXX."
"O..X.OX.X","..OO.XX.X","O","4","-1","O..XOOX.X"
"O..X.OX.X","..OO.XX.X","O","2","-1","O.OX.OX.X"
"O..X.OX.X","..OO.XX.X","O","1","-1","OO.X.OX.X"
"O..X.OX.X","..OO.XX.X","O","7","0","O..X.OXOX"
"O..X.OXOX","..OO.XXOX","X","4","0","O..XXOXOX"
"O..X.OXOX","..OO.XXOX","X","2","0","O.XX.OXOX"
"O..X.OXOX","..OO.XXOX","X","1","0","OX.X.OXOX"
"O..X.OXX.","..OO.X.XX","O","4","-1","O..XOOXX."
"O..X.OXX.","..OO.X.XX","O","2","-1","O.OX.OXX."
"O..X.OXX.","..OO.X.XX","O","8","1","O..X.OXXO"
"O..X.OXX.","..OO.X.XX","O","1","-1","OO.X.OXX."
"O..X.OXXO","..OO.XOXX","X","4","-1","O..XXOXXO"
"O..X.OXXO","..OO.XOXX","X","2","-1","O.XX.OXXO"
"O..X.OXXO","..OO.XOXX","X","1","-1","OX.X.OXXO"
"O..X.X...","...X.X..O","O","4","1","O..XOX..."
"O..X.X...","...X.X..O","O","2","-1","O.OX.X..."
"O..X.X...","...X.X..O","O","6","-1","O..X.XO.."
"O..X.X...","...X.X..O","O","8","-1","O..X.X..O"
"O..X.X...","...X.X..O","O","1","-1","OO.X.X..."
"O..X.X...","...X.X..O","O","7","-1","O..X.X.O."
"O..X.X..O","..OX.XO..","X","4","1","O..XXX..O"
"O..X.X..O","..OX.XO..","X","2","-1","O.XX.X..O"
"O..X.X..O","..OX.XO..","X","6","-1","O..X.XX.O"
"O..X.X..O","..OX.XO..","X","1","-1","OX.X.X..O"
"O..X.X..O","..OX.XO..","X","7","-1","O..X.X.XO"
"O..X.X.O.","..OX.X.O.","X","4","1","O..XXX.O."
"O..X.X.O.","..OX.X.O.","X","2","1","O.XX.X.O."
"O..X.X.O.","..OX.X.O.","X","6","-1","O..X.XXO."
"O..X.X.O.","..OX.X.O.","X","8","1","O..X.X.OX"
"O..X.X.O.","..OX.X.O.","X","1","0","OX.X.X.O."
"O..X.X.OX","..OX.XXO.","O","4","-1","O..XOX.OX"
"O..X.X.OX","..OX.XXO.","O","2","-1","O.OX.X.OX"
"O..X.X.OX","..OX.XXO.","O","6","-1","O..X.XOOX"
"O..X.X.OX","..OX.XXO.","O","1","-1","OO.X.X.OX"
"O..X.X.XO","..OX.XOX.","O","4","1","O..XOX.XO"
"O..X.X.XO","..OX.XOX.","O","2","-1","O.OX.X.XO"
"O..X.X.XO","..OX.XOX.","O","6","-1","O..X.XOXO"
"O..X.X.XO","..OX.XOX.","O","1","-1","OO.X.X.XO"
"O..X.XO..","..OX.X..O","X","4","1","O..XXXO.."
"O..X.XO..","..OX.X..O","X","2","1","O.XX.XO.."
"O..X.XO..","..OX.X..O","X","8","1","O..X.XO.X"
"O..X.XO..","..OX.X..O","X","1","-1","OX.X.XO.."
"O..X.XO..","..OX.X..O","X","7","-1","O..X.XOX."
"O..X.XO.X","..OX.XX.O","O","4","-1","O..XOXO.X"
"O..X.XO.X","..OX.XX.O","O","2","-1","O.OX.XO.X"
"O..X.XO.X","..OX.XX.O","O","1","-1","OO.X.XO.X"
"O..X.XO.X","..OX.XX.O","O","7","-1","O..X.XOOX"
"O..X.XOOX","..OX.XXOO","X","4","1","O..XXXOOX"
"O..X.XOOX","..OX.XXOO","X","2","1","O.XX.XOOX"
"O..X.XOOX","..OX.XXOO","X","1","1","OX.X.XOOX"
"O..X.XOX.","..OX.X.XO","O","4","1","O..XOXOX."
"O..X.XOX.","..OX.X.XO","O","2","-1","O.OX.XOX."
"O..X.XOX.","..OX.X.XO","O","8","-1","O..X.XOXO"
"O..X.XOX.","..OX.X.XO","O","1","-1","OO.X.XOX."
"O..X.XOXO","..OX.XOXO","X","4","1","O..XXXOXO"
"O..X.XOXO","..OX.XOXO","X","2","-1","O.XX.XOXO"
"O..X.XOXO","..OX.XOXO","X","1","-1","OX.X.XOXO"
"O..X.XX.O","..OX.XO.X","O","4","1","O..XOXX.O"
"O..X.XX.O","..OX.XO.X","O","2","-1","O.OX.XX.O"
"O..X.XX.O","..OX.XO.X","O","1","-1","OO.X.XX.O"
"O..X.XX.O","..OX.XO.X","O","7","-1","O..X.XXOO"
"O..X.XXO.","..OX.X.OX","O","4","1","O..XOXXO."
"O..X.XXO.","..OX.X.OX","O","2","-1","O.OX.XXO."
"O..X.XXO.","..OX.X.OX","O","8","-1","O..X.XXOO"
"O..X.XXO.","..OX.X.OX","O","1","-1","OO.X.XXO."
"O..X.XXOO","..OX.XOOX","X","4","1","O..XXXXOO"
"O..X.XXOO","..OX.XOOX","X","2","-1","O.XX.XXOO"
"O..X.XXOO","..OX.XOOX","X","1","-1","OX.X.XXOO"
"O..XO...X","..O.OXX..","X","2","0","O.XXO...X"
"O..XO...X","..O.OXX..","X","6","0","O..XO.X.X"
"O..XO...X","..O.OXX..","X","1","0","OX.XO...X"
"O..XO...X","..O.OXX..","X","5","-1","O..XOX..X"
"O..XO...X","..O.OXX..","X","7","0","O..XO..XX"
"O..XO..X.","....OXOX.","X","2","-1","O.XXO..X."
"O..XO..X.","....OXOX.","X","6","-1","O..XO.XX."
"O..XO..X.","....OXOX.","X","8","0","O..XO..XX"
"O..XO..X.","....OXOX.","X","1","-1","OX.XO..X."
"O..XO..X.","....OXOX.","X","5","-1","O..XOX.X."
"O..XO..XX","..O.OXXX.","O","2","-1","O.OXO..XX"
"O..XO..XX","..O.OXXX.","O","6","0","O..XO.OXX"
"O..XO..XX","..O.OXXX.","O","1","-1","OO.XO..XX"
"O..XO..XX","..O.OXXX.","O","5","-1","O..XOO.XX"
"O..XO.OXX","..O.OXXXO","X","2","0","O.XXO.OXX"
"O..XO.OXX","..O.OXXXO","X","1","-1","OX.XO.OXX"
"O..XO.OXX","..O.OXXXO","X","5","-1","O..XOXOXX"
"O..XO.X..","....O.OXX","X","2","-1","O.XXO.X.."
"O..XO.X..","....O.OXX","X","8","0","O..XO.X.X"
"O..XO.X..","....O.OXX","X","1","-1","OX.XO.X.."
"O..XO.X..","....O.OXX","X","5","-1","O..XOXX.."
"O..XO.X..","....O.OXX","X","7","-1","O..XO.XX."
"O..XO.X.X","..O.OXX.X","O","2","-1","O.OXO.X.X"
"O..XO.X.X","..O.OXX.X","O","1","-1","OO.XO.X.X"
"O..XO.X.X","..O.OXX.X","O","5","-1","O..XOOX.X"
"O..XO.X.X","..O.OXX.X","O","7","0","O..XO.XOX"
"O..XO.XOX","..O.OXXOX","X","2","-1","O.XXO.XOX"
"O..XO.XOX","..O.OXXOX","X","1","0","OX.XO.XOX"
"O..XO.XOX","..O.OXXOX","X","5","-1","O..XOXXOX"
"O..XO.XX.","....OXOXX","O","2","-1","O.OXO.XX."
"O..XO.XX.","....OXOXX","O","8","1","O..XO.XXO"
"O..XO.XX.","....OXOXX","O","1","-1","OO.XO.XX."
"O..XO.XX.","....OXOXX","O","5","-1","O..XOOXX."
"O..XOO.XX","..OOOXXX.","X","2","0","O.XXOO.XX"
"O..XOO.XX","..OOOXXX.","X","6","1","O..XOOXXX"
"O..XOO.XX","..OOOXXX.","X","1","0","OX.XOO.XX"
"O..XOOX.X","..OOOXX.X","X","2","0","O.XXOOX.X"
"O..XOOX.X","..OOOXX.X","X","1","0","OX.XOOX.X"
"O..XOOX.X","..OOOXX.X","X","7","1","O..XOOXXX"
"O..XOOXX.","..OOOX.XX","X","2","-1","O.XXOOXX."
"O..XOOXX.","..OOOX.XX","X","8","1","O..XOOXXX"
"O..XOOXX.","..OOOX.XX","X","1","-1","OX.XOOXX."
"O..XOX...","...XOX..O","X","2","-1","O.XXOX..."
"O..XOX...","...XOX..O","X","6","-1","O..XOXX.."
"O..XOX...","...XOX..O","X","8","-1","O..XOX..X"
"O..XOX...","...XOX..O","X","1","-1","OX.XOX..."
"O..XOX...","...XOX..O","X","7","-1","O..XOX.X."
"O..XOX..X","..OXOXX..","O","2","1","O.OXOX..X"
"O..XOX..X","..OXOXX..","O","6","-1","O..XOXO.X"
"O..XOX..X","..OXOXX..","O","1","-1","OO.XOX..X"
"O..XOX..X","..OXOXX..","O","7","-1","O..XOX.OX"
"O..XOX.OX","..OXOXXO.","X","2","1","O.XXOX.OX"
"O..XOX.OX","..OXOXXO.","X","6","-1","O..XOXXOX"
"O..XOX.OX","..OXOXXO.","X","1","0","OX.XOX.OX"
"O..XOX.X.","..OXOX.X.","O","2","1","O.OXOX.X."
"O..XOX.X.","..OXOX.X.","O","6","1","O..XOXOX."
"O..XOX.X.","..OXOX.X.","O","8","1","O..XOX.XO"
"O..XOX.X.","..OXOX.X.","O","1","1","OO.XOX.X."
"O..XOXO.X","..OXOXX.O","X","2","1","O.XXOXO.X"
"O..XOXO.X","..OXOXX.O","X","1","-1","OX.XOXO.X"
"O..XOXO.X","..OXOXX.O","X","7","-1","O..XOXOXX"
"O..XOXOX.","..OXOX.XO","X","2","-1","O.XXOXOX."
"O..XOXOX.","..OXOX.XO","X","8","-1","O..XOXOXX"
"O..XOXOX.","..OXOX.XO","X","1","-1","OX.XOXOX."
"O..XOXOXX","..OXOXXXO","O","2","1","O.OXOXOXX"
"O..XOXOXX","..OXOXXXO","O","1","-1","OO.XOXOXX"
"O..XOXX..","..OXOX..X","O","2","1","O.OXOXX.."
"O..XOXX..","..OXOX..X","O","8","1","O..XOXX.O"
"O..XOXX..","..OXOX..X","O","1","1","OO.XOXX.."
"O..XOXX..","..OXOX..X","O","7","1","O..XOXXO."
"O..XOXXO.","..OXOX.OX","X","2","-1","O.XXOXXO."
"O..XOXXO.","..OXOX.OX","X","8","-1","O..XOXXOX"
"O..XOXXO.","..OXOX.OX","X","1","-1","OX.XOXXO."
"O..XOXXOX","..OXOXXOX","O","2","0","O.OXOXXOX"
"O..XOXXOX","..OXOXXOX","O","1","1","OO.XOXXOX"
"O..XX....","....X..XO","O","2","-1","O.OXX...."
"O..XX....","....X..XO","O","6","-1","O..XX.O.."
"O..XX....","....X..XO","O","8","-1","O..XX...O"
"O..XX....","....X..XO","O","1","-1","OO.XX...."
"O..XX....","....X..XO","O","5","0","O..XXO..."
"O..XX....","....X..XO","O","7","-1","O..XX..O."
"O..XX...O","..O.X.OX.","X","2","1","O.XXX...O"
"O..XX...O","..O.X.OX.","X","6","1","O..XX.X.O"
"O..XX...O","..O.X.OX.","X","1","1","OX.XX...O"
"O..XX...O","..O.X.OX.","X","5","1","O..XXX..O"
"O..XX...O","..O.X.OX.","X","7","1","O..XX..XO"
"O..XX..O.","....XOOX.","X","2","1","O.XXX..O."
"O..XX..O.","....XOOX.","X","6","1","O..XX.XO."
"O..XX..O.","....XOOX.","X","8","0","O..XX..OX"
"O..XX..O.","....XOOX.","X","1","0","OX.XX..O."
"O..XX..O.","....XOOX.","X","5","1","O..XXX.O."
"O..XX..OX","..O.XXXO.","O","2","-1","O.OXX..OX"
"O..XX..OX","..O.XXXO.","O","6","-1","O..XX.OOX"
"O..XX..OX","..O.XXXO.","O","1","-1","OO.XX..OX"
"O..XX..OX","..O.XXXO.","O","5","0","O..XXO.OX"
"O..XX..XO","..O.XXOX.","O","2","-1","O.OXX..XO"
"O..XX..XO","..O.XXOX.","O","6","-1","O..XX.OXO"
"O..XX..XO","..O.XXOX.","O","1","-1","OO.XX..XO"
"O..XX..XO","..O.XXOX.","O","5","-1","O..XXO.XO"
"O..XX.O..","....X.OXO","X","2","0","O.XXX.O.."
"O..XX.O..","....X.OXO","X","8","0","O..XX.O.X"
"O..XX.O..","....X.OXO","X","1","1","OX.XX.O.."
"O..XX.O..","....X.OXO","X","5","1","O..XXXO.."
"O..XX.O..","....X.OXO","X","7","1","O..XX.OX."
"O..XX.O.X","..O.XXX.O","O","2","-1","O.OXX.O.X"
"O..XX.O.X","..O.XXX.O","O","1","-1","OO.XX.O.X"
"O..XX.O.X","..O.XXX.O","O","5","0","O..XXOO.X"
"O..XX.O.X","..O.XXX.O","O","7","-1","O..XX.OOX"
"O..XX.OOX","..O.XXXOO","X","2","0","O.XXX.OOX"
"O..XX.OOX","..O.XXXOO","X","1","0","OX.XX.OOX"
"O..XX.OOX","..O.XXXOO","X","5","1","O..XXXOOX"
"O..XX.OX.","....XXOXO","O","2","-1","O.OXX.OX."
"O..XX.OX.","....XXOXO","O","8","-1","O..XX.OXO"
"O..XX.OX.","....XXOXO","O","1","-1","OO.XX.OX."
"O..XX.OX.","....XXOXO","O","5","-1","O..XXOOX."
"O..XX.OXO","..O.XXOXO","X","2","1","O.XXX.OXO"
"O..XX.OXO","..O.XXOXO","X","1","1","OX.XX.OXO"
"O..XX.OXO","..O.XXOXO","X","5","1","O..XXXOXO"
"O..XX.X.O","..O.X.OXX","O","2","-1","O.OXX.X.O"
"O..XX.X.O","..O.X.OXX","O","1","-1","OO.XX.X.O"
"O..XX.X.O","..O.X.OXX","O","5","-1","O..XXOX.O"
"O..XX.X.O","..O.X.OXX","O","7","-1","O..XX.XOO"
"O..XX.XO.","....XOOXX","O","2","-1","O.OXX.XO."
"O..XX.XO.","....XOOXX","O","8","-1","O..XX.XOO"
"O..XX.XO.","....XOOXX","O","1","-1","OO.XX.XO."
"O..XX.XO.","....XOOXX","O","5","-1","O..XXOXO."
"O..XX.XOO","..O.XOOXX","X","2","1","O.XXX.XOO"
"O..XX.XOO","..O.XOOXX","X","1","1","OX.XX.XOO"
"O..XX.XOO","..O.XOOXX","X","5","1","O..XXXXOO"
"O..XXO...","...OXX..O","X","2","0","O.XXXO..."
"O..XXO...","...OXX..O","X","6","-1","O..XXOX.."
"O..XXO...","...OXX..O","X","8","0","O..XXO..X"
"O..XXO...","...OXX..O","X","1","0","OX.XXO..."
"O..XXO...","...OXX..O","X","7","0","O..XXO.X."
"O..XXO..X","..OOXXX..","O","2","0","O.OXXO..X"
"O..XXO..X","..OOXXX..","O","6","0","O..XXOO.X"
"O..XXO..X","..OOXXX..","O","1","0","OO.XXO..X"
"O..XXO..X","..OOXXX..","O","7","0","O..XXO.OX"
"O..XXO.OX","..OOXXXO.","X","2","0","O.XXXO.OX"
"O..XXO.OX","..OOXXXO.","X","6","0","O..XXOXOX"
"O..XXO.OX","..OOXXXO.","X","1","0","OX.XXO.OX"
"O..XXO.X.","..OOXX.X.","O","2","-1","O.OXXO.X."
"O..XXO.X.","..OOXX.X.","O","6","-1","O..XXOOX."
"O..XXO.X.","..OOXX.X.","O","8","-1","O..XXO.XO"
"O..XXO.X.","..OOXX.X.","O","1","0","OO.XXO.X."
"O..XXO.XO","..OOXXOX.","X","2","1","O.XXXO.XO"
"O..XXO.XO","..OOXXOX.","X","6","-1","O..XXOXXO"
"O..XXO.XO","..OOXXOX.","X","1","1","OX.XXO.XO"
"O..XXOO.X","..OOXXX.O","X","2","0","O.XXXOO.X"
"O..XXOO.X","..OOXXX.O","X","1","0","OX.XXOO.X"
"O..XXOO.X","..OOXXX.O","X","7","0","O..XXOOXX"
"O..XXOOX.","..OOXX.XO","X","2","0","O.XXXOOX."
"O..XXOOX.","..OOXX.XO","X","8","0","O..XXOOXX"
"O..XXOOX.","..OOXX.XO","X","1","1","OX.XXOOX."
"O..XXOOXX","..OOXXXXO","O","2","-1","O.OXXOOXX"
"O..XXOOXX","..OOXXXXO","O","1","0","OO.XXOOXX"
"O..XXOX..","..OOXX..X","O","2","1","O.OXXOX.."
"O..XXOX..","..OOXX..X","O","8","-1","O..XXOX.O"
"O..XXOX..","..OOXX..X","O","1","-1","OO.XXOX.."
"O..XXOX..","..OOXX..X","O","7","-1","O..XXOXO."
"O..XXOX.O","..OOXXO.X","X","2","1","O.XXXOX.O"
"O..XXOX.O","..OOXXO.X","X","1","-1","OX.XXOX.O"
"O..XXOX.O","..OOXXO.X","X","7","-1","O..XXOXXO"
"O..XXOXO.","..OOXX.OX","X","2","1","O.XXXOXO."
"O..XXOXO.","..OOXX.OX","X","8","0","O..XXOXOX"
"O..XXOXO.","..OOXX.OX","X","1","0","OX.XXOXO."
"O..XXOXOX","..OOXXXOX","O","2","0","O.OXXOXOX"
"O..XXOXOX","..OOXXXOX","O","1","-1","OO.XXOXOX"
"O..XXOXXO","..OOXXOXX","O","2","1","O.OXXOXXO"
"O..XXOXXO","..OOXXOXX","O","1","-1","OO.XXOXXO"
"O.O....XX","..OX..X.O","X","4","-1","O.O.X..XX"
"O.O....XX","..OX..X.O","X","6","1","O.O...XXX"
"O.O....XX","..OX..X.O","X","1","1","OXO....XX"
"O.O....XX","..OX..X.O","X","3","-1","O.OX...XX"
"O.O....XX","..OX..X.O","X","5","-1","O.O..X.XX"
"O.O...X.X","O.O...X.X","X","4","-1","O.O.X.X.X"
"O.O...X.X","O.O...X.X","X","1","0","OXO...X.X"
"O.O...X.X","O.O...X.X","X","3","-1","O.OX..X.X"
"O.O...X.X","O.O...X.X","X","5","-1","O.O..XX.X"
"O.O...X.X","O.O...X.X","X","7","1","O.O...XXX"
"O.O...XX.","..OX..X.O","X","4","-1","O.O.X.XX."
"O.O...XX.","..OX..X.O","X","8","1","O.O...XXX"
"O.O...XX.","..OX..X.O","X","1","1","OXO...XX."
"O.O...XX.","..OX..X.O","X","3","-1","O.OX..XX."
"O.O...XX.","..OX..X.O","X","5","-1","O.O..XXX."
"O.O..X..X","..O...XXO","X","4","-1","O.O.XX..X"
"O.O..X..X","..O...XXO","X","6","-1","O.O..XX.X"
"O.O..X..X","..O...XXO","X","1","-1","OXO..X..X"
"O.O..X..X","..O...XXO","X","3","-1","O.OX.X..X"
"O.O..X..X","..O...XXO","X","7","-1","O.O..X.XX"
"O.O..X.X.","..OX...XO","X","4","-1","O.O.XX.X."
"O.O..X.X.","..OX...XO","X","6","-1","O.O..XXX."
"O.O..X.X.","..OX...XO","X","8","-1","O.O..X.XX"
"O.O..X.X.","..OX...XO","X","1","-1","OXO..X.X."
"O.O..X.X.","..OX...XO","X","3","-1","O.OX.X.X."
"O.O..X.XX","..OX..XXO","O","4","-1","O.O.OX.XX"
"O.O..X.XX","..OX..XXO","O","6","1","O.O..XOXX"
"O.O..X.XX","..OX..XXO","O","1","1","OOO..X.XX"
"O.O..X.XX","..OX..XXO","O","3","-1","O.OO.X.XX"
"O.O..XOXX","O.O..XOXX","X","4","-1","O.O.XXOXX"
"O.O..XOXX","O.O..XOXX","X","1","-1","OXO..XOXX"
"O.O..XOXX","O.O..XOXX","X","3","-1","O.OX.XOXX"
"O.O..XX..","..XX..O.O","X","4","-1","O.O.XXX.."
"O.O..XX..","..XX..O.O","X","8","-1","O.O..XX.X"
"O.O..XX..","..XX..O.O","X","1","0","OXO..XX.."
"O.O..XX..","..XX..O.O","X","3","-1","O.OX.XX.."
"O.O..XX..","..XX..O.O","X","7","-1","O.O..XXX."
"O.O..XX.X","O.O..XX.X","O","4","-1","O.O.OXX.X"
"O.O..XX.X","O.O..XX.X","O","1","1","OOO..XX.X"
"O.O..XX.X","O.O..XX.X","O","3","-1","O.OO.XX.X"
"O.O..XX.X","O.O..XX.X","O","7","0","O.O..XXOX"
"O.O..XXOX","O.O..XXOX","X","4","-1","O.O.XXXOX"
"O.O..XXOX","O.O..XXOX","X","1","0","OXO..XXOX"
"O.O..XXOX","O.O..XXOX","X","3","-1","O.OX.XXOX"
"O.O..XXX.",".XOX..X.O","O","4","-1","O.O.OXXX."
"O.O..XXX.",".XOX..X.O","O","8","1","O.O..XXXO"
"O.O..XXX.",".XOX..X.O","O","1","1","OOO..XXX."
"O.O..XXX.",".XOX..X.O","O","3","-1","O.OO.XXX."
"O.O..XXXO","O.O..XXXO","X","4","-1","O.O.XXXXO"
"O.O..XXXO","O.O..XXXO","X","1","-1","OXO..XXXO"
"O.O..XXXO","O.O..XXXO","X","3","-1","O.OX.XXXO"
"O.O.OX.XX","..OXO.XXO","X","6","1","O.O.OXXXX"
"O.O.OX.XX","..OXO.XXO","X","1","-1","OXO.OX.XX"
"O.O.OX.XX","..OXO.XXO","X","3","-1","O.OXOX.XX"
"O.O.OXX.X","O.O.OXX.X","X","1","0","OXO.OXX.X"
"O.O.OXX.X","O.O.OXX.X","X","3","-1","O.OXOXX.X"
"O.O.OXX.X","O.O.OXX.X","X","7","1","O.O.OXXXX"
"O.O.OXXX.",".XOXO.X.O","X","8","1","O.O.OXXXX"
"O.O.OXXX.",".XOXO.X.O","X","1","-1","OXO.OXXX."
"O.O.OXXX.",".XOXO.X.O","X","3","-1","O.OXOXXX."
"O.O.X...X","..O.X.X.O","X","6","-1","O.O.X.X.X"
"O.O.X...X","..O.X.X.O","X","1","0","OXO.X...X"
"O.O.X...X","..O.X.X.O","X","3","-1","O.OXX...X"
"O.O.X...X","..O.X.X.O","X","5","-1","O.O.XX..X"
"O.O.X...X","..O.X.X.O","X","7","-1","O.O.X..XX"
"O.O.X..X.","..OXX...O","X","6","-1","O.O.X.XX."
"O.O.X..X.","..OXX...O","X","8","-1","O.O.X..XX"
"O.O.X..X.","..OXX...O","X","1","1","OXO.X..X."
"O.O.X..X.","..OXX...O","X","3","-1","O.OXX..X."
"O.O.X..X.","..OXX...O","X","5","-1","O.O.XX.X."
"O.O.X..XX","..OXX.X.O","O","6","-1","O.O.X.OXX"
"O.O.X..XX","..OXX.X.O","O","1","1","OOO.X..XX"
"O.O.X..XX","..OXX.X.O","O","3","-1","O.OOX..XX"
"O.O.X..XX","..OXX.X.O","O","5","-1","O.O.XO.XX"
"O.O.X.OXX","O.O.X.OXX","X","1","1","OXO.X.OXX"
"O.O.X.OXX","O.O.X.OXX","X","3","-1","O.OXX.OXX"
"O.O.X.OXX","O.O.X.OXX","X","5","-1","O.O.XXOXX"
"O.O.X.X..","..O.X.X.O","X","8","-1","O.O.X.X.X"
"O.O.X.X..","..O.X.X.O","X","1","0","OXO.X.X.."
"O.O.X.X..","..O.X.X.O","X","3","-1","O.OXX.X.."
"O.O.X.X..","..O.X.X.O","X","5","-1","O.O.XXX.."
"O.O.X.X..","..O.X.X.O","X","7","-1","O.O.X.XX."
"O.O.X.X.X","O.O.X.X.X","O","1","1","OOO.X.X.X"
"O.O.X.X.X","O.O.X.X.X","O","3","-1","O.OOX.X.X"
"O.O.X.X.X","O.O.X.X.X","O","5","-1","O.O.XOX.X"
"O.O.X.X.X","O.O.X.X.X","O","7","0","O.O.X.XOX"
"O.O.X.XOX","O.O.X.XOX","X","1","0","OXO.X.XOX"
"O.O.X.XOX","O.O.X.XOX","X","3","-1","O.OXX.XOX"
"O.O.X.XOX","O.O.X.XOX","X","5","-1","O.O.XXXOX"
"O.O.X.XX.","..OXX.X.O","O","8","-1","O.O.X.XXO"
"O.O.X.XX.","..OXX.X.O","O","1","1","OOO.X.XX."
"O.O.X.XX.","..OXX.X.O","O","3","-1","O.OOX.XX."
"O.O.X.XX.","..OXX.X.O","O","5","-1","O.O.XOXX."
"O.O.X.XXO","O.O.X.OXX","X","1","1","OXO.X.XXO"
"O.O.X.XXO","O.O.X.OXX","X","3","-1","O.OXX.XXO"
"O.O.X.XXO","O.O.X.OXX","X","5","-1","O.O.XXXXO"
"O.O.XO.XX","..OXX.XOO","X","6","1","O.O.XOXXX"
"O.O.XO.XX","..OXX.XOO","X","1","1","OXO.XO.XX"
"O.O.XO.XX","..OXX.XOO","X","3","-1","O.OXXO.XX"
"O.O.XOX.X","O.O.XOX.X","X","1","0","OXO.XOX.X"
"O.O.XOX.X","O.O.XOX.X","X","3","-1","O.OXXOX.X"
"O.O.XOX.X","O.O.XOX.X","X","7","1","O.O.XOXXX"
"O.O.XOXX.",".OOXX.X.O","X","8","1","O.O.XOXXX"
"O.O.XOXX.",".OOXX.X.O","X","1","1","OXO.XOXX."
"O.O.XOXX.",".OOXX.X.O","X","3","-1","O.OXXOXX."
"O.O.XX...","....XXO.O","X","6","-1","O.O.XXX.."
"O.O.XX...","....XXO.O","X","8","-1","O.O.XX..X"
"O.O.XX...","....XXO.O","X","1","1","OXO.XX..."
"O.O.XX...","....XXO.O","X","3","1","O.OXXX..."
"O.O.XX...","....XXO.O","X","7","-1","O.O.XX.X."
"O.O.XX..X","..O.X.XXO","O","6","-1","O.O.XXO.X"
"O.O.XX..X","..O.X.XXO","O","1","1","OOO.XX..X"
"O.O.XX..X","..O.X.XXO","O","3","1","O.OOXX..X"
"O.O.XX..X","..O.X.XXO","O","7","-1","O.O.XX.OX"
"O.O.XX.OX","..OOX.XXO","X","6","-1","O.O.XXXOX"
"O.O.XX.OX","..OOX.XXO","X","1","0","OXO.XX.OX"
"O.O.XX.OX","..OOX.XXO","X","3","1","O.OXXX.OX"
"O.O.XX.X.","..OXX..XO","O","6","-1","O.O.XXOX."
"O.O.XX.X.","..OXX..XO","O","8","-1","O.O.XX.XO"
"O.O.XX.X.","..OXX..XO","O","1","1","OOO.XX.X."
"O.O.XX.X.","..OXX..XO","O","3","-1","O.OOXX.X."
"O.O.XX.XO","..OXX.OXO","X","6","-1","O.O.XXXXO"
"O.O.XX.XO","..OXX.OXO","X","1","1","OXO.XX.XO"
"O.O.XX.XO","..OXX.OXO","X","3","1","O.OXXX.XO"
"O.O.XXO.X","O.O.X.OXX","X","1","-1","OXO.XXO.X"
"O.O.XXO.X","O.O.X.OXX","X","3","1","O.OXXXO.X"
"O.O.XXO.X","O.O.X.OXX","X","7","-1","O.O.XXOXX"
"O.O.XXOX.",".XOXX.O.O","X","8","-1","O.O.XXOXX"
"O.O.XXOX.",".XOXX.O.O","X","1","1","OXO.XXOX."
"O.O.XXOX.",".XOXX.O.O","X","3","1","O.OXXXOX."
"O.O.XXOXX","O.O.XXOXX","O","1","1","OOO.XXOXX"
"O.O.XXOXX","O.O.XXOXX","O","3","1","O.OOXXOXX"
"O.O.XXX..","..XXX.O.O","O","8","-1","O.O.XXX.O"
"O.O.XXX..","..XXX.O.O","O","1","1","OOO.XXX.."
"O.O.XXX..","..XXX.O.O","O","3","0","O.OOXXX.."
"O.O.XXX..","..XXX.O.O","O","7","-1","O.O.XXXO."
"O.O.XXX.O","O.O.XXX.O","X","1","1","OXO.XXX.O"
"O.O.XXX.O","O.O.XXX.O","X","3","1","O.OXXXX.O"
"O.O.XXX.O","O.O.XXX.O","X","7","-1","O.O.XXXXO"
"O.O.XXXO.",".OXXX.O.O","X","8","-1","O.O.XXXOX"
"O.O.XXXO.",".OXXX.O.O","X","1","0","OXO.XXXO."
"O.O.XXXO.",".OXXX.O.O","X","3","1","O.OXXXXO."
"O.O.XXXOX","O.O.XXXOX","O","1","1","OOO.XXXOX"
"O.O.XXXOX","O.O.XXXOX","O","3","0","O.OOXXXOX"
"O.O.XXXXO","O.O.XXXXO","O","1","1","OOO.XXXXO"
"O.O.XXXXO","O.O.XXXXO","O","3","-1","O.OOXXXXO"
"O.OO.X.XX",".OOX..XXO","X","4","-1","O.OOXX.XX"
"O.OO.X.XX",".OOX..XXO","X","6","1","O.OO.XXXX"
"O.OO.X.XX",".OOX..XXO","X","1","-1","OXOO.X.XX"
"O.OO.XX.X","O.OO.XX.X","X","4","-1","O.OOXXX.X"
"O.OO.XX.X","O.OO.XX.X","X","1","0","OXOO.XX.X"
"O.OO.XX.X","O.OO.XX.X","X","7","1","O.OO.XXXX"
"O.OO.XXX.",".XOX..XOO","X","4","-1","O.OOXXXX."
"O.OO.XXX.",".XOX..XOO","X","8","1","O.OO.XXXX"
"O.OO.XXX.",".XOX..XOO","X","1","1","OXOO.XXX."
"O.OOX..XX",".OOXX.X.O","X","6","1","O.OOX.XXX"
"O.OOX..XX",".OOXX.X.O","X","1","1","OXOOX..XX"
"O.OOX..XX",".OOXX.X.O","X","5","-1","O.OOXX.XX"
"O.OOX.X.X","O.O.XOX.X","X","1","0","OXOOX.X.X"
"O.OOX.X.X","O.O.XOX.X","X","5","-1","O.OOXXX.X"
"O.OOX.X.X","O.O.XOX.X","X","7","1","O.OOX.XXX"
"O.OOX.XX.","..OXX.XOO","X","8","1","O.OOX.XXX"
"O.OOX.XX.","..OXX.XOO","X","1","1","OXOOX.XX."
"O.OOX.XX.","..OXX.XOO","X","5","-1","O.OOXXXX."
"O.OOXX..X","..XOXXO.O","X","6","-1","O.OOXXX.X"
"O.OOXX..X","..XOXXO.O","X","1","-1","OXOOXX..X"
"O.OOXX..X","..XOXXO.O","X","7","-1","O.OOXX.XX"
"O.OOXX.X.",".OOXX..XO","X","6","-1","O.OOXXXX."
"O.OOXX.X.",".OOXX..XO","X","8","-1","O.OOXX.XX"
"O.OOXX.X.",".OOXX..XO","X","1","1","OXOOXX.X."
"O.OOXX.XX",".OOXX.XXO","O","6","1","O.OOXXOXX"
"O.OOXX.XX",".OOXX.XXO","O","1","1","OOOOXX.XX"
"O.OOXXX..","..XXXOO.O","X","8","-1","O.OOXXX.X"
"O.OOXXX..","..XXXOO.O","X","1","0","OXOOXXX.."
"O.OOXXX..","..XXXOO.O","X","7","-1","O.OOXXXX."
"O.OOXXX.X","O.OOXXX.X","O","1","1","OOOOXXX.X"
"O.OOXXX.X","O.OOXXX.X","O","7","0","O.OOXXXOX"
"O.OOXXXOX","O.OOXXXOX","X","1","0","OXOOXXXOX"
"O.OOXXXX.",".XOXX.XOO","O","8","-1","O.OOXXXXO"
"O.OOXXXX.",".XOXX.XOO","O","1","1","OOOOXXXX."
"O.OOXXXXO","O.OOXXXXO","X","1","1","OXOOXXXXO"
"O.OX....X","..XX..O.O","X","4","-1","O.OXX...X"
"O.OX....X","..XX..O.O","X","6","-1","O.OX..X.X"
"O.OX....X","..XX..O.O","X","1","0","OXOX....X"
"O.OX....X","..XX..O.O","X","5","-1","O.OX.X..X"
"O.OX....X","..XX..O.O","X","7","-1","O.OX...XX"
"O.OX...X.","..OX...XO","X","4","-1","O.OXX..X."
"O.OX...X.","..OX...XO","X","6","-1","O.OX..XX."
"O.OX...X.","..OX...XO","X","8","-1","O.OX...XX"
"O.OX...X.","..OX...XO","X","1","-1","OXOX...X."
"O.OX...X.","..OX...XO","X","5","-1","O.OX.X.X."
"O.OX...XX",".XOX..X.O","O","4","-1","O.OXO..XX"
"O.OX...XX",".XOX..X.O","O","6","1","O.OX..OXX"
"O.OX...XX",".XOX..X.O","O","1","1","OOOX...XX"
"O.OX...XX",".XOX..X.O","O","5","-1","O.OX.O.XX"
"O.OX..OXX","O.O..XXXO","X","4","-1","O.OXX.OXX"
"O.OX..OXX","O.O..XXXO","X","1","-1","OXOX..OXX"
"O.OX..OXX","O.O..XXXO","X","5","-1","O.OX.XOXX"
"O.OX..X..","..O...XXO","X","4","-1","O.OXX.X.."
"O.OX..X..","..O...XXO","X","8","-1","O.OX..X.X"
"O.OX..X..","..O...XXO","X","1","-1","OXOX..X.."
"O.OX..X..","..O...XXO","X","5","-1","O.OX.XX.."
"O.OX..X..","..O...XXO","X","7","-1","O.OX..XX."
"O.OX..X.X","O.O..XX.X","O","4","-1","O.OXO.X.X"
"O.OX..X.X","O.O..XX.X","O","1","1","OOOX..X.X"
"O.OX..X.X","O.O..XX.X","O","5","-1","O.OX.OX.X"
"O.OX..X.X","O.O..XX.X","O","7","0","O.OX..XOX"
"O.OX..XOX","O.O..XXOX","X","4","-1","O.OXX.XOX"
"O.OX..XOX","O.O..XXOX","X","1","0","OXOX..XOX"
"O.OX..XOX","O.O..XXOX","X","5","-1","O.OX.XXOX"
"O.OX..XX.","..OX..XXO","O","4","-1","O.OXO.XX."
"O.OX..XX.","..OX..XXO","O","8","1","O.OX..XXO"
"O.OX..XX.","..OX..XXO","O","1","1","OOOX..XX."
"O.OX..XX.","..OX..XXO","O","5","-1","O.OX.OXX."
"O.OX..XXO","O.O..XOXX","X","4","-1","O.OXX.XXO"
"O.OX..XXO","O.O..XOXX","X","1","-1","OXOX..XXO"
"O.OX..XXO","O.O..XOXX","X","5","-1","O.OX.XXXO"
"O.OX.O.XX",".XOX..XOO","X","4","-1","O.OXXO.XX"
"O.OX.O.XX",".XOX..XOO","X","6","1","O.OX.OXXX"
"O.OX.O.XX",".XOX..XOO","X","1","1","OXOX.O.XX"
"O.OX.OX.X","O.OO.XX.X","X","4","-1","O.OXXOX.X"
"O.OX.OX.X","O.OO.XX.X","X","1","0","OXOX.OX.X"
"O.OX.OX.X","O.OO.XX.X","X","7","1","O.OX.OXXX"
"O.OX.OXX.",".OOX..XXO","X","4","-1","O.OXXOXX."
"O.OX.OXX.",".OOX..XXO","X","8","1","O.OX.OXXX"
"O.OX.OXX.",".OOX..XXO","X","1","-1","OXOX.OXX."
"O.OX.X...","...X.XO.O","X","4","1","O.OXXX..."
"O.OX.X...","...X.XO.O","X","6","-1","O.OX.XX.."
"O.OX.X...","...X.XO.O","X","8","-1","O.OX.X..X"
"O.OX.X...","...X.XO.O","X","1","-1","OXOX.X..."
"O.OX.X...","...X.XO.O","X","7","-1","O.OX.X.X."
"O.OX.X..X","..XX.XO.O","O","4","1","O.OXOX..X"
"O.OX.X..X","..XX.XO.O","O","6","-1","O.OX.XO.X"
"O.OX.X..X","..XX.XO.O","O","1","1","OOOX.X..X"
"O.OX.X..X","..XX.XO.O","O","7","-1","O.OX.X.OX"
"O.OX.X.OX",".OXX.XO.O","X","4","1","O.OXXX.OX"
"O.OX.X.OX",".OXX.XO.O","X","6","-1","O.OX.XXOX"
"O.OX.X.OX",".OXX.XO.O","X","1","0","OXOX.X.OX"
"O.OX.X.X.",".X.X.XO.O","O","4","1","O.OXOX.X."
"O.OX.X.X.",".X.X.XO.O","O","6","-1","O.OX.XOX."
"O.OX.X.X.",".X.X.XO.O","O","8","-1","O.OX.X.XO"
"O.OX.X.X.",".X.X.XO.O","O","1","1","OOOX.X.X."
"O.OX.X.XO",".XOX..OXO","X","4","1","O.OXXX.XO"
"O.OX.X.XO",".XOX..OXO","X","6","-1","O.OX.XXXO"
"O.OX.X.XO",".XOX..OXO","X","1","-1","OXOX.X.XO"
"O.OX.XO.X","O.OX.XO.X","X","4","1","O.OXXXO.X"
"O.OX.XO.X","O.OX.XO.X","X","1","-1","OXOX.XO.X"
"O.OX.XO.X","O.OX.XO.X","X","7","-1","O.OX.XOXX"
"O.OX.XOX.",".XOX..OXO","X","4","1","O.OXXXOX."
"O.OX.XOX.",".XOX..OXO","X","8","-1","O.OX.XOXX"
"O.OX.XOX.",".XOX..OXO","X","1","-1","OXOX.XOX."
"O.OX.XOXX","O.OX.XOXX","O","4","1","O.OXOXOXX"
"O.OX.XOXX","O.OX.XOXX","O","1","1","OOOX.XOXX"
"O.OX.XX..","..XX.XO.O","O","4","1","O.OXOXX.."
"O.OX.XX..","..XX.XO.O","O","8","-1","O.OX.XX.O"
"O.OX.XX..","..XX.XO.O","O","1","1","OOOX.XX.."
"O.OX.XX..","..XX.XO.O","O","7","-1","O.OX.XXO."
"O.OX.XX.O","O.OX.XO.X","X","4","1","O.OXXXX.O"
"O.OX.XX.O","O.OX.XO.X","X","1","-1","OXOX.XX.O"
"O.OX.XX.O","O.OX.XO.X","X","7","-1","O.OX.XXXO"
"O.OX.XXO.",".OXX.XO.O","X","4","1","O.OXXXXO."
"O.OX.XXO.",".OXX.XO.O","X","8","-1","O.OX.XXOX"
"O.OX.XXO.",".OXX.XO.O","X","1","0","OXOX.XXO."
"O.OX.XXOX","O.OX.XXOX","O","4","0","O.OXOXXOX"
"O.OX.XXOX","O.OX.XXOX","O","1","1","OOOX.XXOX"
"O.OX.XXXO","O.OX.XOXX","O","4","1","O.OXOXXXO"
"O.OX.XXXO","O.OX.XOXX","O","1","1","OOOX.XXXO"
"O.OXO..XX",".XOXO.X.O","X","6","1","O.OXO.XXX"
"O.OXO..XX",".XOXO.X.O","X","1","-1","OXOXO..XX"
"O.OXO..XX",".XOXO.X.O","X","5","-1","O.OXOX.XX"
"O.OXO.X.X","O.O.OXX.X","X","1","0","OXOXO.X.X"
"O.OXO.X.X","O.O.OXX.X","X","5","-1","O.OXOXX.X"
"O.OXO.X.X","O.O.OXX.X","X","7","1","O.OXO.XXX"
"O.OXO.XX.","..OXO.XXO","X","8","1","O.OXO.XXX"
"O.OXO.XX.","..OXO.XXO","X","1","-1","OXOXO.XX."
"O.OXO.XX.","..OXO.XXO","X","5","-1","O.OXOXXX."
"O.OXOX..X","..XXOXO.O","X","6","-1","O.OXOXX.X"
"O.OXOX..X","..XXOXO.O","X","1","-1","OXOXOX..X"
"O.OXOX..X","..XXOXO.O","X","7","-1","O.OXOX.XX"
"O.OXOX.X.",".X.XOXO.O","X","6","-1","O.OXOXXX."
"O.OXOX.X.",".X.XOXO.O","X","8","-1","O.OXOX.XX"
"O.OXOX.X.",".X.XOXO.O","X","1","-1","OXOXOX.X."
"O.OXOX.XX",".XOXO.XXO","O","6","1","O.OXOXOXX"
"O.OXOX.XX",".XOXO.XXO","O","1","1","OOOXOX.XX"
"O.OXOXX..","..XXOXO.O","X","8","-1","O.OXOXX.X"
"O.OXOXX..","..XXOXO.O","X","1","-1","OXOXOXX.."
"O.OXOXX..","..XXOXO.O","X","7","-1","O.OXOXXX."
"O.OXOXX.X","O.OXOXX.X","O","1","1","OOOXOXX.X"
"O.OXOXX.X","O.OXOXX.X","O","7","0","O.OXOXXOX"
"O.OXOXXOX","O.OXOXXOX","X","1","0","OXOXOXXOX"
"O.OXOXXX.",".XOXO.XXO","O","8","1","O.OXOXXXO"
"O.OXOXXX.",".XOXO.XXO","O","1","1","OOOXOXXX."
"O.OXX....","....XXO.O","X","6","-1","O.OXX.X.."
"O.OXX....","....XXO.O","X","8","-1","O.OXX...X"
"O.OXX....","....XXO.O","X","1","1","OXOXX...."
"O.OXX....","....XXO.O","X","5","1","O.OXXX..."
"O.OXX....","....XXO.O","X","7","-1","O.OXX..X."
"O.OXX...X","..XXX.O.O","O","6","-1","O.OXX.O.X"
"O.OXX...X","..XXX.O.O","O","1","1","OOOXX...X"
"O.OXX...X","..XXX.O.O","O","5","0","O.OXXO..X"
"O.OXX...X","..XXX.O.O","O","7","-1","O.OXX..OX"
"O.OXX..OX",".OXXX.O.O","X","6","-1","O.OXX.XOX"
"O.OXX..OX",".OXXX.O.O","X","1","0","OXOXX..OX"
"O.OXX..OX",".OXXX.O.O","X","5","1","O.OXXX.OX"
"O.OXX..X.","..OXX..XO","O","6","-1","O.OXX.OX."
"O.OXX..X.","..OXX..XO","O","8","-1","O.OXX..XO"
"O.OXX..X.","..OXX..XO","O","1","1","OOOXX..X."
"O.OXX..X.","..OXX..XO","O","5","-1","O.OXXO.X."
"O.OXX..XO",".XOXX.O.O","X","6","-1","O.OXX.XXO"
"O.OXX..XO",".XOXX.O.O","X","1","1","OXOXX..XO"
"O.OXX..XO",".XOXX.O.O","X","5","1","O.OXXX.XO"
"O.OXX.O.X","O.O.XXX.O","X","1","1","OXOXX.O.X"
"O.OXX.O.X","O.O.XXX.O","X","5","1","O.OXXXO.X"
"O.OXX.O.X","O.O.XXX.O","X","7","-1","O.OXX.OXX"
"O.OXX.OX.","..OXX.OXO","X","8","-1","O.OXX.OXX"
"O.OXX.OX.","..OXX.OXO","X","1","1","OXOXX.OX."
"O.OXX.OX.","..OXX.OXO","X","5","1","O.OXXXOX."
"O.OXX.OXX","O.O.XXXXO","O","1","1","OOOXX.OXX"
"O.OXX.OXX","O.O.XXXXO","O","5","-1","O.OXXOOXX"
"O.OXX.X..","..O.X.XXO","O","8","-1","O.OXX.X.O"
"O.OXX.X..","..O.X.XXO","O","1","1","OOOXX.X.."
"O.OXX.X..","..O.X.XXO","O","5","1","O.OXXOX.."
"O.OXX.X..","..O.X.XXO","O","7","-1","O.OXX.XO."
"O.OXX.X.O","O.O.X.OXX","X","1","-1","OXOXX.X.O"
"O.OXX.X.O","O.O.X.OXX","X","5","1","O.OXXXX.O"
"O.OXX.X.O","O.O.X.OXX","X","7","-1","O.OXX.XXO"
"O.OXX.XO.","..OOX.XXO","X","8","-1","O.OXX.XOX"
"O.OXX.XO.","..OOX.XXO","X","1","0","OXOXX.XO."
"O.OXX.XO.","..OOX.XXO","X","5","1","O.OXXXXO."
"O.OXX.XOX","O.O.XXXOX","O","1","1","OOOXX.XOX"
"O.OXX.XOX","O.O.XXXOX","O","5","0","O.OXXOXOX"
"O.OXX.XXO","O.O.XXOXX","O","1","1","OOOXX.XXO"
"O.OXX.XXO","O.O.XXOXX","O","5","1","O.OXXOXXO"
"O.OXXO..X","..XXXOO.O","X","6","-1","O.OXXOX.X"
"O.OXXO..X","..XXXOO.O","X","1","0","OXOXXO..X"
"O.OXXO..X","..XXXOO.O","X","7","-1","O.OXXO.XX"
"O.OXXO.X.",".OOXX..XO","X","6","-1","O.OXXOXX."
"O.OXXO.X.",".OOXX..XO","X","8","-1","O.OXXO.XX"
"O.OXXO.X.",".OOXX..XO","X","1","1","OXOXXO.X."
"O.OXXO.XX",".XOXX.XOO","O","6","-1","O.OXXOOXX"
"O.OXXO.XX",".XOXX.XOO","O","1","1","OOOXXO.XX"
"O.OXXOOXX","O.OOXXXXO","X","1","1","OXOXXOOXX"
"O.OXXOX..","..XOXXO.O","X","8","-1","O.OXXOX.X"
"O.OXXOX..","..XOXXO.O","X","1","-1","OXOXXOX.."
"O.OXXOX..","..XOXXO.O","X","7","-1","O.OXXOXX."
"O.OXXOX.X","O.OOXXX.X","O","1","1","OOOXXOX.X"
"O.OXXOX.X","O.OOXXX.X","O","7","0","O.OXXOXOX"
"O.OXXOXOX","O.OOXXXOX","X","1","0","OXOXXOXOX"
"O.OXXOXX.",".OOXX.XXO","O","8","1","O.OXXOXXO"
"O.OXXOXX.",".OOXX.XXO","O","1","1","OOOXXOXX."
"O.X......","......O.X","X","4","0","O.X.X...."
"O.X......","......O.X","X","6","1","O.X...X.."
"O.X......","......O.X","X","8","1","O.X.....X"
"O.X......","......O.X","X","1","-1","OXX......"
"O.X......","......O.X","X","3","0","O.XX....."
"O.X......","......O.X","X","5","1","O.X..X..."
"O.X......","......O.X","X","7","0","O.X....X."
"O.X.....X","..O...X.X","O","4","-1","O.X.O...X"
"O.X.....X","..O...X.X","O","6","-1","O.X...O.X"
"O.X.....X","..O...X.X","O","1","-1","OOX.....X"
"O.X.....X","..O...X.X","O","3","-1","O.XO....X"
"O.X.....X","..O...X.X","O","5","-1","O.X..O..X"
"O.X.....X","..O...X.X","O","7","-1","O.X....OX"
"O.X....OX","..OO..X.X","X","4","1","O.X.X..OX"
"O.X....OX","..OO..X.X","X","6","1","O.X...XOX"
"O.X....OX","..OO..X.X","X","1","0","OXX....OX"
"O.X....OX","..OO..X.X","X","3","0","O.XX...OX"
"O.X....OX","..OO..X.X","X","5","1","O.X..X.OX"
"O.X....X.","..OX....X","O","4","-1","O.X.O..X."
"O.X....X.","..OX....X","O","6","0","O.X...OX."
"O.X....X.","..OX....X","O","8","-1","O.X....XO"
"O.X....X.","..OX....X","O","1","-1","OOX....X."
"O.X....X.","..OX....X","O","3","-1","O.XO...X."
"O.X....X.","..OX....X","O","5","-1","O.X..O.X."
"O.X....XO","..OX..O.X","X","4","1","O.X.X..XO"
"O.X....XO","..OX..O.X","X","6","-1","O.X...XXO"
"O.X....XO","..OX..O.X","X","1","-1","OXX....XO"
"O.X....XO","..OX..O.X","X","3","-1","O.XX...XO"
"O.X....XO","..OX..O.X","X","5","-1","O.X..X.XO"
"O.X...O.X","O.O...X.X","X","4","-1","O.X.X.O.X"
"O.X...O.X","O.O...X.X","X","1","-1","OXX...O.X"
"O.X...O.X","O.O...X.X","X","3","0","O.XX..O.X"
"O.X...O.X","O.O...X.X","X","5","1","O.X..XO.X"
"O.X...O.X","O.O...X.X","X","7","-1","O.X...OXX"
"O.X...OX.","..XX..O.O","X","4","-1","O.X.X.OX."
"O.X...OX.","..XX..O.O","X","8","-1","O.X...OXX"
"O.X...OX.","..XX..O.O","X","1","-1","OXX...OX."
"O.X...OX.","..XX..O.O","X","3","0","O.XX..OX."
"O.X...OX.","..XX..O.O","X","5","-1","O.X..XOX."
"O.X...OXX","O.O..XX.X","O","4","-1","O.X.O.OXX"
"O.X...OXX","O.O..XX.X","O","1","-1","OOX...OXX"
"O.X...OXX","O.O..XX.X","O","3","1","O.XO..OXX"
"O.X...OXX","O.O..XX.X","O","5","0","O.X..OOXX"
"O.X...X..","..X...X.O","O","4","-1","O.X.O.X.."
"O.X...X..","..X...X.O","O","8","-1","O.X...X.O"
"O.X...X..","..X...X.O","O","1","-1","OOX...X.."
"O.X...X..","..X...X.O","O","3","-1","O.XO..X.."
"O.X...X..","..X...X.O","O","5","-1","O.X..OX.."
"O.X...X..","..X...X.O","O","7","-1","O.X...XO."
"O.X...X.O","O.X...X.O","X","4","1","O.X.X.X.O"
"O.X...X.O","O.X...X.O","X","1","-1","OXX...X.O"
"O.X...X.O","O.X...X.O","X","3","-1","O.XX..X.O"
"O.X...X.O","O.X...X.O","X","5","-1","O.X..XX.O"
"O.X...X.O","O.X...X.O","X","7","-1","O.X...XXO"
"O.X...XO.","..XO..X.O","X","4","1","O.X.X.XO."
"O.X...XO.","..XO..X.O","X","8","1","O.X...XOX"
"O.X...XO.","..XO..X.O","X","1","0","OXX...XO."
"O.X...XO.","..XO..X.O","X","3","-1","O.XX..XO."
"O.X...XO.","..XO..X.O","X","5","1","O.X..XXO."
"O.X...XOX","O.X...XOX","O","4","-1","O.X.O.XOX"
"O.X...XOX","O.X...XOX","O","1","-1","OOX...XOX"
"O.X...XOX","O.X...XOX","O","3","-1","O.XO..XOX"
"O.X...XOX","O.X...XOX","O","5","-1","O.X..OXOX"
"O.X...XXO","O.X...XXO","O","4","1","O.X.O.XXO"
"O.X...XXO","O.X...XXO","O","1","-1","OOX...XXO"
"O.X...XXO","O.X...XXO","O","3","-1","O.XO..XXO"
"O.X...XXO","O.X...XXO","O","5","-1","O.X..OXXO"
"O.X..O..X","..O...XOX","X","4","0","O.X.XO..X"
"O.X..O..X","..O...XOX","X","6","1","O.X..OX.X"
"O.X..O..X","..O...XOX","X","1","-1","OXX..O..X"
"O.X..O..X","..O...XOX","X","3","0","O.XX.O..X"
"O.X..O..X","..O...XOX","X","7","0","O.X..O.XX"
"O.X..O.X.","..OX...OX","X","4","1","O.X.XO.X."
"O.X..O.X.","..OX...OX","X","6","1","O.X..OXX."
"O.X..O.X.","..OX...OX","X","8","0","O.X..O.XX"
"O.X..O.X.","..OX...OX","X","1","-1","OXX..O.X."
"O.X..O.X.","..OX...OX","X","3","0","O.XX.O.X."
"O.X..O.XX","..OX..XOX","O","4","-1","O.X.OO.XX"
"O.X..O.XX","..OX..XOX","O","6","0","O.X..OOXX"
"O.X..O.XX","..OX..XOX","O","1","-1","OOX..O.XX"
"O.X..O.XX","..OX..XOX","O","3","-1","O.XO.O.XX"
"O.X..OOXX","O.O..XXOX","X","4","-1","O.X.XOOXX"
"O.X..OOXX","O.O..XXOX","X","1","-1","OXX..OOXX"
"O.X..OOXX","O.O..XXOX","X","3","0","O.XX.OOXX"
"O.X..OX..","..XO..X.O","X","4","1","O.X.XOX.."
"O.X..OX..","..XO..X.O","X","8","1","O.X..OX.X"
"O.X..OX..","..XO..X.O","X","1","-1","OXX..OX.."
"O.X..OX..","..XO..X.O","X","3","0","O.XX.OX.."
"O.X..OX..","..XO..X.O","X","7","1","O.X..OXX."
"O.X..OX.X","O.X...XOX","O","4","-1","O.X.OOX.X"
"O.X..OX.X","O.X...XOX","O","1","-1","OOX..OX.X"
"O.X..OX.X","O.X...XOX","O","3","-1","O.XO.OX.X"
"O.X..OX.X","O.X...XOX","O","7","-1","O.X..OXOX"
"O.X..OXOX","O.X..OXOX","X","4","1","O.X.XOXOX"
"O.X..OXOX","O.X..OXOX","X","1","0","OXX..OXOX"
"O.X..OXOX","O.X..OXOX","X","3","0","O.XX.OXOX"
"O.X..OXX.",".OXX..X.O","O","4","-1","O.X.OOXX."
"O.X..OXX.",".OXX..X.O","O","8","-1","O.X..OXXO"
"O.X..OXX.",".OXX..X.O","O","1","-1","OOX..OXX."
"O.X..OXX.",".OXX..X.O","O","3","-1","O.XO.OXX."
"O.X..OXXO","O.X..OXXO","X","4","1","O.X.XOXXO"
"O.X..OXXO","O.X..OXXO","X","1","-1","OXX..OXXO"
"O.X..OXXO","O.X..OXXO","X","3","-1","O.XX.OXXO"
"O.X..X...",".....XO.X","O","4","-1","O.X.OX..."
"O.X..X...",".....XO.X","O","6","-1","O.X..XO.."
"O.X..X...",".....XO.X","O","8","-1","O.X..X..O"
"O.X..X...",".....XO.X","O","1","-1","OOX..X..."
"O.X..X...",".....XO.X","O","3","-1","O.XO.X..."
"O.X..X...",".....XO.X","O","7","-1","O.X..X.O."
"O.X..X..O","..O...OXX","X","4","1","O.X.XX..O"
"O.X..X..O","..O...OXX","X","6","-1","O.X..XX.O"
"O.X..X..O","..O...OXX","X","1","-1","OXX..X..O"
"O.X..X..O","..O...OXX","X","3","-1","O.XX.X..O"
"O.X..X..O","..O...OXX","X","7","-1","O.X..X.XO"
"O.X..X.O.","..OO...XX","X","4","1","O.X.XX.O."
"O.X..X.O.","..OO...XX","X","6","1","O.X..XXO."
"O.X..X.O.","..OO...XX","X","8","1","O.X..X.OX"
"O.X..X.O.","..OO...XX","X","1","-1","OXX..X.O."
"O.X..X.O.","..OO...XX","X","3","1","O.XX.X.O."
"O.X..X.XO","..OX..OXX","O","4","1","O.X.OX.XO"
"O.X..X.XO","..OX..OXX","O","6","1","O.X..XOXO"
"O.X..X.XO","..OX..OXX","O","1","-1","OOX..X.XO"
"O.X..X.XO","..OX..OXX","O","3","1","O.XO.X.XO"
"O.X..XO..","..OX..X.O","X","4","-1","O.X.XXO.."
"O.X..XO..","..OX..X.O","X","8","1","O.X..XO.X"
"O.X..XO..","..OX..X.O","X","1","-1","OXX..XO.."
"O.X..XO..","..OX..X.O","X","3","1","O.XX.XO.."
"O.X..XO..","..OX..X.O","X","7","-1","O.X..XOX."
"O.X..XOX.",".XOX..X.O","O","4","-1","O.X.OXOX."
"O.X..XOX.",".XOX..X.O","O","8","1","O.X..XOXO"
"O.X..XOX.",".XOX..X.O","O","1","-1","OOX..XOX."
"O.X..XOX.",".XOX..X.O","O","3","1","O.XO.XOX."
"O.X..XOXO","O.O..XXXO","X","4","-1","O.X.XXOXO"
"O.X..XOXO","O.O..XXXO","X","1","-1","OXX..XOXO"
"O.X..XOXO","O.O..XXXO","X","3","-1","O.XX.XOXO"
"O.X..XX.O","O.X...XXO","O","4","1","O.X.OXX.O"
"O.X..XX.O","O.X...XXO","O","1","-1","OOX..XX.O"
"O.X..XX.O","O.X...XXO","O","3","-1","O.XO.XX.O"
"O.X..XX.O","O.X...XXO","O","7","-1","O.X..XXOO"
"O.X..XXO.",".OXX..X.O","O","4","-1","O.X.OXXO."
"O.X..XXO.",".OXX..X.O","O","8","-1","O.X..XXOO"
"O.X..XXO.",".OXX..X.O","O","1","-1","OOX..XXO."
"O.X..XXO.",".OXX..X.O","O","3","-1","O.XO.XXO."
"O.X..XXOO","O.X..OXXO","X","4","1","O.X.XXXOO"
"O.X..XXOO","O.X..OXXO","X","1","-1","OXX..XXOO"
"O.X..XXOO","O.X..OXXO","X","3","-1","O.XX.XXOO"
"O.X.O...X","..O.O.X.X","X","6","1","O.X.O.X.X"
"O.X.O...X","..O.O.X.X","X","1","0","OXX.O...X"
"O.X.O...X","..O.O.X.X","X","3","0","O.XXO...X"
"O.X.O...X","..O.O.X.X","X","5","1","O.X.OX..X"
"O.X.O...X","..O.O.X.X","X","7","1","O.X.O..XX"
"O.X.O..X.","..OXO...X","X","6","-1","O.X.O.XX."
"O.X.O..X.","..OXO...X","X","8","1","O.X.O..XX"
"O.X.O..X.","..OXO...X","X","1","-1","OXX.O..X."
"O.X.O..X.","..OXO...X","X","3","-1","O.XXO..X."
"O.X.O..X.","..OXO...X","X","5","-1","O.X.OX.X."
"O.X.O..XX","..OXO.X.X","O","6","-1","O.X.O.OXX"
"O.X.O..XX","..OXO.X.X","O","1","-1","OOX.O..XX"
"O.X.O..XX","..OXO.X.X","O","3","-1","O.XOO..XX"
"O.X.O..XX","..OXO.X.X","O","5","-1","O.X.OO.XX"
"O.X.O.OXX","O.O.OXX.X","X","1","-1","OXX.O.OXX"
"O.X.O.OXX","O.O.OXX.X","X","3","0","O.XXO.OXX"
"O.X.O.OXX","O.O.OXX.X","X","5","1","O.X.OXOXX"
"O.X.O.X..","..X.O.X.O","X","8","1","O.X.O.X.X"
"O.X.O.X..","..X.O.X.O","X","1","-1","OXX.O.X.."
"O.X.O.X..","..X.O.X.O","X","3","-1","O.XXO.X.."
"O.X.O.X..","..X.O.X.O","X","5","-1","O.X.OXX.."
"O.X.O.X..","..X.O.X.O","X","7","-1","O.X.O.XX."
"O.X.O.X.X","O.X.O.X.X","O","1","-1","OOX.O.X.X"
"O.X.O.X.X","O.X.O.X.X","O","3","-1","O.XOO.X.X"
"O.X.O.X.X","O.X.O.X.X","O","5","-1","O.X.OOX.X"
"O.X.O.X.X","O.X.O.X.X","O","7","-1","O.X.O.XOX"
"O.X.O.XOX","O.X.O.XOX","X","1","0","OXX.O.XOX"
"O.X.O.XOX","O.X.O.XOX","X","3","-1","O.XXO.XOX"
"O.X.O.XOX","O.X.O.XOX","X","5","1","O.X.OXXOX"
"O.X.O.XX.","..XXO.X.O","O","8","1","O.X.O.XXO"
"O.X.O.XX.","..XXO.X.O","O","1","-1","OOX.O.XX."
"O.X.O.XX.","..XXO.X.O","O","3","-1","O.XOO.XX."
"O.X.O.XX.","..XXO.X.O","O","5","-1","O.X.OOXX."
"O.X.OO.XX","..OXO.XOX","X","6","1","O.X.OOXXX"
"O.X.OO.XX","..OXO.XOX","X","1","-1","OXX.OO.XX"
"O.X.OO.XX","..OXO.XOX","X","3","0","O.XXOO.XX"
"O.X.OOX.X","O.X.O.XOX","X","1","-1","OXX.OOX.X"
"O.X.OOX.X","O.X.O.XOX","X","3","0","O.XXOOX.X"
"O.X.OOX.X","O.X.O.XOX","X","7","1","O.X.OOXXX"
"O.X.OOXX.",".OXXO.X.O","X","8","1","O.X.OOXXX"
"O.X.OOXX.",".OXXO.X.O","X","1","-1","OXX.OOXX."
"O.X.OOXX.",".OXXO.X.O","X","3","-1","O.XXOOXX."
"O.X.OX...","....OXO.X","X","6","-1","O.X.OXX.."
"O.X.OX...","....OXO.X","X","8","1","O.X.OX..X"
"O.X.OX...","....OXO.X","X","1","-1","OXX.OX..."
"O.X.OX...","....OXO.X","X","3","-1","O.XXOX..."
"O.X.OX...","....OXO.X","X","7","-1","O.X.OX.X."
"O.X.OX.X.","..OXO..XX","O","6","-1","O.X.OXOX."
"O.X.OX.X.","..OXO..XX","O","8","1","O.X.OX.XO"
"O.X.OX.X.","..OXO..XX","O","1","-1","OOX.OX.X."
"O.X.OX.X.","..OXO..XX","O","3","-1","O.XOOX.X."
"O.X.OXOX.",".XOXO.X.O","X","8","1","O.X.OXOXX"
"O.X.OXOX.",".XOXO.X.O","X","1","-1","OXX.OXOX."
"O.X.OXOX.",".XOXO.X.O","X","3","-1","O.XXOXOX."
"O.X.OXX..","..XXO.X.O","O","8","1","O.X.OXX.O"
"O.X.OXX..","..XXO.X.O","O","1","-1","OOX.OXX.."
"O.X.OXX..","..XXO.X.O","O","3","-1","O.XOOXX.."
"O.X.OXX..","..XXO.X.O","O","7","-1","O.X.OXXO."
"O.X.OXXO.",".OXXO.X.O","X","8","1","O.X.OXXOX"
"O.X.OXXO.",".OXXO.X.O","X","1","-1","OXX.OXXO."
"O.X.OXXO.",".OXXO.X.O","X","3","-1","O.XXOXXO."
"O.X.X....","....X.O.X","O","6","0","O.X.X.O.."
"O.X.X....","....X.O.X","O","8","-1","O.X.X...O"
"O.X.X....","....X.O.X","O","1","-1","OOX.X...."
"O.X.X....","....X.O.X","O","3","-1","O.XOX...."
"O.X.X....","....X.O.X","O","5","-1","O.X.XO..."
"O.X.X....","....X.O.X","O","7","-1","O.X.X..O."
"O.X.X...O","..O.X.O.X","X","6","1","O.X.X.X.O"
"O.X.X...O","..O.X.O.X","X","1","1","OXX.X...O"
"O.X.X...O","..O.X.O.X","X","3","1","O.XXX...O"
"O.X.X...O","..O.X.O.X","X","5","1","O.X.XX..O"
"O.X.X...O","..O.X.O.X","X","7","1","O.X.X..XO"
"O.X.X..O.","..OOX...X","X","6","1","O.X.X.XO."
"O.X.X..O.","..OOX...X","X","8","1","O.X.X..OX"
"O.X.X..O.","..OOX...X","X","1","-1","OXX.X..O."
"O.X.X..O.","..OOX...X","X","3","1","O.XXX..O."
"O.X.X..O.","..OOX...X","X","5","1","O.X.XX.O."
"O.X.X..OX","..OOX.X.X","O","6","-1","O.X.X.OOX"
"O.X.X..OX","..OOX.X.X","O","1","-1","OOX.X..OX"
"O.X.X..OX","..OOX.X.X","O","3","-1","O.XOX..OX"
"O.X.X..OX","..OOX.X.X","O","5","-1","O.X.XO.OX"
"O.X.X..XO","..OXX.O.X","O","6","-1","O.X.X.OXO"
"O.X.X..XO","..OXX.O.X","O","1","-1","OOX.X..XO"
"O.X.X..XO","..OXX.O.X","O","3","-1","O.XOX..XO"
"O.X.X..XO","..OXX.O.X","O","5","-1","O.X.XO.XO"
"O.X.X.O..","..O.X.X.O","X","8","-1","O.X.X.O.X"
"O.X.X.O..","..O.X.X.O","X","1","-1","OXX.X.O.."
"O.X.X.O..","..O.X.X.O","X","3","0","O.XXX.O.."
"O.X.X.O..","..O.X.X.O","X","5","-1","O.X.XXO.."
"O.X.X.O..","..O.X.X.O","X","7","-1","O.X.X.OX."
"O.X.X.O.X","O.O.X.X.X","O","1","-1","OOX.X.O.X"
"O.X.X.O.X","O.O.X.X.X","O","3","1","O.XOX.O.X"
"O.X.X.O.X","O.O.X.X.X","O","5","0","O.X.XOO.X"
"O.X.X.O.X","O.O.X.X.X","O","7","-1","O.X.X.OOX"
"O.X.X.OOX","O.O.XOX.X","X","1","-1","OXX.X.OOX"
"O.X.X.OOX","O.O.XOX.X","X","3","0","O.XXX.OOX"
"O.X.X.OOX","O.O.XOX.X","X","5","1","O.X.XXOOX"
"O.X.X.OX.","..XXX.O.O","O","8","-1","O.X.X.OXO"
"O.X.X.OX.","..XXX.O.O","O","1","0","OOX.X.OX."
"O.X.X.OX.","..XXX.O.O","O","3","1","O.XOX.OX."
"O.X.X.OX.","..XXX.O.O","O","5","-1","O.X.XOOX."
"O.X.X.OXO","O.O.XXX.O","X","1","1","OXX.X.OXO"
"O.X.X.OXO","O.O.XXX.O","X","3","1","O.XXX.OXO"
"O.X.X.OXO","O.O.XXX.O","X","5","-1","O.X.XXOXO"
"O.X.XO...","....XOO.X","X","6","1","O.X.XOX.."
"O.X.XO...","....XOO.X","X","8","0","O.X.XO..X"
"O.X.XO...","....XOO.X","X","1","1","OXX.XO..."
"O.X.XO...","....XOO.X","X","3","0","O.XXXO..."
"O.X.XO...","....XOO.X","X","7","1","O.X.XO.X."
"O.X.XO..X","..O.X.XOX","O","6","0","O.X.XOO.X"
"O.X.XO..X","..O.X.XOX","O","1","-1","OOX.XO..X"
"O.X.XO..X","..O.X.XOX","O","3","-1","O.XOXO..X"
"O.X.XO..X","..O.X.XOX","O","7","-1","O.X.XO.OX"
"O.X.XO.OX","..OOX.XOX","X","6","1","O.X.XOXOX"
"O.X.XO.OX","..OOX.XOX","X","1","0","OXX.XO.OX"
"O.X.XO.OX","..OOX.XOX","X","3","0","O.XXXO.OX"
"O.X.XO.X.","..OXX..OX","O","6","-1","O.X.XOOX."
"O.X.XO.X.","..OXX..OX","O","8","-1","O.X.XO.XO"
"O.X.XO.X.","..OXX..OX","O","1","-1","OOX.XO.X."
"O.X.XO.X.","..OXX..OX","O","3","-1","O.XOXO.X."
"O.X.XO.XO","..OXX.OOX","X","6","1","O.X.XOXXO"
"O.X.XO.XO","..OXX.OOX","X","1","1","OXX.XO.XO"
"O.X.XO.XO","..OXX.OOX","X","3","1","O.XXXO.XO"
"O.X.XOO.X","O.O.X.XOX","X","1","-1","OXX.XOO.X"
"O.X.XOO.X","O.O.X.XOX","X","3","0","O.XXXOO.X"
"O.X.XOO.X","O.O.X.XOX","X","7","-1","O.X.XOOXX"
"O.X.XOOX.",".OXXX.O.O","X","8","-1","O.X.XOOXX"
"O.X.XOOX.",".OXXX.O.O","X","1","1","OXX.XOOX."
"O.X.XOOX.",".OXXX.O.O","X","3","0","O.XXXOOX."
"O.X.XOOXX","O.O.XXXOX","O","1","0","OOX.XOOXX"
"O.X.XOOXX","O.O.XXXOX","O","3","1","O.XOXOOXX"
"O.X.XX..O","..O.X.OXX","O","6","-1","O.X.XXO.O"
"O.X.XX..O","..O.X.OXX","O","1","-1","OOX.XX..O"
"O.X.XX..O","..O.X.OXX","O","3","-1","O.XOXX..O"
"O.X.XX..O","..O.X.OXX","O","7","-1","O.X.XX.OO"
"O.X.XX.O.","..OOX..XX","O","6","-1","O.X.XXOO."
"O.X.XX.O.","..OOX..XX","O","8","-1","O.X.XX.OO"
"O.X.XX.O.","..OOX..XX","O","1","-1","OOX.XX.O."
"O.X.XX.O.","..OOX..XX","O","3","-1","O.XOXX.O."
"O.X.XX.OO","..OOX.OXX","X","6","1","O.X.XXXOO"
"O.X.XX.OO","..OOX.OXX","X","1","-1","OXX.XX.OO"
"O.X.XX.OO","..OOX.OXX","X","3","1","O.XXXX.OO"
"O.X.XXO..","..OXX.X.O","O","8","-1","O.X.XXO.O"
"O.X.XXO..","..OXX.X.O","O","1","-1","OOX.XXO.."
"O.X.XXO..","..OXX.X.O","O","3","1","O.XOXXO.."
"O.X.XXO..","..OXX.X.O","O","7","-1","O.X.XXOO."
"O.X.XXO.O","O.O.X.OXX","X","1","-1","OXX.XXO.O"
"O.X.XXO.O","O.O.X.OXX","X","3","1","O.XXXXO.O"
"O.X.XXO.O","O.O.X.OXX","X","7","-1","O.X.XXOXO"
"O.X.XXOO.",".OOXX.X.O","X","8","1","O.X.XXOOX"
"O.X.XXOO.",".OOXX.X.O","X","1","-1","OXX.XXOO."
"O.X.XXOO.",".OOXX.X.O","X","3","1","O.XXXXOO."
"O.X.XXOXO","O.O.XXXXO","O","1","-1","OOX.XXOXO"
"O.X.XXOXO","O.O.XXXXO","O","3","1","O.XOXXOXO"
"O.XO....X","..XO..O.X","X","4","-1","O.XOX...X"
"O.XO....X","..XO..O.X","X","6","1","O.XO..X.X"
"O.XO....X","..XO..O.X","X","1","-1","OXXO....X"
"O.XO....X","..XO..O.X","X","5","1","O.XO.X..X"
"O.XO....X","..XO..O.X","X","7","-1","O.XO...XX"
"O.XO...X.","..XX...OO","X","4","-1","O.XOX..X."
"O.XO...X.","..XX...OO","X","6","1","O.XO..XX."
"O.XO...X.","..XX...OO","X","8","-1","O.XO...XX"
"O.XO...X.","..XX...OO","X","1","-1","OXXO...X."
"O.XO...X.","..XX...OO","X","5","-1","O.XO.X.X."
"O.XO...XX",".OOX..X.X","O","4","-1","O.XOO..XX"
"O.XO...XX",".OOX..X.X","O","6","1","O.XO..OXX"
"O.XO...XX",".OOX..X.X","O","1","-1","OOXO...XX"
"O.XO...XX",".OOX..X.X","O","5","-1","O.XO.O.XX"
"O.XO..X..","..X...XOO","X","4","1","O.XOX.X.."
"O.XO..X..","..X...XOO","X","8","1","O.XO..X.X"
"O.XO..X..","..X...XOO","X","1","-1","OXXO..X.."
"O.XO..X..","..X...XOO","X","5","1","O.XO.XX.."
"O.XO..X..","..X...XOO","X","7","1","O.XO..XX."
"O.XO..X.X","O.XO..X.X","O","4","-1","O.XOO.X.X"
"O.XO..X.X","O.XO..X.X","O","1","-1","OOXO..X.X"
"O.XO..X.X","O.XO..X.X","O","5","-1","O.XO.OX.X"
"O.XO..X.X","O.XO..X.X","O","7","-1","O.XO..XOX"
"O.XO..XOX","O.XO..XOX","X","4","1","O.XOX.XOX"
"O.XO..XOX","O.XO..XOX","X","1","1","OXXO..XOX"
"O.XO..XOX","O.XO..XOX","X","5","1","O.XO.XXOX"
"O.XO..XX.","..XX..XOO","O","4","-1","O.XOO.XX."
"O.XO..XX.","..XX..XOO","O","8","-1","O.XO..XXO"
"O.XO..XX.","..XX..XOO","O","1","-1","OOXO..XX."
"O.XO..XX.","..XX..XOO","O","5","-1","O.XO.OXX."
"O.XO..XXO","O.XO..XXO","X","4","1","O.XOX.XXO"
"O.XO..XXO","O.XO..XXO","X","1","-1","OXXO..XXO"
"O.XO..XXO","O.XO..XXO","X","5","-1","O.XO.XXXO"
"O.XO.O.XX",".OOX..XOX","X","4","-1","O.XOXO.XX"
"O.XO.O.XX",".OOX..XOX","X","6","1","O.XO.OXXX"
"O.XO.O.XX",".OOX..XOX","X","1","-1","OXXO.O.XX"
"O.XO.OX.X","O.XO.OX.X","X","4","1","O.XOXOX.X"
"O.XO.OX.X","O.XO.OX.X","X","1","-1","OXXO.OX.X"
"O.XO.OX.X","O.XO.OX.X","X","7","1","O.XO.OXXX"
"O.XO.OXX.",".OXX..XOO","X","4","1","O.XOXOXX."
"O.XO.OXX.",".OXX..XOO","X","8","1","O.XO.OXXX"
"O.XO.OXX.",".OXX..XOO","X","1","-1","OXXO.OXX."
"O.XO.X...","...O.XO.X","X","4","-1","O.XOXX..."
"O.XO.X...","...O.XO.X","X","6","1","O.XO.XX.."
"O.XO.X...","...O.XO.X","X","8","1","O.XO.X..X"
"O.XO.X...","...O.XO.X","X","1","-1","OXXO.X..."
"O.XO.X...","...O.XO.X","X","7","-1","O.XO.X.X."
"O.XO.X.X.",".OOX...XX","O","4","-1","O.XOOX.X."
"O.XO.X.X.",".OOX...XX","O","6","1","O.XO.XOX."
"O.XO.X.X.",".OOX...XX","O","8","1","O.XO.X.XO"
"O.XO.X.X.",".OOX...XX","O","1","-1","OOXO.X.X."
"O.XO.X.XO",".OOX..OXX","X","4","-1","O.XOXX.XO"
"O.XO.X.XO",".OOX..OXX","X","6","-1","O.XO.XXXO"
"O.XO.X.XO",".OOX..OXX","X","1","-1","OXXO.X.XO"
"O.XO.XX..","..XX.OX.O","O","4","-1","O.XOOXX.."
"O.XO.XX..","..XX.OX.O","O","8","-1","O.XO.XX.O"
"O.XO.XX..","..XX.OX.O","O","1","-1","OOXO.XX.."
"O.XO.XX..","..XX.OX.O","O","7","-1","O.XO.XXO."
"O.XO.XX.O","O.XO.XX.O","X","4","1","O.XOXXX.O"
"O.XO.XX.O","O.XO.XX.O","X","1","-1","OXXO.XX.O"
"O.XO.XX.O","O.XO.XX.O","X","7","-1","O.XO.XXXO"
"O.XO.XXO.",".OXX.OX.O","X","4","1","O.XOXXXO."
"O.XO.XXO.",".OXX.OX.O","X","8","1","O.XO.XXOX"
"O.XO.XXO.",".OXX.OX.O","X","1","1","OXXO.XXO."
"O.XO.XXXO","O.XO.XXXO","O","4","1","O.XOOXXXO"
"O.XO.XXXO","O.XO.XXXO","O","1","-1","OOXO.XXXO"
"O.XOO..XX",".OOXO.X.X","X","6","1","O.XOO.XXX"
"O.XOO..XX",".OOXO.X.X","X","1","-1","OXXOO..XX"
"O.XOO..XX",".OOXO.X.X","X","5","1","O.XOOX.XX"
"O.XOO.X.X","O.XOO.X.X","X","1","-1","OXXOO.X.X"
"O.XOO.X.X","O.XOO.X.X","X","5","1","O.XOOXX.X"
"O.XOO.X.X","O.XOO.X.X","X","7","1","O.XOO.XXX"
"O.XOO.XX.","..XXO.XOO","X","8","1","O.XOO.XXX"
"O.XOO.XX.","..XXO.XOO","X","1","-1","OXXOO.XX."
"O.XOO.XX.","..XXO.XOO","X","5","-1","O.XOOXXX."
"O.XOOX.X.",".OOXO..XX","X","6","-1","O.XOOXXX."
"O.XOOX.X.",".OOXO..XX","X","8","1","O.XOOX.XX"
"O.XOOX.X.",".OOXO..XX","X","1","-1","OXXOOX.X."
"O.XOOXX..","..XXOOX.O","X","8","1","O.XOOXX.X"
"O.XOOXX..","..XXOOX.O","X","1","-1","OXXOOXX.."
"O.XOOXX..","..XXOOX.O","X","7","-1","O.XOOXXX."
"O.XOOXXX.",".XXXO.XOO","O","8","1","O.XOOXXXO"
"O.XOOXXX.",".XXXO.XOO","O","1","-1","OOXOOXXX."
"O.XOX....","....XOX.O","X","6","1","O.XOX.X.."
"O.XOX....","....XOX.O","X","8","-1","O.XOX...X"
"O.XOX....","....XOX.O","X","1","-1","OXXOX...."
"O.XOX....","....XOX.O","X","5","-1","O.XOXX..."
"O.XOX....","....XOX.O","X","7","-1","O.XOX..X."
"O.XOX...X","..XOX.O.X","O","6","1","O.XOX.O.X"
"O.XOX...X","..XOX.O.X","O","1","-1","OOXOX...X"
"O.XOX...X","..XOX.O.X","O","5","-1","O.XOXO..X"
"O.XOX...X","..XOX.O.X","O","7","-1","O.XOX..OX"
"O.XOX..OX",".OOOX.X.X","X","6","1","O.XOX.XOX"
"O.XOX..OX",".OOOX.X.X","X","1","-1","OXXOX..OX"
"O.XOX..OX",".OOOX.X.X","X","5","1","O.XOXX.OX"
"O.XOX..X.","..XXX..OO","O","6","1","O.XOX.OX."
"O.XOX..X.","..XXX..OO","O","8","-1","O.XOX..XO"
"O.XOX..X.","..XXX..OO","O","1","-1","OOXOX..X."
"O.XOX..X.","..XXX..OO","O","5","-1","O.XOXO.X."
"O.XOX..XO",".OOXX.O.X","X","6","1","O.XOX.XXO"
"O.XOX..XO",".OOXX.O.X","X","1","1","OXXOX..XO"
"O.XOX..XO",".OOXX.O.X","X","5","-1","O.XOXX.XO"
"O.XOXO..X","..XOXOO.X","X","6","1","O.XOXOX.X"
"O.XOXO..X","..XOXOO.X","X","1","-1","OXXOXO..X"
"O.XOXO..X","..XOXOO.X","X","7","-1","O.XOXO.XX"
"O.XOXO.X.",".OOXX..OX","X","6","1","O.XOXOXX."
"O.XOXO.X.",".OOXX..OX","X","8","-1","O.XOXO.XX"
"O.XOXO.X.",".OOXX..OX","X","1","1","OXXOXO.X."
"O.XOXO.XX",".OOXX.XOX","O","6","1","O.XOXOOXX"
"O.XOXO.XX",".OOXX.XOX","O","1","-1","OOXOXO.XX"
"O.XOXX...","...OXXO.X","O","6","1","O.XOXXO.."
"O.XOXX...","...OXXO.X","O","8","-1","O.XOXX..O"
"O.XOXX...","...OXXO.X","O","1","-1","OOXOXX..."
"O.XOXX...","...OXXO.X","O","7","-1","O.XOXX.O."
"O.XOXX..O","..OOXXO.X","X","6","1","O.XOXXX.O"
"O.XOXX..O","..OOXXO.X","X","1","-1","OXXOXX..O"
"O.XOXX..O","..OOXXO.X","X","7","-1","O.XOXX.XO"
"O.XOXX.O.",".O.OXXO.X","X","6","1","O.XOXXXO."
"O.XOXX.O.",".O.OXXO.X","X","8","1","O.XOXX.OX"
"O.XOXX.O.",".O.OXXO.X","X","1","-1","OXXOXX.O."
"O.XOXX.XO",".OOXX.OXX","O","6","1","O.XOXXOXO"
"O.XOXX.XO",".OOXX.OXX","O","1","-1","OOXOXX.XO"
"O.XX.....",".....XX.O","O","4","0","O.XXO...."
"O.XX.....",".....XX.O","O","6","-1","O.XX..O.."
"O.XX.....",".....XX.O","O","8","-1","O.XX....O"
"O.XX.....",".....XX.O","O","1","-1","OOXX....."
"O.XX.....",".....XX.O","O","5","0","O.XX.O..."
"O.XX.....",".....XX.O","O","7","-1","O.XX...O."
"O.XX....O","..OX..O.X","X","4","1","O.XXX...O"
"O.XX....O","..OX..O.X","X","6","-1","O.XX..X.O"
"O.XX....O","..OX..O.X","X","1","-1","OXXX....O"
"O.XX....O","..OX..O.X","X","5","-1","O.XX.X..O"
"O.XX....O","..OX..O.X","X","7","-1","O.XX...XO"
"O.XX...O.","..XO...XO","X","4","1","O.XXX..O."
"O.XX...O.","..XO...XO","X","6","-1","O.XX..XO."
"O.XX...O.","..XO...XO","X","8","0","O.XX...OX"
"O.XX...O.","..XO...XO","X","1","-1","OXXX...O."
"O.XX...O.","..XO...XO","X","5","1","O.XX.X.O."
"O.XX...OX",".OXX..O.X","O","4","-1","O.XXO..OX"
"O.XX...OX",".OXX..O.X","O","6","-1","O.XX..OOX"
"O.XX...OX",".OXX..O.X","O","1","-1","OOXX...OX"
"O.XX...OX",".OXX..O.X","O","5","0","O.XX.O.OX"
"O.XX...XO",".XOX..O.X","O","4","1","O.XXO..XO"
"O.XX...XO",".XOX..O.X","O","6","-1","O.XX..OXO"
"O.XX...XO",".XOX..O.X","O","1","-1","OOXX...XO"
"O.XX...XO",".XOX..O.X","O","5","-1","O.XX.O.XO"
"O.XX..O..","..O..XX.O","X","4","0","O.XXX.O.."
"O.XX..O..","..O..XX.O","X","8","0","O.XX..O.X"
"O.XX..O..","..O..XX.O","X","1","-1","OXXX..O.."
"O.XX..O..","..O..XX.O","X","5","1","O.XX.XO.."
"O.XX..O..","..O..XX.O","X","7","0","O.XX..OX."
"O.XX..O.X","O.XX..O.X","O","4","-1","O.XXO.O.X"
"O.XX..O.X","O.XX..O.X","O","1","-1","OOXX..O.X"
"O.XX..O.X","O.XX..O.X","O","5","0","O.XX.OO.X"
"O.XX..O.X","O.XX..O.X","O","7","-1","O.XX..OOX"
"O.XX..OOX","O.XX..OOX","X","4","0","O.XXX.OOX"
"O.XX..OOX","O.XX..OOX","X","1","0","OXXX..OOX"
"O.XX..OOX","O.XX..OOX","X","5","1","O.XX.XOOX"
"O.XX..OX.","..XX..OXO","O","4","0","O.XXO.OX."
"O.XX..OX.","..XX..OXO","O","8","-1","O.XX..OXO"
"O.XX..OX.","..XX..OXO","O","1","-1","OOXX..OX."
"O.XX..OX.","..XX..OXO","O","5","0","O.XX.OOX."
"O.XX..OXO","O.XX..OXO","X","4","1","O.XXX.OXO"
"O.XX..OXO","O.XX..OXO","X","1","-1","OXXX..OXO"
"O.XX..OXO","O.XX..OXO","X","5","-1","O.XX.XOXO"
"O.XX..X.O","O.X...XXO","O","4","1","O.XXO.X.O"
"O.XX..X.O","O.X...XXO","O","1","-1","OOXX..X.O"
"O.XX..X.O","O.X...XXO","O","5","-1","O.XX.OX.O"
"O.XX..X.O","O.X...XXO","O","7","-1","O.XX..XOO"
"O.XX..XO.","..XO..XXO","O","4","1","O.XXO.XO."
"O.XX..XO.","..XO..XXO","O","8","-1","O.XX..XOO"
"O.XX..XO.","..XO..XXO","O","1","-1","OOXX..XO."
"O.XX..XO.","..XO..XXO","O","5","-1","O.XX.OXO."
"O.XX..XOO","O.XO..XXO","X","4","1","O.XXX.XOO"
"O.XX..XOO","O.XO..XXO","X","1","-1","OXXX..XOO"
"O.XX..XOO","O.XO..XXO","X","5","-1","O.XX.XXOO"
"O.XX.O...","...O.XX.O","X","4","0","O.XXXO..."
"O.XX.O...","...O.XX.O","X","6","0","O.XX.OX.."
"O.XX.O...","...O.XX.O","X","8","0","O.XX.O..X"
"O.XX.O...","...O.XX.O","X","1","0","OXXX.O..."
"O.XX.O...","...O.XX.O","X","7","0","O.XX.O.X."
"O.XX.O..X","..XX.OO.X","O","4","0","O.XXOO..X"
"O.XX.O..X","..XX.OO.X","O","6","0","O.XX.OO.X"
"O.XX.O..X","..XX.OO.X","O","1","-1","OOXX.O..X"
"O.XX.O..X","..XX.OO.X","O","7","0","O.XX.O.OX"
"O.XX.O.OX",".OXX.OO.X","X","4","0","O.XXXO.OX"
"O.XX.O.OX",".OXX.OO.X","X","6","0","O.XX.OXOX"
"O.XX.O.OX",".OXX.OO.X","X","1","0","OXXX.O.OX"
"O.XX.O.X.",".OXX...XO","O","4","0","O.XXOO.X."
"O.XX.O.X.",".OXX...XO","O","6","0","O.XX.OOX."
"O.XX.O.X.",".OXX...XO","O","8","-1","O.XX.O.XO"
"O.XX.O.X.",".OXX...XO","O","1","-1","OOXX.O.X."
"O.XX.O.XO",".XOX..OOX","X","4","1","O.XXXO.XO"
"O.XX.O.XO",".XOX..OOX","X","6","-1","O.XX.OXXO"
"O.XX.O.XO",".XOX..OOX","X","1","-1","OXXX.O.XO"
"O.XX.OO.X","O.XX.OO.X","X","4","0","O.XXXOO.X"
"O.XX.OO.X","O.XX.OO.X","X","1","0","OXXX.OO.X"
"O.XX.OO.X","O.XX.OO.X","X","7","0","O.XX.OOXX"
"O.XX.OOX.",".OXX..OXO","X","4","0","O.XXXOOX."
"O.XX.OOX.",".OXX..OXO","X","8","0","O.XX.OOXX"
"O.XX.OOX.",".OXX..OXO","X","1","0","OXXX.OOX."
"O.XX.OOXX","O.XX.OOXX","O","4","0","O.XXOOOXX"
"O.XX.OOXX","O.XX.OOXX","O","1","0","OOXX.OOXX"
"O.XX.OX..","..XO.XX.O","O","4","0","O.XXOOX.."
"O.XX.OX..","..XO.XX.O","O","8","-1","O.XX.OX.O"
"O.XX.OX..","..XO.XX.O","O","1","-1","OOXX.OX.."
"O.XX.OX..","..XO.XX.O","O","7","-1","O.XX.OXO."
"O.XX.OX.O","O.XO.XX.O","X","4","1","O.XXXOX.O"
"O.XX.OX.O","O.XO.XX.O","X","1","-1","OXXX.OX.O"
"O.XX.OX.O","O.XO.XX.O","X","7","-1","O.XX.OXXO"
"O.XX.OXO.",".OXO..XXO","X","4","1","O.XXXOXO."
"O.XX.OXO.",".OXO..XXO","X","8","0","O.XX.OXOX"
"O.XX.OXO.",".OXO..XXO","X","1","0","OXXX.OXO."
"O.XX.OXOX","O.XX.OXOX","O","4","0","O.XXOOXOX"
"O.XX.OXOX","O.XX.OXOX","O","1","-1","OOXX.OXOX"
"O.XX.OXXO","O.XX.OXXO","O","4","1","O.XXOOXXO"
"O.XX.OXXO","O.XX.OXXO","O","1","-1","OOXX.OXXO"
"O.XX.X..O","..OX.XO.X","O","4","1","O.XXOX..O"
"O.XX.X..O","..OX.XO.X","O","6","-1","O.XX.XO.O"
"O.XX.X..O","..OX.XO.X","O","1","-1","OOXX.X..O"
"O.XX.X..O","..OX.XO.X","O","7","-1","O.XX.X.OO"
"O.XX.X.O.",".O.X.XO.X","O","4","-1","O.XXOX.O."
"O.XX.X.O.",".O.X.XO.X","O","6","-1","O.XX.XOO."
"O.XX.X.O.",".O.X.XO.X","O","8","-1","O.XX.X.OO"
"O.XX.X.O.",".O.X.XO.X","O","1","-1","OOXX.X.O."
"O.XX.X.OO",".OOX.XO.X","X","4","1","O.XXXX.OO"
"O.XX.X.OO",".OOX.XO.X","X","6","-1","O.XX.XXOO"
"O.XX.X.OO",".OOX.XO.X","X","1","-1","OXXX.X.OO"
"O.XX.XO..","..OX.XX.O","O","4","-1","O.XXOXO.."
"O.XX.XO..","..OX.XX.O","O","8","-1","O.XX.XO.O"
"O.XX.XO..","..OX.XX.O","O","1","-1","OOXX.XO.."
"O.XX.XO..","..OX.XX.O","O","7","-1","O.XX.XOO."
"O.XX.XO.O","O.OX.XO.X","X","4","1","O.XXXXO.O"
"O.XX.XO.O","O.OX.XO.X","X","1","-1","OXXX.XO.O"
"O.XX.XO.O","O.OX.XO.X","X","7","-1","O.XX.XOXO"
"O.XX.XOO.",".OOX.XX.O","X","4","1","O.XXXXOO."
"O.XX.XOO.",".OOX.XX.O","X","8","1","O.XX.XOOX"
"O.XX.XOO.",".OOX.XX.O","X","1","-1","OXXX.XOO."
"O.XX.XOXO","O.XX.XOXO","O","4","1","O.XXOXOXO"
"O.XX.XOXO","O.XX.XOXO","O","1","-1","OOXX.XOXO"
"O.XX.XXOO","O.XX.XXOO","O","4","1","O.XXOXXOO"
"O.XX.XXOO","O.XX.XXOO","O","1","-1","OOXX.XXOO"
"O.XXO....","....OXX.O","X","6","-1","O.XXO.X.."
"O.XXO....","....OXX.O","X","8","0","O.XXO...X"
"O.XXO....","....OXX.O","X","1","-1","OXXXO...."
"O.XXO....","....OXX.O","X","5","-1","O.XXOX..."
"O.XXO....","....OXX.O","X","7","-1","O.XXO..X."
"O.XXO...X","..XXO.O.X","O","6","-1","O.XXO.O.X"
"O.XXO...X","..XXO.O.X","O","1","-1","OOXXO...X"
"O.XXO...X","..XXO.O.X","O","5","0","O.XXOO..X"
"O.XXO...X","..XXO.O.X","O","7","-1","O.XXO..OX"
"O.XXO..OX",".OXXO.O.X","X","6","-1","O.XXO.XOX"
"O.XXO..OX",".OXXO.O.X","X","1","0","OXXXO..OX"
"O.XXO..OX",".OXXO.O.X","X","5","1","O.XXOX.OX"
"O.XXO..X.","..XXO..XO","O","6","0","O.XXO.OX."
"O.XXO..X.","..XXO..XO","O","8","1","O.XXO..XO"
"O.XXO..X.","..XXO..XO","O","1","-1","OOXXO..X."
"O.XXO..X.","..XXO..XO","O","5","0","O.XXOO.X."
"O.XXO.O.X","O.XXO.O.X","X","1","0","OXXXO.O.X"
"O.XXO.O.X","O.XXO.O.X","X","5","1","O.XXOXO.X"
"O.XXO.O.X","O.XXO.O.X","X","7","0","O.XXO.OXX"
"O.XXO.OX.","..XXO.OXO","X","8","0","O.XXO.OXX"
"O.XXO.OX.","..XXO.OXO","X","1","-1","OXXXO.OX."
"O.XXO.OX.","..XXO.OXO","X","5","-1","O.XXOXOX."
"O.XXO.OXX","O.XXO.OXX","O","1","-1","OOXXO.OXX"
"O.XXO.OXX","O.XXO.OXX","O","5","0","O.XXOOOXX"
"O.XXO.X..","..X.O.XXO","O","8","1","O.XXO.X.O"
"O.XXO.X..","..X.O.XXO","O","1","1","OOXXO.X.."
"O.XXO.X..","..X.O.XXO","O","5","0","O.XXOOX.."
"O.XXO.X..","..X.O.XXO","O","7","1","O.XXO.XO."
"O.XXO.XO.","..XOO.XXO","X","8","-1","O.XXO.XOX"
"O.XXO.XO.","..XOO.XXO","X","1","-1","OXXXO.XO."
"O.XXO.XO.","..XOO.XXO","X","5","-1","O.XXOXXO."
"O.XXO.XOX","O.XXO.XOX","O","1","1","OOXXO.XOX"
"O.XXO.XOX","O.XXO.XOX","O","5","0","O.XXOOXOX"
"O.XXOO..X","..XXOOO.X","X","6","0","O.XXOOX.X"
"O.XXOO..X","..XXOOO.X","X","1","0","OXXXOO..X"
"O.XXOO..X","..XXOOO.X","X","7","0","O.XXOO.XX"
"O.XXOO.X.",".OXXO..XO","X","6","-1","O.XXOOXX."
"O.XXOO.X.",".OXXO..XO","X","8","0","O.XXOO.XX"
"O.XXOO.X.",".OXXO..XO","X","1","-1","OXXXOO.X."
"O.XXOO.XX",".XOXO.XOX","O","6","0","O.XXOOOXX"
"O.XXOO.XX",".XOXO.XOX","O","1","-1","OOXXOO.XX"
"O.XXOOOXX","O.XXOOOXX","X","1","0","OXXXOOOXX"
"O.XXOOX..","..XOOXX.O","X","8","0","O.XXOOX.X"
"O.XXOOX..","..XOOXX.O","X","1","-1","OXXXOOX.."
"O.XXOOX..","..XOOXX.O","X","7","-1","O.XXOOXX."
"O.XXOOX.X","O.XXOOX.X","O","1","-1","OOXXOOX.X"
"O.XXOOX.X","O.XXOOX.X","O","7","0","O.XXOOXOX"
"O.XXOOXOX","O.XXOOXOX","X","1","0","OXXXOOXOX"
"O.XXOOXX.",".OXXO.XXO","O","8","1","O.XXOOXXO"
"O.XXOOXX.",".OXXO.XXO","O","1","-1","OOXXOOXX."
"O.XXOX...","...XOXO.X","O","6","-1","O.XXOXO.."
"O.XXOX...","...XOXO.X","O","8","1","O.XXOX..O"
"O.XXOX...","...XOXO.X","O","1","-1","OOXXOX..."
"O.XXOX...","...XOXO.X","O","7","-1","O.XXOX.O."
"O.XXOX.O.",".O.XOXO.X","X","6","-1","O.XXOXXO."
"O.XXOX.O.",".O.XOXO.X","X","8","1","O.XXOX.OX"
"O.XXOX.O.",".O.XOXO.X","X","1","-1","OXXXOX.O."
"O.XXOXO..","..OXOXX.O","X","8","1","O.XXOXO.X"
"O.XXOXO..","..OXOXX.O","X","1","-1","OXXXOXO.."
"O.XXOXO..","..OXOXX.O","X","7","-1","O.XXOXOX."
"O.XXOXOX.",".XOXOXX.O","O","8","1","O.XXOXOXO"
"O.XXOXOX.",".XOXOXX.O","O","1","-1","OOXXOXOX."
"O.XXOXXO.",".OXXOXX.O","O","8","1","O.XXOXXOO"
"O.XXOXXO.",".OXXOXX.O","O","1","1","OOXXOXXO."
"O.XXX...O","..OXX.O.X","O","6","-1","O.XXX.O.O"
"O.XXX...O","..OXX.O.X","O","1","-1","OOXXX...O"
"O.XXX...O","..OXX.O.X","O","5","-1","O.XXXO..O"
"O.XXX...O","..OXX.O.X","O","7","-1","O.XXX..OO"
"O.XXX..O.","..XOX..XO","O","6","-1","O.XXX.OO."
"O.XXX..O.","..XOX..XO","O","8","-1","O.XXX..OO"
"O.XXX..O.","..XOX..XO","O","1","-1","OOXXX..O."
"O.XXX..O.","..XOX..XO","O","5","-1","O.XXXO.O."
"O.XXX..OO",".OOXX.O.X","X","6","1","O.XXX.XOO"
"O.XXX..OO",".OOXX.O.X","X","1","-1","OXXXX..OO"
"O.XXX..OO",".OOXX.O.X","X","5","1","O.XXXX.OO"
"O.XXX.O..","..O.XXX.O","O","8","-1","O.XXX.O.O"
"O.XXX.O..","..O.XXX.O","O","1","-1","OOXXX.O.."
"O.XXX.O..","..O.XXX.O","O","5","0","O.XXXOO.."
"O.XXX.O..","..O.XXX.O","O","7","-1","O.XXX.OO."
"O.XXX.O.O","O.O.XXX.O","X","1","-1","OXXXX.O.O"
"O.XXX.O.O","O.O.XXX.O","X","5","1","O.XXXXO.O"
"O.XXX.O.O","O.O.XXX.O","X","7","1","O.XXX.OXO"
"O.XXX.OO.","..XOX.OXO","X","8","0","O.XXX.OOX"
"O.XXX.OO.","..XOX.OXO","X","1","-1","OXXXX.OO."
"O.XXX.OO.","..XOX.OXO","X","5","1","O.XXXXOO."
"O.XXX.OOX","O.XXX.OOX","O","1","-1","OOXXX.OOX"
"O.XXX.OOX","O.XXX.OOX","O","5","0","O.XXXOOOX"
"O.XXX.OXO","O.XXX.OXO","O","1","-1","OOXXX.OXO"
"O.XXX.OXO","O.XXX.OXO","O","5","-1","O.XXXOOXO"
"O.XXXO...","...OXXX.O","O","6","0","O.XXXOO.."
"O.XXXO...","...OXXX.O","O","8","-1","O.XXXO..O"
"O.XXXO...","...OXXX.O","O","1","-1","OOXXXO..."
"O.XXXO...","...OXXX.O","O","7","-1","O.XXXO.O."
"O.XXXO..O","..OXXOO.X","X","6","1","O.XXXOX.O"
"O.XXXO..O","..OXXOO.X","X","1","1","OXXXXO..O"
"O.XXXO..O","..OXXOO.X","X","7","1","O.XXXO.XO"
"O.XXXO.O.",".O.OXXX.O","X","6","1","O.XXXOXO."
"O.XXXO.O.",".O.OXXX.O","X","8","0","O.XXXO.OX"
"O.XXXO.O.",".O.OXXX.O","X","1","0","OXXXXO.O."
"O.XXXO.OX",".OXXXOO.X","O","6","0","O.XXXOOOX"
"O.XXXO.OX",".OXXXOO.X","O","1","-1","OOXXXO.OX"
"O.XXXO.XO",".XOXX.OOX","O","6","-1","O.XXXOOXO"
"O.XXXO.XO",".XOXX.OOX","O","1","-1","OOXXXO.XO"
"O.XXXOO..","..OOXXX.O","X","8","0","O.XXXOO.X"
"O.XXXOO..","..OOXXX.O","X","1","0","OXXXXOO.."
"O.XXXOO..","..OOXXX.O","X","7","0","O.XXXOOX."
"O.XXXOO.X","O.XXXOO.X","O","1","0","OOXXXOO.X"
"O.XXXOO.X","O.XXXOO.X","O","7","0","O.XXXOOOX"
"O.XXXOOOX","O.XXXOOOX","X","1","0","OXXXXOOOX"
"O.XXXOOX.",".OXXX.OXO","O","8","-1","O.XXXOOXO"
"O.XXXOOX.",".OXXX.OXO","O","1","0","OOXXXOOX."
"O.XXXOOXO","O.XXXOOXO","X","1","1","OXXXXOOXO"
"OO.....XX","..OX.OX..","X","4","-1","OO..X..XX"
"OO.....XX","..OX.OX..","X","2","1","OOX....XX"
"OO.....XX","..OX.OX..","X","6","1","OO....XXX"
"OO.....XX","..OX.OX..","X","3","-1","OO.X...XX"
"OO.....XX","..OX.OX..","X","5","-1","OO...X.XX"
"OO....X.X","..XO..O.X","X","4","-1","OO..X.X.X"
"OO....X.X","..XO..O.X","X","2","1","OOX...X.X"
"OO....X.X","..XO..O.X","X","3","-1","OO.X..X.X"
"OO....X.X","..XO..O.X","X","5","-1","OO...XX.X"
"OO....X.X","..XO..O.X","X","7","1","OO....XXX"
"OO....XX.","...O.XO.X","X","4","-1","OO..X.XX."
"OO....XX.","...O.XO.X","X","2","1","OOX...XX."
"OO....XX.","...O.XO.X","X","8","1","OO....XXX"
"OO....XX.","...O.XO.X","X","3","-1","OO.X..XX."
"OO....XX.","...O.XO.X","X","5","-1","OO...XXX."
"OO...X..X","..O..OXX.","X","4","-1","OO..XX..X"
"OO...X..X","..O..OXX.","X","2","1","OOX..X..X"
"OO...X..X","..O..OXX.","X","6","-1","OO...XX.X"
"OO...X..X","..O..OXX.","X","3","-1","OO.X.X..X"
"OO...X..X","..O..OXX.","X","7","-1","OO...X.XX"
"OO...X.X.","..OX.O.X.","X","4","-1","OO..XX.X."
"OO...X.X.","..OX.O.X.","X","2","1","OOX..X.X."
"OO...X.X.","..OX.O.X.","X","6","-1","OO...XXX."
"OO...X.X.","..OX.O.X.","X","8","-1","OO...X.XX"
"OO...X.X.","..OX.O.X.","X","3","-1","OO.X.X.X."
"OO...X.XX","..OX.OXX.","O","4","-1","OO..OX.XX"
"OO...X.XX","..OX.OXX.","O","2","1","OOO..X.XX"
"OO...X.XX","..OX.OXX.","O","6","-1","OO...XOXX"
"OO...X.XX","..OX.OXX.","O","3","-1","OO.O.X.XX"
"OO...XOXX",".OOX..XXO","X","4","-1","OO..XXOXX"
"OO...XOXX",".OOX..XXO","X","2","1","OOX..XOXX"
"OO...XOXX",".OOX..XXO","X","3","-1","OO.X.XOXX"
"OO...XX..","..XX...OO","X","4","-1","OO..XXX.."
"OO...XX..","..XX...OO","X","2","1","OOX..XX.."
"OO...XX..","..XX...OO","X","8","-1","OO...XX.X"
"OO...XX..","..XX...OO","X","3","-1","OO.X.XX.."
"OO...XX..","..XX...OO","X","7","-1","OO...XXX."
"OO...XX.X",".OOX..X.X","O","4","-1","OO..OXX.X"
"OO...XX.X",".OOX..X.X","O","2","1","OOO..XX.X"
"OO...XX.X",".OOX..X.X","O","3","-1","OO.O.XX.X"
"OO...XX.X",".OOX..X.X","O","7","-1","OO...XXOX"
"OO...XXOX",".OOX..XOX","X","4","-1","OO..XXXOX"
"OO...XXOX",".OOX..XOX","X","2","1","OOX..XXOX"
"OO...XXOX",".OOX..XOX","X","3","-1","OO.X.XXOX"
"OO...XXX.",".OOX...XX","O","4","-1","OO..OXXX."
"OO...XXX.",".OOX...XX","O","2","1","OOO..XXX."
"OO...XXX.",".OOX...XX","O","8","1","OO...XXXO"
"OO...XXX.",".OOX...XX","O","3","-1","OO.O.XXX."
"OO...XXXO",".OOX..OXX","X","4","-1","OO..XXXXO"
"OO...XXXO",".OOX..OXX","X","2","-1","OOX..XXXO"
"OO...XXXO",".OOX..OXX","X","3","-1","OO.X.XXXO"
"OO..OX.XX","..OXOOXX.","X","2","1","OOX.OX.XX"
"OO..OX.XX","..OXOOXX.","X","6","1","OO..OXXXX"
"OO..OX.XX","..OXOOXX.","X","3","-1","OO.XOX.XX"
"OO..OXX.X",".OOXO.X.X","X","2","1","OOX.OXX.X"
"OO..OXX.X",".OOXO.X.X","X","3","-1","OO.XOXX.X"
"OO..OXX.X",".OOXO.X.X","X","7","1","OO..OXXXX"
"OO..OXXX.",".OOXO..XX","X","2","-1","OOX.OXXX."
"OO..OXXX.",".OOXO..XX","X","8","1","OO..OXXXX"
"OO..OXXX.",".OOXO..XX","X","3","-1","OO.XOXXX."
"OO..X...X","..O.XOX..","X","2","1","OOX.X...X"
"OO..X...X","..O.XOX..","X","6","-1","OO..X.X.X"
"OO..X...X","..O.XOX..","X","3","-1","OO.XX...X"
"OO..X...X","..O.XOX..","X","5","-1","OO..XX..X"
"OO..X...X","..O.XOX..","X","7","-1","OO..X..XX"
"OO..X..X.","...OXXO..","X","2","0","OOX.X..X."
"OO..X..X.","...OXXO..","X","6","-1","OO..X.XX."
"OO..X..X.","...OXXO..","X","8","-1","OO..X..XX"
"OO..X..X.","...OXXO..","X","3","-1","OO.XX..X."
"OO..X..X.","...OXXO..","X","5","-1","OO..XX.X."
"OO..X..XX","..OXXOX..","O","2","1","OOO.X..XX"
"OO..X..XX","..OXXOX..","O","6","1","OO..X.OXX"
"OO..X..XX","..OXXOX..","O","3","-1","OO.OX..XX"
"OO..X..XX","..OXXOX..","O","5","-1","OO..XO.XX"
"OO..X.OXX","..XOXXO.O","X","2","-1","OOX.X.OXX"
"OO..X.OXX","..XOXXO.O","X","3","-1","OO.XX.OXX"
"OO..X.OXX","..XOXXO.O","X","5","-1","OO..XXOXX"
"OO..X.X..","....XOX.O","X","2","1","OOX.X.X.."
"OO..X.X..","....XOX.O","X","8","-1","OO..X.X.X"
"OO..X.X..","....XOX.O","X","3","-1","OO.XX.X.."
"OO..X.X..","....XOX.O","X","5","-1","OO..XXX.."
"OO..X.X..","....XOX.O","X","7","-1","OO..X.XX."
"OO..X.X.X","..XOX.O.X","O","2","1","OOO.X.X.X"
"OO..X.X.X","..XOX.O.X","O","3","-1","OO.OX.X.X"
"OO..X.X.X","..XOX.O.X","O","5","-1","OO..XOX.X"
"OO..X.X.X","..XOX.O.X","O","7","-1","OO..X.XOX"
"OO..X.XOX","..XOXOO.X","X","2","1","OOX.X.XOX"
"OO..X.XOX","..XOXOO.X","X","3","-1","OO.XX.XOX"
"OO..X.XOX","..XOXOO.X","X","5","-1","OO..XXXOX"
"OO..X.XX.","...OXXO.X","O","2","1","OOO.X.XX."
"OO..X.XX.","...OXXO.X","O","8","-1","OO..X.XXO"
"OO..X.XX.","...OXXO.X","O","3","-1","OO.OX.XX."
"OO..X.XX.","...OXXO.X","O","5","-1","OO..XOXX."
"OO..X.XXO","..OOXXO.X","X","2","1","OOX.X.XXO"
"OO..X.XXO","..OOXXO.X","X","3","-1","OO.XX.XXO"
"OO..X.XXO","..OOXXO.X","X","5","-1","OO..XXXXO"
"OO..XO.XX","..OXXOXO.","X","2","0","OOX.XO.XX"
"OO..XO.XX","..OXXOXO.","X","6","1","OO..XOXXX"
"OO..XO.XX","..OXXOXO.","X","3","-1","OO.XXO.XX"
"OO..XOX.X",".OOOX.X.X","X","2","1","OOX.XOX.X"
"OO..XOX.X",".OOOX.X.X","X","3","-1","OO.XXOX.X"
"OO..XOX.X",".OOOX.X.X","X","7","1","OO..XOXXX"
"OO..XOXX.",".O.OXXO.X","X","2","1","OOX.XOXX."
"OO..XOXX.",".O.OXXO.X","X","8","1","OO..XOXXX"
"OO..XOXX.",".O.OXXO.X","X","3","-1","OO.XXOXX."
"OO..XX...","....XXOO.","X","2","1","OOX.XX..."
"OO..XX...","....XXOO.","X","6","-1","OO..XXX.."
"OO..XX...","....XXOO.","X","8","-1","OO..XX..X"
"OO..XX...","....XXOO.","X","3","1","OO.XXX..."
"OO..XX...","....XXOO.","X","7","-1","OO..XX.X."
"OO..XX..X","..O.XOXX.","O","2","1","OOO.XX..X"
"OO..XX..X","..O.XOXX.","O","6","-1","OO..XXO.X"
"OO..XX..X","..O.XOXX.","O","3","-1","OO.OXX..X"
"OO..XX..X","..O.XOXX.","O","7","-1","OO..XX.OX"
"OO..XX.OX","..OOXOXX.","X","2","1","OOX.XX.OX"
"OO..XX.OX","..OOXOXX.","X","6","-1","OO..XXXOX"
"OO..XX.OX","..OOXOXX.","X","3","1","OO.XXX.OX"
"OO..XX.X.","..OXXO.X.","O","2","1","OOO.XX.X."
"OO..XX.X.","..OXXO.X.","O","6","-1","OO..XXOX."
"OO..XX.X.","..OXXO.X.","O","8","-1","OO..XX.XO"
"OO..XX.X.","..OXXO.X.","O","3","1","OO.OXX.X."
"OO..XX.XO","..OXXOOX.","X","2","1","OOX.XX.XO"
"OO..XX.XO","..OXXOOX.","X","6","-1","OO..XXXXO"
"OO..XX.XO","..OXXOOX.","X","3","1","OO.XXX.XO"
"OO..XXO.X",".OOXX.X.O","X","2","1","OOX.XXO.X"
"OO..XXO.X",".OOXX.X.O","X","3","1","OO.XXXO.X"
"OO..XXO.X",".OOXX.X.O","X","7","-1","OO..XXOXX"
"OO..XXOX.",".OOXX..XO","X","2","-1","OOX.XXOX."
"OO..XXOX.",".OOXX..XO","X","8","-1","OO..XXOXX"
"OO..XXOX.",".OOXX..XO","X","3","1","OO.XXXOX."
"OO..XXOXX",".OOXX.XXO","O","2","1","OOO.XXOXX"
"OO..XXOXX",".OOXX.XXO","O","3","1","OO.OXXOXX"
"OO..XXX..","..XXX..OO","O","2","1","OOO.XXX.."
"OO..XXX..","..XXX..OO","O","8","-1","OO..XXX.O"
"OO..XXX..","..XXX..OO","O","3","-1","OO.OXXX.."
"OO..XXX..","..XXX..OO","O","7","-1","OO..XXXO."
"OO..XXX.O",".OOXX.O.X","X","2","1","OOX.XXX.O"
"OO..XXX.O",".OOXX.O.X","X","3","1","OO.XXXX.O"
"OO..XXX.O",".OOXX.O.X","X","7","-1","OO..XXXXO"
"OO..XXXO.",".OOXX..OX","X","2","1","OOX.XXXO."
"OO..XXXO.",".OOXX..OX","X","8","-1","OO..XXXOX"
"OO..XXXO.",".OOXX..OX","X","3","1","OO.XXXXO."
"OO..XXXOX",".OOXX.XOX","O","2","1","OOO.XXXOX"
"OO..XXXOX",".OOXX.XOX","O","3","-1","OO.OXXXOX"
"OO..XXXXO",".OOXX.OXX","O","2","1","OOO.XXXXO"
"OO..XXXXO",".OOXX.OXX","O","3","-1","OO.OXXXXO"
"OO.O.X.XX",".OOX.OXX.","X","4","-1","OO.OXX.XX"
"OO.O.X.XX",".OOX.OXX.","X","2","1","OOXO.X.XX"
"OO.O.X.XX",".OOX.OXX.","X","6","1","OO.O.XXXX"
"OO.O.XX.X",".OOX.OX.X","X","4","-1","OO.OXXX.X"
"OO.O.XX.X",".OOX.OX.X","X","2","1","OOXO.XX.X"
"OO.O.XX.X",".OOX.OX.X","X","7","1","OO.O.XXXX"
"OO.O.XXX.",".OOX.O.XX","X","4","-1","OO.OXXXX."
"OO.O.XXX.",".OOX.O.XX","X","2","1","OOXO.XXX."
"OO.O.XXX.",".OOX.O.XX","X","8","1","OO.O.XXXX"
"OO.OX..XX","..XOXXOO.","X","2","-1","OOXOX..XX"
"OO.OX..XX","..XOXXOO.","X","6","1","OO.OX.XXX"
"OO.OX..XX","..XOXXOO.","X","5","-1","OO.OXX.XX"
"OO.OX.X.X","..XOX.OOX","X","2","1","OOXOX.X.X"
"OO.OX.X.X","..XOX.OOX","X","5","-1","OO.OXXX.X"
"OO.OX.X.X","..XOX.OOX","X","7","1","OO.OX.XXX"
"OO.OX.XX.","...OXXOOX","X","2","1","OOXOX.XX."
"OO.OX.XX.","...OXXOOX","X","8","1","OO.OX.XXX"
"OO.OX.XX.","...OXXOOX","X","5","-1","OO.OXXXX."
"OO.OXX..X","..XOXXOO.","X","2","1","OOXOXX..X"
"OO.OXX..X","..XOXXOO.","X","6","-1","OO.OXXX.X"
"OO.OXX..X","..XOXXOO.","X","7","-1","OO.OXX.XX"
"OO.OXX.X.",".OOXXO.X.","X","2","-1","OOXOXX.X."
"OO.OXX.X.",".OOXXO.X.","X","6","-1","OO.OXXXX."
"OO.OXX.X.",".OOXXO.X.","X","8","-1","OO.OXX.XX"
"OO.OXX.XX",".OOXXOXX.","O","2","1","OOOOXX.XX"
"OO.OXX.XX",".OOXXOXX.","O","6","1","OO.OXXOXX"
"OO.OXXX..","..XXXO.OO","X","2","1","OOXOXXX.."
"OO.OXXX..","..XXXO.OO","X","8","-1","OO.OXXX.X"
"OO.OXXX..","..XXXO.OO","X","7","-1","OO.OXXXX."
"OO.OXXX.X",".OOXXOX.X","O","2","1","OOOOXXX.X"
"OO.OXXX.X",".OOXXOX.X","O","7","-1","OO.OXXXOX"
"OO.OXXXOX",".OOXXOXOX","X","2","1","OOXOXXXOX"
"OO.OXXXX.",".OOXXO.XX","O","2","1","OOOOXXXX."
"OO.OXXXX.",".OOXXO.XX","O","8","-1","OO.OXXXXO"
"OO.OXXXXO",".OOXXOOXX","X","2","1","OOXOXXXXO"
"OO.X....X","..XO..OX.","X","4","-1","OO.XX...X"
"OO.X....X","..XO..OX.","X","2","1","OOXX....X"
"OO.X....X","..XO..OX.","X","6","-1","OO.X..X.X"
"OO.X....X","..XO..OX.","X","5","-1","OO.X.X..X"
"OO.X....X","..XO..OX.","X","7","-1","OO.X...XX"
"OO.X...X.","...O.XOX.","X","4","-1","OO.XX..X."
"OO.X...X.","...O.XOX.","X","2","1","OOXX...X."
"OO.X...X.","...O.XOX.","X","6","-1","OO.X..XX."
"OO.X...X.","...O.XOX.","X","8","-1","OO.X...XX"
"OO.X...X.","...O.XOX.","X","5","-1","OO.X.X.X."
"OO.X...XX","..XO.XOX.","O","4","-1","OO.XO..XX"
"OO.X...XX","..XO.XOX.","O","2","1","OOOX...XX"
"OO.X...XX","..XO.XOX.","O","6","0","OO.X..OXX"
"OO.X...XX","..XO.XOX.","O","5","-1","OO.X.O.XX"
"OO.X..OXX","..XO.XOXO","X","4","-1","OO.XX.OXX"
"OO.X..OXX","..XO.XOXO","X","2","0","OOXX..OXX"
"OO.X..OXX","..XO.XOXO","X","5","-1","OO.X.XOXX"
"OO.X..X..",".....OXXO","X","4","-1","OO.XX.X.."
"OO.X..X..",".....OXXO","X","2","-1","OOXX..X.."
"OO.X..X..",".....OXXO","X","8","-1","OO.X..X.X"
"OO.X..X..",".....OXXO","X","5","-1","OO.X.XX.."
"OO.X..X..",".....OXXO","X","7","-1","OO.X..XX."
"OO.X..X.X","..XO..OXX","O","4","-1","OO.XO.X.X"
"OO.X..X.X","..XO..OXX","O","2","1","OOOX..X.X"
"OO.X..X.X","..XO..OXX","O","5","-1","OO.X.OX.X"
"OO.X..X.X","..XO..OXX","O","7","1","OO.X..XOX"
"OO.X..XOX","..XO.OOXX","X","4","-1","OO.XX.XOX"
"OO.X..XOX","..XO.OOXX","X","2","-1","OOXX..XOX"
"OO.X..XOX","..XO.OOXX","X","5","-1","OO.X.XXOX"
"OO.X..XX.","...O.XOXX","O","4","-1","OO.XO.XX."
"OO.X..XX.","...O.XOXX","O","2","1","OOOX..XX."
"OO.X..XX.","...O.XOXX","O","8","1","OO.X..XXO"
"OO.X..XX.","...O.XOXX","O","5","-1","OO.X.OXX."
"OO.X..XXO","..OO.XOXX","X","4","-1","OO.XX.XXO"
"OO.X..XXO","..OO.XOXX","X","2","-1","OOXX..XXO"
"OO.X..XXO","..OO.XOXX","X","5","-1","OO.X.XXXO"
"OO.X.O.XX",".OOO.XXX.","X","4","-1","OO.XXO.XX"
"OO.X.O.XX",".OOO.XXX.","X","2","0","OOXX.O.XX"
"OO.X.O.XX",".OOO.XXX.","X","6","1","OO.X.OXXX"
"OO.X.OX.X",".OOO.XX.X","X","4","-1","OO.XXOX.X"
"OO.X.OX.X",".OOO.XX.X","X","2","1","OOXX.OX.X"
"OO.X.OX.X",".OOO.XX.X","X","7","1","OO.X.OXXX"
"OO.X.OXX.",".O.O.XOXX","X","4","-1","OO.XXOXX."
"OO.X.OXX.",".O.O.XOXX","X","2","1","OOXX.OXX."
"OO.X.OXX.",".O.O.XOXX","X","8","1","OO.X.OXXX"
"OO.X.X...","...X.X.OO","X","4","1","OO.XXX..."
"OO.X.X...","...X.X.OO","X","2","1","OOXX.X..."
"OO.X.X...","...X.X.OO","X","6","-1","OO.X.XX.."
"OO.X.X...","...X.X.OO","X","8","-1","OO.X.X..X"
"OO.X.X...","...X.X.OO","X","7","-1","OO.X.X.X."
"OO.X.X..X","..XX.XOO.","O","4","-1","OO.XOX..X"
"OO.X.X..X","..XX.XOO.","O","2","1","OOOX.X..X"
"OO.X.X..X","..XX.XOO.","O","6","-1","OO.X.XO.X"
"OO.X.X..X","..XX.XOO.","O","7","-1","OO.X.X.OX"
"OO.X.X.OX",".OOX.XXO.","X","4","1","OO.XXX.OX"
"OO.X.X.OX",".OOX.XXO.","X","2","1","OOXX.X.OX"
"OO.X.X.OX",".OOX.XXO.","X","6","-1","OO.X.XXOX"
"OO.X.X.X.",".OOX.X.X.","O","4","1","OO.XOX.X."
"OO.X.X.X.",".OOX.X.X.","O","2","1","OOOX.X.X."
"OO.X.X.X.",".OOX.X.X.","O","6","-1","OO.X.XOX."
"OO.X.X.X.",".OOX.X.X.","O","8","-1","OO.X.X.XO"
"OO.X.X.XO",".OOX.XOX.","X","4","1","OO.XXX.XO"
"OO.X.X.XO",".OOX.XOX.","X","2","-1","OOXX.X.XO"
"OO.X.X.XO",".OOX.XOX.","X","6","-1","OO.X.XXXO"
"OO.X.XO.X",".OOX.XX.O","X","4","1","OO.XXXO.X"
"OO.X.XO.X",".OOX.XX.O","X","2","1","OOXX.XO.X"
"OO.X.XO.X",".OOX.XX.O","X","7","-1","OO.X.XOXX"
"OO.X.XOX.",".OOX.X.XO","X","4","1","OO.XXXOX."
"OO.X.XOX.",".OOX.X.XO","X","2","1","OOXX.XOX."
"OO.X.XOX.",".OOX.X.XO","X","8","-1","OO.X.XOXX"
"OO.X.XOXX",".OOX.XXXO","O","4","-1","OO.XOXOXX"
"OO.X.XOXX",".OOX.XXXO","O","2","1","OOOX.XOXX"
"OO.X.XX..","..XX.X.OO","O","4","1","OO.XOXX.."
"OO.X.XX..","..XX.X.OO","O","2","1","OOOX.XX.."
"OO.X.XX..","..XX.X.OO","O","8","-1","OO.X.XX.O"
"OO.X.XX..","..XX.X.OO","O","7","-1","OO.X.XXO."
"OO.X.XX.O",".OOX.XO.X","X","4","1","OO.XXXX.O"
"OO.X.XX.O",".OOX.XO.X","X","2","-1","OOXX.XX.O"
"OO.X.XX.O",".OOX.XO.X","X","7","-1","OO.X.XXXO"
"OO.X.XXO.",".OOX.X.OX","X","4","1","OO.XXXXO."
"OO.X.XXO.",".OOX.X.OX","X","2","-1","OOXX.XXO."
"OO.X.XXO.",".OOX.X.OX","X","8","-1","OO.X.XXOX"
"OO.X.XXOX",".OOX.XXOX","O","4","1","OO.XOXXOX"
"OO.X.XXOX",".OOX.XXOX","O","2","1","OOOX.XXOX"
"OO.X.XXXO",".OOX.XOXX","O","4","1","OO.XOXXXO"
"OO.X.XXXO",".OOX.XOXX","O","2","1","OOOX.XXXO"
"OO.XO..XX","..XOOXOX.","X","2","1","OOXXO..XX"
"OO.XO..XX","..XOOXOX.","X","6","1","OO.XO.XXX"
"OO.XO..XX","..XOOXOX.","X","5","-1","OO.XOX.XX"
"OO.XO.X.X","..XOO.OXX","X","2","-1","OOXXO.X.X"
"OO.XO.X.X","..XOO.OXX","X","5","-1","OO.XOXX.X"
"OO.XO.X.X","..XOO.OXX","X","7","1","OO.XO.XXX"
"OO.XO.XX.","...OOXOXX","X","2","-1","OOXXO.XX."
"OO.XO.XX.","...OOXOXX","X","8","1","OO.XO.XXX"
"OO.XO.XX.","...OOXOXX","X","5","-1","OO.XOXXX."
"OO.XOX..X","..XXOXOO.","X","2","1","OOXXOX..X"
"OO.XOX..X","..XXOXOO.","X","6","-1","OO.XOXX.X"
"OO.XOX..X","..XXOXOO.","X","7","-1","OO.XOX.XX"
"OO.XOX.X.",".OOXOX.X.","X","2","-1","OOXXOX.X."
"OO.XOX.X.",".OOXOX.X.","X","6","-1","OO.XOXXX."
"OO.XOX.X.",".OOXOX.X.","X","8","-1","OO.XOX.XX"
"OO.XOX.XX",".OOXOXXX.","O","2","1","OOOXOX.XX"
"OO.XOX.XX",".OOXOXXX.","O","6","-1","OO.XOXOXX"
"OO.XOXOXX",".OOXOXXXO","X","2","1","OOXXOXOXX"
"OO.XOXX..","..XXOX.OO","X","2","-1","OOXXOXX.."
"OO.XOXX..","..XXOX.OO","X","8","-1","OO.XOXX.X"
"OO.XOXX..","..XXOX.OO","X","7","-1","OO.XOXXX."
"OO.XOXX.X",".OOXOXX.X","O","2","1","OOOXOXX.X"
"OO.XOXX.X",".OOXOXX.X","O","7","1","OO.XOXXOX"
"OO.XOXXX.",".OOXOX.XX","O","2","1","OOOXOXXX."
"OO.XOXXX.",".OOXOX.XX","O","8","1","OO.XOXXXO"
"OO.XX....","....XO.XO","X","2","1","OOXXX...."
"OO.XX....","....XO.XO","X","6","-1","OO.XX.X.."
"OO.XX....","....XO.XO","X","8","-1","OO.XX...X"
"OO.XX....","....XO.XO","X","5","1","OO.XXX..."
"OO.XX....","....XO.XO","X","7","-1","OO.XX..X."
"OO.XX...X","..XOX.OX.","O","2","1","OOOXX...X"
"OO.XX...X","..XOX.OX.","O","6","-1","OO.XX.O.X"
"OO.XX...X","..XOX.OX.","O","5","0","OO.XXO..X"
"OO.XX...X","..XOX.OX.","O","7","-1","OO.XX..OX"
"OO.XX..OX","..XOXOOX.","X","2","1","OOXXX..OX"
"OO.XX..OX","..XOXOOX.","X","6","-1","OO.XX.XOX"
"OO.XX..OX","..XOXOOX.","X","5","1","OO.XXX.OX"
"OO.XX..X.","...OXXOX.","O","2","1","OOOXX..X."
"OO.XX..X.","...OXXOX.","O","6","-1","OO.XX.OX."
"OO.XX..X.","...OXXOX.","O","8","-1","OO.XX..XO"
"OO.XX..X.","...OXXOX.","O","5","0","OO.XXO.X."
"OO.XX..XO","..OOXXOX.","X","2","1","OOXXX..XO"
"OO.XX..XO","..OOXXOX.","X","6","-1","OO.XX.XXO"
"OO.XX..XO","..OOXXOX.","X","5","1","OO.XXX.XO"
"OO.XX.O.X","..XOX.OXO","X","2","0","OOXXX.O.X"
"OO.XX.O.X","..XOX.OXO","X","5","1","OO.XXXO.X"
"OO.XX.O.X","..XOX.OXO","X","7","-1","OO.XX.OXX"
"OO.XX.OX.","...OXXOXO","X","2","0","OOXXX.OX."
"OO.XX.OX.","...OXXOXO","X","8","-1","OO.XX.OXX"
"OO.XX.OX.","...OXXOXO","X","5","1","OO.XXXOX."
"OO.XX.OXX","..XOXXOXO","O","2","1","OOOXX.OXX"
"OO.XX.OXX","..XOXXOXO","O","5","0","OO.XXOOXX"
"OO.XX.X..","....XOXXO","O","2","1","OOOXX.X.."
"OO.XX.X..","....XOXXO","O","8","-1","OO.XX.X.O"
"OO.XX.X..","....XOXXO","O","5","-1","OO.XXOX.."
"OO.XX.X..","....XOXXO","O","7","-1","OO.XX.XO."
"OO.XX.X.O","..OOX.OXX","X","2","1","OOXXX.X.O"
"OO.XX.X.O","..OOX.OXX","X","5","1","OO.XXXX.O"
"OO.XX.X.O","..OOX.OXX","X","7","-1","OO.XX.XXO"
"OO.XX.XO.","...OXOOXX","X","2","1","OOXXX.XO."
"OO.XX.XO.","...OXOOXX","X","8","-1","OO.XX.XOX"
"OO.XX.XO.","...OXOOXX","X","5","1","OO.XXXXO."
"OO.XX.XOX","..XOXOOXX","O","2","1","OOOXX.XOX"
"OO.XX.XOX","..XOXOOXX","O","5","-1","OO.XXOXOX"
"OO.XX.XXO","..OOXXOXX","O","2","1","OOOXX.XXO"
"OO.XX.XXO","..OOXXOXX","O","5","-1","OO.XXOXXO"
"OO.XXO..X","..XXXOOO.","X","2","0","OOXXXO..X"
"OO.XXO..X","..XXXOOO.","X","6","-1","OO.XXOX.X"
"OO.XXO..X","..XXXOOO.","X","7","-1","OO.XXO.XX"
"OO.XXO.X.",".O.OXXOX.","X","2","0","OOXXXO.X."
"OO.XXO.X.",".O.OXXOX.","X","6","-1","OO.XXOXX."
"OO.XXO.X.",".O.OXXOX.","X","8","-1","OO.XXO.XX"
"OO.XXO.XX",".OOOXXXX.","O","2","1","OOOXXO.XX"
"OO.XXO.XX",".OOOXXXX.","O","6","0","OO.XXOOXX"
"OO.XXOOXX",".OOOXXXXO","X","2","0","OOXXXOOXX"
"OO.XXOX..","..XOXX.OO","X","2","1","OOXXXOX.."
"OO.XXOX..","..XOXX.OO","X","8","-1","OO.XXOX.X"
"OO.XXOX..","..XOXX.OO","X","7","-1","OO.XXOXX."
"OO.XXOX.X",".OOOXXX.X","O","2","1","OOOXXOX.X"
"OO.XXOX.X",".OOOXXX.X","O","7","-1","OO.XXOXOX"
"OO.XXOXOX",".OOOXXXOX","X","2","1","OOXXXOXOX"
"OO.XXOXX.",".O.OXXOXX","O","2","1","OOOXXOXX."
"OO.XXOXX.",".O.OXXOXX","O","8","-1","OO.XXOXXO"
"OO.XXOXXO",".OOOXXOXX","X","2","1","OOXXXOXXO"
"OOX.....X","..O..OX.X","X","4","1","OOX.X...X"
"OOX.....X","..O..OX.X","X","6","1","OOX...X.X"
"OOX.....X","..O..OX.X","X","3","1","OOXX....X"
"OOX.....X","..O..OX.X","X","5","1","OOX..X..X"
"OOX.....X","..O..OX.X","X","7","1","OOX....XX"
"OOX....X.","..OX.O..X","X","4","0","OOX.X..X."
"OOX....X.","..OX.O..X","X","6","1","OOX...XX."
"OOX....X.","..OX.O..X","X","8","1","OOX....XX"
"OOX....X.","..OX.O..X","X","3","1","OOXX...X."
"OOX....X.","..OX.O..X","X","5","1","OOX..X.X."
"OOX....XX","..OX.OX.X","O","4","-1","OOX.O..XX"
"OOX....XX","..OX.OX.X","O","6","-1","OOX...OXX"
"OOX....XX","..OX.OX.X","O","3","-1","OOXO...XX"
"OOX....XX","..OX.OX.X","O","5","-1","OOX..O.XX"
"OOX...OXX","O.OO.XX.X","X","4","-1","OOX.X.OXX"
"OOX...OXX","O.OO.XX.X","X","3","0","OOXX..OXX"
"OOX...OXX","O.OO.XX.X","X","5","1","OOX..XOXX"
"OOX...X..","..X...XOO","X","4","1","OOX.X.X.."
"OOX...X..","..X...XOO","X","8","1","OOX...X.X"
"OOX...X..","..X...XOO","X","3","-1","OOXX..X.."
"OOX...X..","..X...XOO","X","5","1","OOX..XX.."
"OOX...X..","..X...XOO","X","7","1","OOX...XX."
"OOX...X.X","O.XO..X.X","O","4","-1","OOX.O.X.X"
"OOX...X.X","O.XO..X.X","O","3","-1","OOXO..X.X"
"OOX...X.X","O.XO..X.X","O","5","-1","OOX..OX.X"
"OOX...X.X","O.XO..X.X","O","7","-1","OOX...XOX"
"OOX...XOX","O.XO.OX.X","X","4","1","OOX.X.XOX"
"OOX...XOX","O.XO.OX.X","X","3","-1","OOXX..XOX"
"OOX...XOX","O.XO.OX.X","X","5","1","OOX..XXOX"
"OOX...XX.","..XX.OX.O","O","4","-1","OOX.O.XX."
"OOX...XX.","..XX.OX.O","O","8","-1","OOX...XXO"
"OOX...XX.","..XX.OX.O","O","3","-1","OOXO..XX."
"OOX...XX.","..XX.OX.O","O","5","-1","OOX..OXX."
"OOX...XXO","O.XO.XX.O","X","4","1","OOX.X.XXO"
"OOX...XXO","O.XO.XX.O","X","3","-1","OOXX..XXO"
"OOX...XXO","O.XO.XX.O","X","5","-1","OOX..XXXO"
"OOX..O.XX","..OX.OXOX","X","4","0","OOX.XO.XX"
"OOX..O.XX","..OX.OXOX","X","6","1","OOX..OXXX"
"OOX..O.XX","..OX.OXOX","X","3","0","OOXX.O.XX"
"OOX..OX.X","O.XO..XOX","X","4","1","OOX.XOX.X"
"OOX..OX.X","O.XO..XOX","X","3","1","OOXX.OX.X"
"OOX..OX.X","O.XO..XOX","X","7","1","OOX..OXXX"
"OOX..OXX.",".OXX.OX.O","X","4","1","OOX.XOXX."
"OOX..OXX.",".OXX.OX.O","X","8","1","OOX..OXXX"
"OOX..OXX.",".OXX.OX.O","X","3","1","OOXX.OXX."
"OOX..X...",".....XOOX","X","4","1","OOX.XX..."
"OOX..X...",".....XOOX","X","6","1","OOX..XX.."
"OOX..X...",".....XOOX","X","8","1","OOX..X..X"
"OOX..X...",".....XOOX","X","3","1","OOXX.X..."
"OOX..X...",".....XOOX","X","7","1","OOX..X.X."
"OOX..X.X.","..OX.O.XX","O","4","-1","OOX.OX.X."
"OOX..X.X.","..OX.O.XX","O","6","-1","OOX..XOX."
"OOX..X.X.","..OX.O.XX","O","8","-1","OOX..X.XO"
"OOX..X.X.","..OX.O.XX","O","3","-1","OOXO.X.X."
"OOX..X.XO","..OX.OOXX","X","4","1","OOX.XX.XO"
"OOX..X.XO","..OX.OOXX","X","6","-1","OOX..XXXO"
"OOX..X.XO","..OX.OOXX","X","3","-1","OOXX.X.XO"
"OOX..XOX.",".XOX..XOO","X","4","-1","OOX.XXOX."
"OOX..XOX.",".XOX..XOO","X","8","1","OOX..XOXX"
"OOX..XOX.",".XOX..XOO","X","3","1","OOXX.XOX."
"OOX..XX..","..XX..XOO","O","4","-1","OOX.OXX.."
"OOX..XX..","..XX..XOO","O","8","-1","OOX..XX.O"
"OOX..XX..","..XX..XOO","O","3","-1","OOXO.XX.."
"OOX..XX..","..XX..XOO","O","7","-1","OOX..XXO."
"OOX..XX.O","O.XO..XXO","X","4","1","OOX.XXX.O"
"OOX..XX.O","O.XO..XXO","X","3","-1","OOXX.XX.O"
"OOX..XX.O","O.XO..XXO","X","7","-1","OOX..XXXO"
"OOX..XXO.",".OXX..XOO","X","4","1","OOX.XXXO."
"OOX..XXO.",".OXX..XOO","X","8","1","OOX..XXOX"
"OOX..XXO.",".OXX..XOO","X","3","-1","OOXX.XXO."
"OOX..XXXO","O.XO.XXXO","O","4","1","OOX.OXXXO"
"OOX..XXXO","O.XO.XXXO","O","3","-1","OOXO.XXXO"
"OOX.O..XX","..OXOOX.X","X","6","1","OOX.O.XXX"
"OOX.O..XX","..OXOOX.X","X","3","1","OOXXO..XX"
"OOX.O..XX","..OXOOX.X","X","5","1","OOX.OX.XX"
"OOX.O.X.X","O.XOO.X.X","X","3","-1","OOXXO.X.X"
"OOX.O.X.X","O.XOO.X.X","X","5","1","OOX.OXX.X"
"OOX.O.X.X","O.XOO.X.X","X","7","1","OOX.O.XXX"
"OOX.O.XX.","..XXOOX.O","X","8","1","OOX.O.XXX"
"OOX.O.XX.","..XXOOX.O","X","3","-1","OOXXO.XX."
"OOX.O.XX.","..XXOOX.O","X","5","-1","OOX.OXXX."
"OOX.OX.X.","..OXOO.XX","X","6","-1","OOX.OXXX."
"OOX.OX.X.","..OXOO.XX","X","8","1","OOX.OX.XX"
"OOX.OX.X.","..OXOO.XX","X","3","-1","OOXXOX.X."
"OOX.OXX..","..XXO.XOO","X","8","1","OOX.OXX.X"
"OOX.OXX..","..XXO.XOO","X","3","-1","OOXXOXX.."
"OOX.OXX..","..XXO.XOO","X","7","-1","OOX.OXXX."
"OOX.OXXX.",".XXXO.XOO","O","8","1","OOX.OXXXO"
"OOX.OXXX.",".XXXO.XOO","O","3","-1","OOXOOXXX."
"OOX.X....","....X.OOX","X","6","1","OOX.X.X.."
"OOX.X....","....X.OOX","X","8","1","OOX.X...X"
"OOX.X....","....X.OOX","X","3","1","OOXXX...."
"OOX.X....","....X.OOX","X","5","1","OOX.XX..."
"OOX.X....","....X.OOX","X","7","0","OOX.X..X."
"OOX.X...X","..O.XOX.X","O","6","-1","OOX.X.O.X"
"OOX.X...X","..O.XOX.X","O","3","-1","OOXOX...X"
"OOX.X...X","..O.XOX.X","O","5","-1","OOX.XO..X"
"OOX.X...X","..O.XOX.X","O","7","-1","OOX.X..OX"
"OOX.X..OX","..OOXOX.X","X","6","1","OOX.X.XOX"
"OOX.X..OX","..OOXOX.X","X","3","1","OOXXX..OX"
"OOX.X..OX","..OOXOX.X","X","5","1","OOX.XX.OX"
"OOX.X..X.","..OXXO..X","O","6","0","OOX.X.OX."
"OOX.X..X.","..OXXO..X","O","8","-1","OOX.X..XO"
"OOX.X..X.","..OXXO..X","O","3","-1","OOXOX..X."
"OOX.X..X.","..OXXO..X","O","5","-1","OOX.XO.X."
"OOX.X..XO","..OXXOO.X","X","6","1","OOX.X.XXO"
"OOX.X..XO","..OXXOO.X","X","3","1","OOXXX..XO"
"OOX.X..XO","..OXXOO.X","X","5","1","OOX.XX.XO"
"OOX.X.O.X","O.O.XOX.X","X","3","0","OOXXX.O.X"
"OOX.X.O.X","O.O.XOX.X","X","5","1","OOX.XXO.X"
"OOX.X.O.X","O.O.XOX.X","X","7","-1","OOX.X.OXX"
"OOX.X.OX.","..XXXOO.O","X","8","-1","OOX.X.OXX"
"OOX.X.OX.","..XXXOO.O","X","3","0","OOXXX.OX."
"OOX.X.OX.","..XXXOO.O","X","5","-1","OOX.XXOX."
"OOX.X.OXX","O.OOXXX.X","O","3","1","OOXOX.OXX"
"OOX.X.OXX","O.OOXXX.X","O","5","0","OOX.XOOXX"
"OOX.XO..X","..O.XOXOX","X","6","1","OOX.XOX.X"
"OOX.XO..X","..O.XOXOX","X","3","0","OOXXXO..X"
"OOX.XO..X","..O.XOXOX","X","7","0","OOX.XO.XX"
"OOX.XO.X.","..OXXO.OX","X","6","1","OOX.XOXX."
"OOX.XO.X.","..OXXO.OX","X","8","0","OOX.XO.XX"
"OOX.XO.X.","..OXXO.OX","X","3","0","OOXXXO.X."
"OOX.XO.XX","..OXXOXOX","O","6","0","OOX.XOOXX"
"OOX.XO.XX","..OXXOXOX","O","3","-1","OOXOXO.XX"
"OOX.XOOXX","O.OOXXXOX","X","3","0","OOXXXOOXX"
"OOX.XX...","....XXOOX","O","6","-1","OOX.XXO.."
"OOX.XX...","....XXOOX","O","8","-1","OOX.XX..O"
"OOX.XX...","....XXOOX","O","3","-1","OOXOXX..."
"OOX.XX...","....XXOOX","O","7","-1","OOX.XX.O."
"OOX.XX..O","..O.XOOXX","X","6","1","OOX.XXX.O"
"OOX.XX..O","..O.XOOXX","X","3","1","OOXXXX..O"
"OOX.XX..O","..O.XOOXX","X","7","1","OOX.XX.XO"
"OOX.XX.O.","..OOXO.XX","X","6","1","OOX.XXXO."
"OOX.XX.O.","..OOXO.XX","X","8","1","OOX.XX.OX"
"OOX.XX.O.","..OOXO.XX","X","3","1","OOXXXX.O."
"OOX.XX.XO","..OXXOOXX","O","6","-1","OOX.XXOXO"
"OOX.XX.XO","..OXXOOXX","O","3","-1","OOXOXX.XO"
"OOX.XXO..","..OXX.XOO","X","8","1","OOX.XXO.X"
"OOX.XXO..","..OXX.XOO","X","3","1","OOXXXXO.."
"OOX.XXO..","..OXX.XOO","X","7","-1","OOX.XXOX."
"OOX.XXOX.",".XOXX.XOO","O","8","-1","OOX.XXOXO"
"OOX.XXOX.",".XOXX.XOO","O","3","1","OOXOXXOX."
"OOX.XXOXO","O.OOXXXXO","X","3","1","OOXXXXOXO"
"OOXO...XX",".OOX.OX.X","X","4","-1","OOXOX..XX"
"OOXO...XX",".OOX.OX.X","X","6","1","OOXO..XXX"
"OOXO...XX",".OOX.OX.X","X","5","1","OOXO.X.XX"
"OOXO..X.X","OOXO..X.X","X","4","1","OOXOX.X.X"
"OOXO..X.X","OOXO..X.X","X","5","1","OOXO.XX.X"
"OOXO..X.X","OOXO..X.X","X","7","1","OOXO..XXX"
"OOXO..XX.","..XX.OXOO","X","4","1","OOXOX.XX."
"OOXO..XX.","..XX.OXOO","X","8","1","OOXO..XXX"
"OOXO..XX.","..XX.OXOO","X","5","1","OOXO.XXX."
"OOXO.X.X.",".OOX.O.XX","X","4","-1","OOXOXX.X."
"OOXO.X.X.",".OOX.O.XX","X","6","1","OOXO.XXX."
"OOXO.X.X.",".OOX.O.XX","X","8","1","OOXO.X.XX"
"OOXO.XX..","..XX.OXOO","X","4","1","OOXOXXX.."
"OOXO.XX..","..XX.OXOO","X","8","1","OOXO.XX.X"
"OOXO.XX..","..XX.OXOO","X","7","1","OOXO.XXX."
"OOXO.XXX.",".XXX.OXOO","O","4","-1","OOXOOXXX."
"OOXO.XXX.",".XXX.OXOO","O","8","-1","OOXO.XXXO"
"OOXO.XXXO","OOXO.XXXO","X","4","1","OOXOXXXXO"
"OOXOOXXX.",".XXXOOXOO","X","8","1","OOXOOXXXX"
"OOXOX...X","..XOX.OOX","X","6","1","OOXOX.X.X"
"OOXOX...X","..XOX.OOX","X","5","1","OOXOXX..X"
"OOXOX...X","..XOX.OOX","X","7","-1","OOXOX..XX"
"OOXOX..X.","..XXXO.OO","X","6","1","OOXOX.XX."
"OOXOX..X.","..XXXO.OO","X","8","-1","OOXOX..XX"
"OOXOX..X.","..XXXO.OO","X","5","-1","OOXOXX.X."
"OOXOX..XX",".OOXXOX.X","O","6","1","OOXOX.OXX"
"OOXOX..XX",".OOXXOX.X","O","5","-1","OOXOXO.XX"
"OOXOXO.XX",".OOXXOXOX","X","6","1","OOXOXOXXX"
"OOXOXX...","...OXXOOX","X","6","1","OOXOXXX.."
"OOXOXX...","...OXXOOX","X","8","1","OOXOXX..X"
"OOXOXX...","...OXXOOX","X","7","-1","OOXOXX.X."
"OOXOXX.X.",".OOXXO.XX","O","6","1","OOXOXXOX."
"OOXOXX.X.",".OOXXO.XX","O","8","-1","OOXOXX.XO"
"OOXOXX.XO",".OOXXOOXX","X","6","1","OOXOXXXXO"
"OOXX.....",".....XXOO","X","4","1","OOXXX...."
"OOXX.....",".....XXOO","X","6","-1","OOXX..X.."
"OOXX.....",".....XXOO","X","8","1","OOXX....X"
"OOXX.....",".....XXOO","X","5","1","OOXX.X..."
"OOXX.....",".....XXOO","X","7","1","OOXX...X."
"OOXX....X","..XX..OOX","O","4","-1","OOXXO...X"
"OOXX....X","..XX..OOX","O","6","-1","OOXX..O.X"
"OOXX....X","..XX..OOX","O","5","-1","OOXX.O..X"
"OOXX....X","..XX..OOX","O","7","-1","OOXX...OX"
"OOXX...OX",".OXX..OOX","X","4","1","OOXXX..OX"
"OOXX...OX",".OXX..OOX","X","6","-1","OOXX..XOX"
"OOXX...OX",".OXX..OOX","X","5","1","OOXX.X.OX"
"OOXX...X.","..XX.O.XO","O","4","-1","OOXXO..X."
"OOXX...X.","..XX.O.XO","O","6","-1","OOXX..OX."
"OOXX...X.","..XX.O.XO","O","8","-1","OOXX...XO"
"OOXX...X.","..XX.O.XO","O","5","-1","OOXX.O.X."
"OOXX...XO",".XOX..OOX","X","4","1","OOXXX..XO"
"OOXX...XO",".XOX..OOX","X","6","-1","OOXX..XXO"
"OOXX...XO",".XOX..OOX","X","5","-1","OOXX.X.XO"
"OOXX..O.X","O.XX..OOX","X","4","0","OOXXX.O.X"
"OOXX..O.X","O.XX..OOX","X","5","1","OOXX.XO.X"
"OOXX..O.X","O.XX..OOX","X","7","0","OOXX..OXX"
"OOXX..OX.","..XX.OOXO","X","4","0","OOXXX.OX."
"OOXX..OX.","..XX.OOXO","X","8","0","OOXX..OXX"
"OOXX..OX.","..XX.OOXO","X","5","1","OOXX.XOX."
"OOXX..OXX","OOXX..OXX","O","4","-1","OOXXO.OXX"
"OOXX..OXX","OOXX..OXX","O","5","0","OOXX.OOXX"
"OOXX..X..","..X..OXXO","O","4","1","OOXXO.X.."
"OOXX..X..","..X..OXXO","O","8","-1","OOXX..X.O"
"OOXX..X..","..X..OXXO","O","5","-1","OOXX.OX.."
"OOXX..X..","..X..OXXO","O","7","-1","OOXX..XO."
"OOXX..X.O","O.X..OXXO","X","4","1","OOXXX.X.O"
"OOXX..X.O","O.X..OXXO","X","5","-1","OOXX.XX.O"
"OOXX..X.O","O.X..OXXO","X","7","-1","OOXX..XXO"
"OOXX..XO.","..XO.OXXO","X","4","1","OOXXX.XO."
"OOXX..XO.","..XO.OXXO","X","8","-1","OOXX..XOX"
"OOXX..XO.","..XO.OXXO","X","5","-1","OOXX.XXO."
"OOXX..XOX","OOXX..XOX","O","4","1","OOXXO.XOX"
"OOXX..XOX","OOXX..XOX","O","5","-1","OOXX.OXOX"
"OOXX..XXO","O.XX.OXXO","O","4","1","OOXXO.XXO"
"OOXX..XXO","O.XX.OXXO","O","5","-1","OOXX.OXXO"
"OOXX.O..X","..XX.OOOX","X","4","0","OOXXXO..X"
"OOXX.O..X","..XX.OOOX","X","6","1","OOXX.OX.X"
"OOXX.O..X","..XX.OOOX","X","7","0","OOXX.O.XX"
"OOXX.O.X.",".OXX.O.XO","X","4","0","OOXXXO.X."
"OOXX.O.X.",".OXX.O.XO","X","6","1","OOXX.OXX."
"OOXX.O.X.",".OXX.O.XO","X","8","0","OOXX.O.XX"
"OOXX.O.XX",".XOX.OXOX","O","4","-1","OOXXOO.XX"
"OOXX.O.XX",".XOX.OXOX","O","6","0","OOXX.OOXX"
"OOXX.OOXX","OOXX.OOXX","X","4","0","OOXXXOOXX"
"OOXX.OX..","..XO.XXOO","X","4","1","OOXXXOX.."
"OOXX.OX..","..XO.XXOO","X","8","1","OOXX.OX.X"
"OOXX.OX..","..XO.XXOO","X","7","1","OOXX.OXX."
"OOXX.OX.X","OOXX.OX.X","O","4","-1","OOXXOOX.X"
"OOXX.OX.X","OOXX.OX.X","O","7","-1","OOXX.OXOX"
"OOXX.OXOX","OOXX.OXOX","X","4","1","OOXXXOXOX"
"OOXX.OXX.",".OXX.OXXO","O","4","-1","OOXXOOXX."
"OOXX.OXX.",".OXX.OXXO","O","8","-1","OOXX.OXXO"
"OOXX.OXXO","OOXX.OXXO","X","4","1","OOXXXOXXO"
"OOXX.X...","...X.XOOX","O","4","-1","OOXXOX..."
"OOXX.X...","...X.XOOX","O","6","-1","OOXX.XO.."
"OOXX.X...","...X.XOOX","O","8","-1","OOXX.X..O"
"OOXX.X...","...X.XOOX","O","7","-1","OOXX.X.O."
"OOXX.X..O","..OX.XOOX","X","4","1","OOXXXX..O"
"OOXX.X..O","..OX.XOOX","X","6","-1","OOXX.XX.O"
"OOXX.X..O","..OX.XOOX","X","7","-1","OOXX.X.XO"
"OOXX.X.O.",".O.X.XOOX","X","4","1","OOXXXX.O."
"OOXX.X.O.",".O.X.XOOX","X","6","-1","OOXX.XXO."
"OOXX.X.O.",".O.X.XOOX","X","8","1","OOXX.X.OX"
"OOXX.X.XO",".XOX.OOXX","O","4","1","OOXXOX.XO"
"OOXX.X.XO",".XOX.OOXX","O","6","-1","OOXX.XOXO"
"OOXX.XO..","..OX.XXOO","X","4","1","OOXXXXO.."
"OOXX.XO..","..OX.XXOO","X","8","1","OOXX.XO.X"
"OOXX.XO..","..OX.XXOO","X","7","1","OOXX.XOX."
"OOXX.XOX.",".XOX.XXOO","O","4","-1","OOXXOXOX."
"OOXX.XOX.",".XOX.XXOO","O","8","-1","OOXX.XOXO"
"OOXX.XOXO","OOXX.XOXO","X","4","1","OOXXXXOXO"
"OOXX.XX.O","O.XX.XXOO","O","4","1","OOXXOXX.O"
"OOXX.XX.O","O.XX.XXOO","O","7","-1","OOXX.XXOO"
"OOXX.XXO.",".OXX.XXOO","O","4","1","OOXXOXXO."
"OOXX.XXO.",".OXX.XXOO","O","8","-1","OOXX.XXOO"
"OOXX.XXOO","OOXX.XXOO","X","4","1","OOXXXXXOO"
"OOXXO...X","..XXO.OOX","X","6","-1","OOXXO.X.X"
"OOXXO...X","..XXO.OOX","X","5","1","OOXXOX..X"
"OOXXO...X","..XXO.OOX","X","7","1","OOXXO..XX"
"OOXXO..X.","..XXOO.XO","X","6","-1","OOXXO.XX."
"OOXXO..X.","..XXOO.XO","X","8","1","OOXXO..XX"
"OOXXO..X.","..XXOO.XO","X","5","-1","OOXXOX.X."
"OOXXO..XX",".XOXOOX.X","O","6","-1","OOXXO.OXX"
"OOXXO..XX",".XOXOOX.X","O","5","-1","OOXXOO.XX"
"OOXXO.OXX","OOXXO.OXX","X","5","1","OOXXOXOXX"
"OOXXO.X..","..X.OOXXO","X","8","-1","OOXXO.X.X"
"OOXXO.X..","..X.OOXXO","X","5","-1","OOXXOXX.."
"OOXXO.X..","..X.OOXXO","X","7","-1","OOXXO.XX."
"OOXXO.X.X","OOXXO.X.X","O","5","-1","OOXXOOX.X"
"OOXXO.X.X","OOXXO.X.X","O","7","1","OOXXO.XOX"
"OOXXO.XX.","..XXOOXXO","O","8","1","OOXXO.XXO"
"OOXXO.XX.","..XXOOXXO","O","5","-1","OOXXOOXX."
"OOXXOO.XX",".XOXOOXOX","X","6","1","OOXXOOXXX"
"OOXXOOX.X","OOXXOOX.X","X","7","1","OOXXOOXXX"
"OOXXOOXX.",".OXXOOXXO","X","8","1","OOXXOOXXX"
"OOXXOX...","...XOXOOX","X","6","-1","OOXXOXX.."
"OOXXOX...","...XOXOOX","X","8","1","OOXXOX..X"
"OOXXOX...","...XOXOOX","X","7","-1","OOXXOX.X."
"OOXXOX.X.",".X.XOXOOX","O","6","-1","OOXXOXOX."
"OOXXOX.X.",".X.XOXOOX","O","8","1","OOXXOX.XO"
"OOXXOXOX.",".XOXOXXOO","X","8","1","OOXXOXOXX"
"OOXXOXX..","..XXOXXOO","O","8","1","OOXXOXX.O"
"OOXXOXX..","..XXOXXOO","O","7","1","OOXXOXXO."
"OOXXX....","....XXXOO","O","6","-1","OOXXX.O.."
"OOXXX....","....XXXOO","O","8","-1","OOXXX...O"
"OOXXX....","....XXXOO","O","5","-1","OOXXXO..."
"OOXXX....","....XXXOO","O","7","-1","OOXXX..O."
"OOXXX...O","..OXX.OOX","X","6","1","OOXXX.X.O"
"OOXXX...O","..OXX.OOX","X","5","1","OOXXXX..O"
"OOXXX...O","..OXX.OOX","X","7","1","OOXXX..XO"
"OOXXX..O.","..XOXO.XO","X","6","1","OOXXX.XO."
"OOXXX..O.","..XOXO.XO","X","8","1","OOXXX..OX"
"OOXXX..O.","..XOXO.XO","X","5","1","OOXXXX.O."
"OOXXX..OX",".OXXX.OOX","O","6","-1","OOXXX.OOX"
"OOXXX..OX",".OXXX.OOX","O","5","-1","OOXXXO.OX"
"OOXXX..XO",".XOXX.OOX","O","6","-1","OOXXX.OXO"
"OOXXX..XO",".XOXX.OOX","O","5","-1","OOXXXO.XO"
"OOXXX.O..","..O.XXXOO","X","8","0","OOXXX.O.X"
"OOXXX.O..","..O.XXXOO","X","5","1","OOXXXXO.."
"OOXXX.O..","..O.XXXOO","X","7","0","OOXXX.OX."
"OOXXX.O.X","O.XXX.OOX","O","5","0","OOXXXOO.X"
"OOXXX.O.X","O.XXX.OOX","O","7","-1","OOXXX.OOX"
"OOXXX.OOX","OOXXX.OOX","X","5","1","OOXXXXOOX"
"OOXXX.OX.","..XXXOOXO","O","8","-1","OOXXX.OXO"
"OOXXX.OX.","..XXXOOXO","O","5","0","OOXXXOOX."
"OOXXX.OXO","O.XXXOOXO","X","5","1","OOXXXXOXO"
"OOXXXO...","...OXXXOO","X","6","1","OOXXXOX.."
"OOXXXO...","...OXXXOO","X","8","0","OOXXXO..X"
"OOXXXO...","...OXXXOO","X","7","0","OOXXXO.X."
"OOXXXO..X","..XXXOOOX","O","6","0","OOXXXOO.X"
"OOXXXO..X","..XXXOOOX","O","7","-1","OOXXXO.OX"
"OOXXXO.OX",".OXXXOOOX","X","6","1","OOXXXOXOX"
"OOXXXO.X.",".OXXXO.XO","O","6","0","OOXXXOOX."
"OOXXXO.X.",".OXXXO.XO","O","8","-1","OOXXXO.XO"
"OOXXXO.XO",".XOXXOOOX","X","6","1","OOXXXOXXO"
"OOXXXOO.X","O.XXXOOOX","X","7","0","OOXXXOOXX"
"OOXXXOOX.",".OXXXOOXO","X","8","0","OOXXXOOXX"
"OX.......",".......XO","X","4","0","OX..X...."
"OX.......",".......XO","X","2","-1","OXX......"
"OX.......",".......XO","X","6","0","OX....X.."
"OX.......",".......XO","X","8","0","OX......X"
"OX.......",".......XO","X","3","0","OX.X....."
"OX.......",".......XO","X","5","-1","OX...X..."
"OX.......",".......XO","X","7","-1","OX.....X."
"OX......X","..O..XX..","O","4","0","OX..O...X"
"OX......X","..O..XX..","O","2","-1","OXO.....X"
"OX......X","..O..XX..","O","6","0","OX....O.X"
"OX......X","..O..XX..","O","3","-1","OX.O....X"
"OX......X","..O..XX..","O","5","-1","OX...O..X"
"OX......X","..O..XX..","O","7","0","OX.....OX"
"OX.....OX","..OO.XX..","X","4","0","OX..X..OX"
"OX.....OX","..OO.XX..","X","2","0","OXX....OX"
"OX.....OX","..OO.XX..","X","6","0","OX....XOX"
"OX.....OX","..OO.XX..","X","3","0","OX.X...OX"
"OX.....OX","..OO.XX..","X","5","0","OX...X.OX"
"OX.....X.","...X.X..O","O","4","1","OX..O..X."
"OX.....X.","...X.X..O","O","2","-1","OXO....X."
"OX.....X.","...X.X..O","O","6","-1","OX....OX."
"OX.....X.","...X.X..O","O","8","-1","OX.....XO"
"OX.....X.","...X.X..O","O","3","-1","OX.O...X."
"OX.....X.","...X.X..O","O","5","-1","OX...O.X."
"OX.....XO","..OX.XO..","X","4","1","OX..X..XO"
"OX.....XO","..OX.XO..","X","2","-1","OXX....XO"
"OX.....XO","..OX.XO..","X","6","-1","OX....XXO"
"OX.....XO","..OX.XO..","X","3","-1","OX.X...XO"
"OX.....XO","..OX.XO..","X","5","-1","OX...X.XO"
"OX....O.X","..XX..O.O","X","4","-1","OX..X.O.X"
"OX....O.X","..XX..O.O","X","2","-1","OXX...O.X"
"OX....O.X","..XX..O.O","X","3","0","OX.X..O.X"
"OX....O.X","..XX..O.O","X","5","-1","OX...XO.X"
"OX....O.X","..XX..O.O","X","7","-1","OX....OXX"
"OX....OX.","...X.XO.O","X","4","1","OX..X.OX."
"OX....OX.","...X.XO.O","X","2","-1","OXX...OX."
"OX....OX.","...X.XO.O","X","8","-1","OX....OXX"
"OX....OX.","...X.XO.O","X","3","-1","OX.X..OX."
"OX....OX.","...X.XO.O","X","5","-1","OX...XOX."
"OX....OXX","..XX.XO.O","O","4","1","OX..O.OXX"
"OX....OXX","..XX.XO.O","O","2","-1","OXO...OXX"
"OX....OXX","..XX.XO.O","O","3","1","OX.O..OXX"
"OX....OXX","..XX.XO.O","O","5","-1","OX...OOXX"
"OX....X..",".....XX.O","O","4","0","OX..O.X.."
"OX....X..",".....XX.O","O","2","-1","OXO...X.."
"OX....X..",".....XX.O","O","8","-1","OX....X.O"
"OX....X..",".....XX.O","O","3","-1","OX.O..X.."
"OX....X..",".....XX.O","O","5","-1","OX...OX.."
"OX....X..",".....XX.O","O","7","0","OX....XO."
"OX....X.O","..OX..O.X","X","4","1","OX..X.X.O"
"OX....X.O","..OX..O.X","X","2","-1","OXX...X.O"
"OX....X.O","..OX..O.X","X","3","-1","OX.X..X.O"
"OX....X.O","..OX..O.X","X","5","-1","OX...XX.O"
"OX....X.O","..OX..O.X","X","7","-1","OX....XXO"
"OX....XO.","...O.XX.O","X","4","0","OX..X.XO."
"OX....XO.","...O.XX.O","X","2","0","OXX...XO."
"OX....XO.","...O.XX.O","X","8","0","OX....XOX"
"OX....XO.","...O.XX.O","X","3","0","OX.X..XO."
"OX....XO.","...O.XX.O","X","5","0","OX...XXO."
"OX....XOX","..XX.OO.X","O","4","0","OX..O.XOX"
"OX....XOX","..XX.OO.X","O","2","0","OXO...XOX"
"OX....XOX","..XX.OO.X","O","3","-1","OX.O..XOX"
"OX....XOX","..XX.OO.X","O","5","0","OX...OXOX"
"OX....XXO","..OX.XO.X","O","4","1","OX..O.XXO"
"OX....XXO","..OX.XO.X","O","2","-1","OXO...XXO"
"OX....XXO","..OX.XO.X","O","3","-1","OX.O..XXO"
"OX....XXO","..OX.XO.X","O","5","-1","OX...OXXO"
"OX...O..X","..O..XXO.","X","4","0","OX..XO..X"
"OX...O..X","..O..XXO.","X","2","-1","OXX..O..X"
"OX...O..X","..O..XXO.","X","6","0","OX...OX.X"
"OX...O..X","..O..XXO.","X","3","0","OX.X.O..X"
"OX...O..X","..O..XXO.","X","7","1","OX...O.XX"
"OX...O.X.","..OX.X.O.","X","4","1","OX..XO.X."
"OX...O.X.","..OX.X.O.","X","2","-1","OXX..O.X."
"OX...O.X.","..OX.X.O.","X","6","1","OX...OXX."
"OX...O.X.","..OX.X.O.","X","8","1","OX...O.XX"
"OX...O.X.","..OX.X.O.","X","3","0","OX.X.O.X."
"OX...O.XX","..OX.XXO.","O","4","-1","OX..OO.XX"
"OX...O.XX","..OX.XXO.","O","2","-1","OXO..O.XX"
"OX...O.XX","..OX.XXO.","O","6","-1","OX...OOXX"
"OX...O.XX","..OX.XXO.","O","3","-1","OX.O.O.XX"
"OX...OOXX",".OXX.XO.O","X","4","1","OX..XOOXX"
"OX...OOXX",".OXX.XO.O","X","2","-1","OXX..OOXX"
"OX...OOXX",".OXX.XO.O","X","3","0","OX.X.OOXX"
"OX...OX..","..XO...XO","X","4","1","OX..XOX.."
"OX...OX..","..XO...XO","X","2","-1","OXX..OX.."
"OX...OX..","..XO...XO","X","8","0","OX...OX.X"
"OX...OX..","..XO...XO","X","3","-1","OX.X.OX.."
"OX...OX..","..XO...XO","X","7","1","OX...OXX."
"OX...OX.X",".OXX..O.X","O","4","-1","OX..OOX.X"
"OX...OX.X",".OXX..O.X","O","2","-1","OXO..OX.X"
"OX...OX.X",".OXX..O.X","O","3","-1","OX.O.OX.X"
"OX...OX.X",".OXX..O.X","O","7","0","OX...OXOX"
"OX...OXOX",".OXX.OO.X","X","4","0","OX..XOXOX"
"OX...OXOX",".OXX.OO.X","X","2","0","OXX..OXOX"
"OX...OXOX",".OXX.OO.X","X","3","0","OX.X.OXOX"
"OX...OXX.",".O.X.XO.X","O","4","-1","OX..OOXX."
"OX...OXX.",".O.X.XO.X","O","2","-1","OXO..OXX."
"OX...OXX.",".O.X.XO.X","O","8","-1","OX...OXXO"
"OX...OXX.",".O.X.XO.X","O","3","-1","OX.O.OXX."
"OX...OXXO",".OOX.XO.X","X","4","1","OX..XOXXO"
"OX...OXXO",".OOX.XO.X","X","2","-1","OXX..OXXO"
"OX...OXXO",".OOX.XO.X","X","3","-1","OX.X.OXXO"
"OX...X...",".....XOX.","O","4","0","OX..OX..."
"OX...X...",".....XOX.","O","2","-1","OXO..X..."
"OX...X...",".....XOX.","O","6","1","OX...XO.."
"OX...X...",".....XOX.","O","8","-1","OX...X..O"
"OX...X...",".....XOX.","O","3","-1","OX.O.X..."
"OX...X...",".....XOX.","O","7","0","OX...X.O."
"OX...X..O","..O..XOX.","X","4","1","OX..XX..O"
"OX...X..O","..O..XOX.","X","2","-1","OXX..X..O"
"OX...X..O","..O..XOX.","X","6","-1","OX...XX.O"
"OX...X..O","..O..XOX.","X","3","-1","OX.X.X..O"
"OX...X..O","..O..XOX.","X","7","-1","OX...X.XO"
"OX...X.O.","..OO.X.X.","X","4","0","OX..XX.O."
"OX...X.O.","..OO.X.X.","X","2","-1","OXX..X.O."
"OX...X.O.","..OO.X.X.","X","6","0","OX...XXO."
"OX...X.O.","..OO.X.X.","X","8","0","OX...X.OX"
"OX...X.O.","..OO.X.X.","X","3","0","OX.X.X.O."
"OX...X.OX","..OO.XXX.","O","4","-1","OX..OX.OX"
"OX...X.OX","..OO.XXX.","O","2","0","OXO..X.OX"
"OX...X.OX","..OO.XXX.","O","6","-1","OX...XOOX"
"OX...X.OX","..OO.XXX.","O","3","-1","OX.O.X.OX"
"OX...X.XO","..OX.XOX.","O","4","1","OX..OX.XO"
"OX...X.XO","..OX.XOX.","O","2","-1","OXO..X.XO"
"OX...X.XO","..OX.XOX.","O","6","-1","OX...XOXO"
"OX...X.XO","..OX.XOX.","O","3","-1","OX.O.X.XO"
"OX...XO..","..OX...XO","X","4","-1","OX..XXO.."
"OX...XO..","..OX...XO","X","2","-1","OXX..XO.."
"OX...XO..","..OX...XO","X","8","-1","OX...XO.X"
"OX...XO..","..OX...XO","X","3","-1","OX.X.XO.."
"OX...XO..","..OX...XO","X","7","-1","OX...XOX."
"OX...XO.X",".XOX..X.O","O","4","-1","OX..OXO.X"
"OX...XO.X",".XOX..X.O","O","2","1","OXO..XO.X"
"OX...XO.X",".XOX..X.O","O","3","1","OX.O.XO.X"
"OX...XO.X",".XOX..X.O","O","7","-1","OX...XOOX"
"OX...XOOX",".XOX..XOO","X","4","-1","OX..XXOOX"
"OX...XOOX",".XOX..XOO","X","2","1","OXX..XOOX"
"OX...XOOX",".XOX..XOO","X","3","1","OX.X.XOOX"
"OX...XOX.",".X.X.XO.O","O","4","1","OX..OXOX."
"OX...XOX.",".X.X.XO.O","O","2","-1","OXO..XOX."
"OX...XOX.",".X.X.XO.O","O","8","-1","OX...XOXO"
"OX...XOX.",".X.X.XO.O","O","3","1","OX.O.XOX."
"OX...XOXO",".XOX..OXO","X","4","1","OX..XXOXO"
"OX...XOXO",".XOX..OXO","X","2","-1","OXX..XOXO"
"OX...XOXO",".XOX..OXO","X","3","-1","OX.X.XOXO"
"OX...XX.O",".XOX..O.X","O","4","1","OX..OXX.O"
"OX...XX.O",".XOX..O.X","O","2","-1","OXO..XX.O"
"OX...XX.O",".XOX..O.X","O","3","-1","OX.O.XX.O"
"OX...XX.O",".XOX..O.X","O","7","-1","OX...XXOO"
"OX...XXO.",".OXX...XO","O","4","0","OX..OXXO."
"OX...XXO.",".OXX...XO","O","2","0","OXO..XXO."
"OX...XXO.",".OXX...XO","O","8","-1","OX...XXOO"
"OX...XXO.",".OXX...XO","O","3","-1","OX.O.XXO."
"OX...XXOO",".XOX..OOX","X","4","1","OX..XXXOO"
"OX...XXOO",".XOX..OOX","X","2","-1","OXX..XXOO"
"OX...XXOO",".XOX..OOX","X","3","-1","OX.X.XXOO"
"OX..O...X","..O.OXX..","X","2","0","OXX.O...X"
"OX..O...X","..O.OXX..","X","6","0","OX..O.X.X"
"OX..O...X","..O.OXX..","X","3","0","OX.XO...X"
"OX..O...X","..O.OXX..","X","5","0","OX..OX..X"
"OX..O...X","..O.OXX..","X","7","-1","OX..O..XX"
"OX..O..X.","...XOX..O","X","2","-1","OXX.O..X."
"OX..O..X.","...XOX..O","X","6","-1","OX..O.XX."
"OX..O..X.","...XOX..O","X","8","-1","OX..O..XX"
"OX..O..X.","...XOX..O","X","3","-1","OX.XO..X."
"OX..O..X.","...XOX..O","X","5","-1","OX..OX.X."
"OX..O..XX","..OXOXX..","O","2","-1","OXO.O..XX"
"OX..O..XX","..OXOXX..","O","6","1","OX..O.OXX"
"OX..O..XX","..OXOXX..","O","3","-1","OX.OO..XX"
"OX..O..XX","..OXOXX..","O","5","-1","OX..OO.XX"
"OX..O.OXX","..XXOXO.O","X","2","-1","OXX.O.OXX"
"OX..O.OXX","..XXOXO.O","X","3","-1","OX.XO.OXX"
"OX..O.OXX","..XXOXO.O","X","5","-1","OX..OXOXX"
"OX..O.X..","....OXX.O","X","2","-1","OXX.O.X.."
"OX..O.X..","....OXX.O","X","8","0","OX..O.X.X"
"OX..O.X..","....OXX.O","X","3","-1","OX.XO.X.."
"OX..O.X..","....OXX.O","X","5","-1","OX..OXX.."
"OX..O.X..","....OXX.O","X","7","-1","OX..O.XX."
"OX..O.X.X","..XXO.O.X","O","2","-1","OXO.O.X.X"
"OX..O.X.X","..XXO.O.X","O","3","-1","OX.OO.X.X"
"OX..O.X.X","..XXO.O.X","O","5","-1","OX..OOX.X"
"OX..O.X.X","..XXO.O.X","O","7","0","OX..O.XOX"
"OX..O.XOX","..XXOOO.X","X","2","0","OXX.O.XOX"
"OX..O.XOX","..XXOOO.X","X","3","0","OX.XO.XOX"
"OX..O.XOX","..XXOOO.X","X","5","0","OX..OXXOX"
"OX..O.XX.","...XOXO.X","O","2","-1","OXO.O.XX."
"OX..O.XX.","...XOXO.X","O","8","1","OX..O.XXO"
"OX..O.XX.","...XOXO.X","O","3","-1","OX.OO.XX."
"OX..O.XX.","...XOXO.X","O","5","-1","OX..OOXX."
"OX..OO.XX","..OXOXXO.","X","2","-1","OXX.OO.XX"
"OX..OO.XX","..OXOXXO.","X","6","1","OX..OOXXX"
"OX..OO.XX","..OXOXXO.","X","3","0","OX.XOO.XX"
"OX..OOX.X",".OXXO.O.X","X","2","-1","OXX.OOX.X"
"OX..OOX.X",".OXXO.O.X","X","3","0","OX.XOOX.X"
"OX..OOX.X",".OXXO.O.X","X","7","1","OX..OOXXX"
"OX..OOXX.",".O.XOXO.X","X","2","-1","OXX.OOXX."
"OX..OOXX.",".O.XOXO.X","X","8","1","OX..OOXXX"
"OX..OOXX.",".O.XOXO.X","X","3","-1","OX.XOOXX."
"OX..OX...","....OXOX.","X","2","-1","OXX.OX..."
"OX..OX...","....OXOX.","X","6","-1","OX..OXX.."
"OX..OX...","....OXOX.","X","8","0","OX..OX..X"
"OX..OX...","....OXOX.","X","3","-1","OX.XOX..."
"OX..OX...","....OXOX.","X","7","-1","OX..OX.X."
"OX..OX..X","..O.OXXX.","O","2","0","OXO.OX..X"
"OX..OX..X","..O.OXXX.","O","6","-1","OX..OXO.X"
"OX..OX..X","..O.OXXX.","O","3","-1","OX.OOX..X"
"OX..OX..X","..O.OXXX.","O","7","-1","OX..OX.OX"
"OX..OX.OX","..OOOXXX.","X","2","1","OXX.OX.OX"
"OX..OX.OX","..OOOXXX.","X","6","0","OX..OXXOX"
"OX..OX.OX","..OOOXXX.","X","3","0","OX.XOX.OX"
"OX..OX.X.","..OXOX.X.","O","2","1","OXO.OX.X."
"OX..OX.X.","..OXOX.X.","O","6","1","OX..OXOX."
"OX..OX.X.","..OXOX.X.","O","8","1","OX..OX.XO"
"OX..OX.X.","..OXOX.X.","O","3","1","OX.OOX.X."
"OX..OXO.X",".XOXO.X.O","X","2","1","OXX.OXO.X"
"OX..OXO.X",".XOXO.X.O","X","3","-1","OX.XOXO.X"
"OX..OXO.X",".XOXO.X.O","X","7","-1","OX..OXOXX"
"OX..OXOX.",".X.XOXO.O","X","2","-1","OXX.OXOX."
"OX..OXOX.",".X.XOXO.O","X","8","-1","OX..OXOXX"
"OX..OXOX.",".X.XOXO.O","X","3","-1","OX.XOXOX."
"OX..OXOXX",".XOXO.XXO","O","2","1","OXO.OXOXX"
"OX..OXOXX",".XOXO.XXO","O","3","1","OX.OOXOXX"
"OX..OXX..","..XXO..XO","O","2","0","OXO.OXX.."
"OX..OXX..","..XXO..XO","O","8","1","OX..OXX.O"
"OX..OXX..","..XXO..XO","O","3","-1","OX.OOXX.."
"OX..OXX..","..XXO..XO","O","7","0","OX..OXXO."
"OX..OXXO.",".OXXO..XO","X","2","-1","OXX.OXXO."
"OX..OXXO.",".OXXO..XO","X","8","0","OX..OXXOX"
"OX..OXXO.",".OXXO..XO","X","3","-1","OX.XOXXO."
"OX..OXXOX",".XOXO.XOX","O","2","0","OXO.OXXOX"
"OX..OXXOX",".XOXO.XOX","O","3","-1","OX.OOXXOX"
"OX..X....","....X..XO","O","2","-1","OXO.X...."
"OX..X....","....X..XO","O","6","-1","OX..X.O.."
"OX..X....","....X..XO","O","8","-1","OX..X...O"
"OX..X....","....X..XO","O","3","-1","OX.OX...."
"OX..X....","....X..XO","O","5","-1","OX..XO..."
"OX..X....","....X..XO","O","7","0","OX..X..O."
"OX..X...O","..O.X.OX.","X","2","1","OXX.X...O"
"OX..X...O","..O.X.OX.","X","6","1","OX..X.X.O"
"OX..X...O","..O.X.OX.","X","3","1","OX.XX...O"
"OX..X...O","..O.X.OX.","X","5","1","OX..XX..O"
"OX..X...O","..O.X.OX.","X","7","1","OX..X..XO"
"OX..X..O.","...OXX..O","X","2","-1","OXX.X..O."
"OX..X..O.","...OXX..O","X","6","0","OX..X.XO."
"OX..X..O.","...OXX..O","X","8","0","OX..X..OX"
"OX..X..O.","...OXX..O","X","3","0","OX.XX..O."
"OX..X..O.","...OXX..O","X","5","0","OX..XX.O."
"OX..X..OX","..OOXXX..","O","2","0","OXO.X..OX"
"OX..X..OX","..OOXXX..","O","6","0","OX..X.OOX"
"OX..X..OX","..OOXXX..","O","3","0","OX.OX..OX"
"OX..X..OX","..OOXXX..","O","5","0","OX..XO.OX"
"OX..X.O..","....XXO.O","X","2","-1","OXX.X.O.."
"OX..X.O..","....XXO.O","X","8","-1","OX..X.O.X"
"OX..X.O..","....XXO.O","X","3","1","OX.XX.O.."
"OX..X.O..","....XXO.O","X","5","-1","OX..XXO.."
"OX..X.O..","....XXO.O","X","7","1","OX..X.OX."
"OX..X.O.X","..XXX.O.O","O","2","-1","OXO.X.O.X"
"OX..X.O.X","..XXX.O.O","O","3","1","OX.OX.O.X"
"OX..X.O.X","..XXX.O.O","O","5","-1","OX..XOO.X"
"OX..X.O.X","..XXX.O.O","O","7","0","OX..X.OOX"
"OX..X.OOX","..XXXOO.O","X","2","-1","OXX.X.OOX"
"OX..X.OOX","..XXXOO.O","X","3","0","OX.XX.OOX"
"OX..X.OOX","..XXXOO.O","X","5","-1","OX..XXOOX"
"OX..X.X.O","..OXX.O.X","O","2","-1","OXO.X.X.O"
"OX..X.X.O","..OXX.O.X","O","3","-1","OX.OX.X.O"
"OX..X.X.O","..OXX.O.X","O","5","-1","OX..XOX.O"
"OX..X.X.O","..OXX.O.X","O","7","-1","OX..X.XOO"
"OX..X.XO.","...OXXX.O","O","2","0","OXO.X.XO."
"OX..X.XO.","...OXXX.O","O","8","-1","OX..X.XOO"
"OX..X.XO.","...OXXX.O","O","3","-1","OX.OX.XO."
"OX..X.XO.","...OXXX.O","O","5","-1","OX..XOXO."
"OX..X.XOO","..OXXOO.X","X","2","1","OXX.X.XOO"
"OX..X.XOO","..OXXOO.X","X","3","1","OX.XX.XOO"
"OX..X.XOO","..OXXOO.X","X","5","1","OX..XXXOO"
"OX..XO...","....XOOX.","X","2","1","OXX.XO..."
"OX..XO...","....XOOX.","X","6","1","OX..XOX.."
"OX..XO...","....XOOX.","X","8","0","OX..XO..X"
"OX..XO...","....XOOX.","X","3","0","OX.XXO..."
"OX..XO...","....XOOX.","X","7","1","OX..XO.X."
"OX..XO..X","..O.XXXO.","O","2","-1","OXO.XO..X"
"OX..XO..X","..O.XXXO.","O","6","-1","OX..XOO.X"
"OX..XO..X","..O.XXXO.","O","3","-1","OX.OXO..X"
"OX..XO..X","..O.XXXO.","O","7","0","OX..XO.OX"
"OX..XO.OX","..OOXXXO.","X","2","0","OXX.XO.OX"
"OX..XO.OX","..OOXXXO.","X","6","0","OX..XOXOX"
"OX..XO.OX","..OOXXXO.","X","3","0","OX.XXO.OX"
"OX..XOO.X",".OXXX.O.O","X","2","-1","OXX.XOO.X"
"OX..XOO.X",".OXXX.O.O","X","3","0","OX.XXOO.X"
"OX..XOO.X",".OXXX.O.O","X","7","1","OX..XOOXX"
"OX..XOX..","..XOX..XO","O","2","-1","OXO.XOX.."
"OX..XOX..","..XOX..XO","O","8","-1","OX..XOX.O"
"OX..XOX..","..XOX..XO","O","3","-1","OX.OXOX.."
"OX..XOX..","..XOX..XO","O","7","-1","OX..XOXO."
"OX..XOX.O",".OOXX.O.X","X","2","1","OXX.XOX.O"
"OX..XOX.O",".OOXX.O.X","X","3","-1","OX.XXOX.O"
"OX..XOX.O",".OOXX.O.X","X","7","1","OX..XOXXO"
"OX..XOXO.",".O.OXXX.O","X","2","1","OXX.XOXO."
"OX..XOXO.",".O.OXXX.O","X","8","0","OX..XOXOX"
"OX..XOXO.",".O.OXXX.O","X","3","0","OX.XXOXO."
"OX..XOXOX",".OXXXOO.X","O","2","0","OXO.XOXOX"
"OX..XOXOX",".OXXXOO.X","O","3","-1","OX.OXOXOX"
"OX..XX..O","..O.XXOX.","O","2","-1","OXO.XX..O"
"OX..XX..O","..O.XXOX.","O","6","-1","OX..XXO.O"
"OX..XX..O","..O.XXOX.","O","3","-1","OX.OXX..O"
"OX..XX..O","..O.XXOX.","O","7","-1","OX..XX.OO"
"OX..XX.O.","..OOXX.X.","O","2","-1","OXO.XX.O."
"OX..XX.O.","..OOXX.X.","O","6","-1","OX..XXOO."
"OX..XX.O.","..OOXX.X.","O","8","-1","OX..XX.OO"
"OX..XX.O.","..OOXX.X.","O","3","0","OX.OXX.O."
"OX..XX.OO","..OOXXOX.","X","2","-1","OXX.XX.OO"
"OX..XX.OO","..OOXXOX.","X","6","1","OX..XXXOO"
"OX..XX.OO","..OOXXOX.","X","3","1","OX.XXX.OO"
"OX..XXO..","..OXX..XO","O","2","-1","OXO.XXO.."
"OX..XXO..","..OXX..XO","O","8","-1","OX..XXO.O"
"OX..XXO..","..OXX..XO","O","3","1","OX.OXXO.."
"OX..XXO..","..OXX..XO","O","7","-1","OX..XXOO."
"OX..XXO.O",".XOXX.O.O","X","2","-1","OXX.XXO.O"
"OX..XXO.O",".XOXX.O.O","X","3","1","OX.XXXO.O"
"OX..XXO.O",".XOXX.O.O","X","7","1","OX..XXOXO"
"OX..XXOO.",".OOXX..XO","X","2","-1","OXX.XXOO."
"OX..XXOO.",".OOXX..XO","X","8","-1","OX..XXOOX"
"OX..XXOO.",".OOXX..XO","X","3","1","OX.XXXOO."
"OX..XXOOX",".XOXX.XOO","O","2","-1","OXO.XXOOX"
"OX..XXOOX",".XOXX.XOO","O","3","1","OX.OXXOOX"
"OX..XXXOO",".XOXX.OOX","O","2","-1","OXO.XXXOO"
"OX..XXXOO",".XOXX.OOX","O","3","-1","OX.OXXXOO"
"OX.O....X","..XO..OX.","X","4","-1","OX.OX...X"
"OX.O....X","..XO..OX.","X","2","-1","OXXO....X"
"OX.O....X","..XO..OX.","X","6","1","OX.O..X.X"
"OX.O....X","..XO..OX.","X","5","-1","OX.O.X..X"
"OX.O....X","..XO..OX.","X","7","-1","OX.O...XX"
"OX.O...X.","...X.X.OO","X","4","1","OX.OX..X."
"OX.O...X.","...X.X.OO","X","2","-1","OXXO...X."
"OX.O...X.","...X.X.OO","X","6","1","OX.O..XX."
"OX.O...X.","...X.X.OO","X","8","-1","OX.O...XX"
"OX.O...X.","...X.X.OO","X","5","-1","OX.O.X.X."
"OX.O...XX","..XX.XOO.","O","4","-1","OX.OO..XX"
"OX.O...XX","..XX.XOO.","O","2","-1","OXOO...XX"
"OX.O...XX","..XX.XOO.","O","6","1","OX.O..OXX"
"OX.O...XX","..XX.XOO.","O","5","-1","OX.O.O.XX"
"OX.O..X..",".....XXOO","X","4","1","OX.OX.X.."
"OX.O..X..",".....XXOO","X","2","-1","OXXO..X.."
"OX.O..X..",".....XXOO","X","8","1","OX.O..X.X"
"OX.O..X..",".....XXOO","X","5","1","OX.O.XX.."
"OX.O..X..",".....XXOO","X","7","1","OX.O..XX."
"OX.O..X.X","..XX..OOX","O","4","-1","OX.OO.X.X"
"OX.O..X.X","..XX..OOX","O","2","-1","OXOO..X.X"
"OX.O..X.X","..XX..OOX","O","5","-1","OX.O.OX.X"
"OX.O..X.X","..XX..OOX","O","7","-1","OX.O..XOX"
"OX.O..XOX","..XX.OOOX","X","4","0","OX.OX.XOX"
"OX.O..XOX","..XX.OOOX","X","2","1","OXXO..XOX"
"OX.O..XOX","..XX.OOOX","X","5","0","OX.O.XXOX"
"OX.O..XX.","...X.XOOX","O","4","-1","OX.OO.XX."
"OX.O..XX.","...X.XOOX","O","2","-1","OXOO..XX."
"OX.O..XX.","...X.XOOX","O","8","-1","OX.O..XXO"
"OX.O..XX.","...X.XOOX","O","5","-1","OX.O.OXX."
"OX.O..XXO","..OX.XOOX","X","4","1","OX.OX.XXO"
"OX.O..XXO","..OX.XOOX","X","2","-1","OXXO..XXO"
"OX.O..XXO","..OX.XOOX","X","5","-1","OX.O.XXXO"
"OX.O.O.XX",".OOX.XXO.","X","4","1","OX.OXO.XX"
"OX.O.O.XX",".OOX.XXO.","X","2","-1","OXXO.O.XX"
"OX.O.O.XX",".OOX.XXO.","X","6","1","OX.O.OXXX"
"OX.O.OX.X",".OXX..OOX","X","4","1","OX.OXOX.X"
"OX.O.OX.X",".OXX..OOX","X","2","-1","OXXO.OX.X"
"OX.O.OX.X",".OXX..OOX","X","7","1","OX.O.OXXX"
"OX.O.OXX.",".O.X.XOOX","X","4","1","OX.OXOXX."
"OX.O.OXX.",".O.X.XOOX","X","2","-1","OXXO.OXX."
"OX.O.OXX.",".O.X.XOOX","X","8","1","OX.O.OXXX"
"OX.O.X...","...O.XOX.","X","4","-1","OX.OXX..."
"OX.O.X...","...O.XOX.","X","2","-1","OXXO.X..."
"OX.O.X...","...O.XOX.","X","6","1","OX.O.XX.."
"OX.O.X...","...O.XOX.","X","8","-1","OX.O.X..X"
"OX.O.X...","...O.XOX.","X","7","-1","OX.O.X.X."
"OX.O.X..X","..XO.XOX.","O","4","-1","OX.OOX..X"
"OX.O.X..X","..XO.XOX.","O","2","0","OXOO.X..X"
"OX.O.X..X","..XO.XOX.","O","6","1","OX.O.XO.X"
"OX.O.X..X","..XO.XOX.","O","7","-1","OX.O.X.OX"
"OX.O.X.OX",".OOO.XXX.","X","4","-1","OX.OXX.OX"
"OX.O.X.OX",".OOO.XXX.","X","2","1","OXXO.X.OX"
"OX.O.X.OX",".OOO.XXX.","X","6","0","OX.O.XXOX"
"OX.O.X.X.",".OOX.X.X.","O","4","1","OX.OOX.X."
"OX.O.X.X.",".OOX.X.X.","O","2","-1","OXOO.X.X."
"OX.O.X.X.",".OOX.X.X.","O","6","1","OX.O.XOX."
"OX.O.X.X.",".OOX.X.X.","O","8","-1","OX.O.X.XO"
"OX.O.X.XO",".OOX.XOX.","X","4","1","OX.OXX.XO"
"OX.O.X.XO",".OOX.XOX.","X","2","-1","OXXO.X.XO"
"OX.O.X.XO",".OOX.XOX.","X","6","-1","OX.O.XXXO"
"OX.O.XX..","..XX.O.XO","O","4","-1","OX.OOXX.."
"OX.O.XX..","..XX.O.XO","O","2","-1","OXOO.XX.."
"OX.O.XX..","..XX.O.XO","O","8","-1","OX.O.XX.O"
"OX.O.XX..","..XX.O.XO","O","7","-1","OX.O.XXO."
"OX.O.XX.O",".XOX..OOX","X","4","1","OX.OXXX.O"
"OX.O.XX.O",".XOX..OOX","X","2","-1","OXXO.XX.O"
"OX.O.XX.O",".XOX..OOX","X","7","-1","OX.O.XXXO"
"OX.O.XXO.",".OXX.O.XO","X","4","0","OX.OXXXO."
"OX.O.XXO.",".OXX.O.XO","X","2","1","OXXO.XXO."
"OX.O.XXO.",".OXX.O.XO","X","8","0","OX.O.XXOX"
"OX.O.XXOX",".XOX.OXOX","O","4","-1","OX.OOXXOX"
"OX.O.XXOX",".XOX.OXOX","O","2","0","OXOO.XXOX"
"OX.O.XXXO",".XOX.OOXX","O","4","1","OX.OOXXXO"
"OX.O.XXXO",".XOX.OOXX","O","2","-1","OXOO.XXXO"
"OX.OO..XX","..XXOXOO.","X","2","-1","OXXOO..XX"
"OX.OO..XX","..XXOXOO.","X","6","1","OX.OO.XXX"
"OX.OO..XX","..XXOXOO.","X","5","-1","OX.OOX.XX"
"OX.OO.X.X","..XXO.OOX","X","2","-1","OXXOO.X.X"
"OX.OO.X.X","..XXO.OOX","X","5","1","OX.OOXX.X"
"OX.OO.X.X","..XXO.OOX","X","7","1","OX.OO.XXX"
"OX.OO.XX.","...XOXOOX","X","2","-1","OXXOO.XX."
"OX.OO.XX.","...XOXOOX","X","8","1","OX.OO.XXX"
"OX.OO.XX.","...XOXOOX","X","5","-1","OX.OOXXX."
"OX.OOX..X","..XOOXOX.","X","2","1","OXXOOX..X"
"OX.OOX..X","..XOOXOX.","X","6","1","OX.OOXX.X"
"OX.OOX..X","..XOOXOX.","X","7","-1","OX.OOX.XX"
"OX.OOX.X.",".OOXOX.X.","X","2","-1","OXXOOX.X."
"OX.OOX.X.",".OOXOX.X.","X","6","-1","OX.OOXXX."
"OX.OOX.X.",".OOXOX.X.","X","8","-1","OX.OOX.XX"
"OX.OOX.XX",".OOXOXXX.","O","2","-1","OXOOOX.XX"
"OX.OOX.XX",".OOXOXXX.","O","6","1","OX.OOXOXX"
"OX.OOXX..","..XXOO.XO","X","2","-1","OXXOOXX.."
"OX.OOXX..","..XXOO.XO","X","8","1","OX.OOXX.X"
"OX.OOXX..","..XXOO.XO","X","7","-1","OX.OOXXX."
"OX.OOXX.X",".XOXOOX.X","O","2","-1","OXOOOXX.X"
"OX.OOXX.X",".XOXOOX.X","O","7","-1","OX.OOXXOX"
"OX.OOXXOX",".XOXOOXOX","X","2","1","OXXOOXXOX"
"OX.OOXXX.",".X.XOXOOX","O","2","-1","OXOOOXXX."
"OX.OOXXX.",".X.XOXOOX","O","8","1","OX.OOXXXO"
"OX.OX....","....XO.XO","X","2","-1","OXXOX...."
"OX.OX....","....XO.XO","X","6","1","OX.OX.X.."
"OX.OX....","....XO.XO","X","8","-1","OX.OX...X"
"OX.OX....","....XO.XO","X","5","-1","OX.OXX..."
"OX.OX....","....XO.XO","X","7","1","OX.OX..X."
"OX.OX...X","..XOX.OX.","O","2","-1","OXOOX...X"
"OX.OX...X","..XOX.OX.","O","6","1","OX.OX.O.X"
"OX.OX...X","..XOX.OX.","O","5","-1","OX.OXO..X"
"OX.OX...X","..XOX.OX.","O","7","0","OX.OX..OX"
"OX.OX..OX","..XXXOOO.","X","2","-1","OXXOX..OX"
"OX.OX..OX","..XXXOOO.","X","6","0","OX.OX.XOX"
"OX.OX..OX","..XXXOOO.","X","5","-1","OX.OXX.OX"
"OX.OX.X..","....XXXOO","O","2","-1","OXOOX.X.."
"OX.OX.X..","....XXXOO","O","8","-1","OX.OX.X.O"
"OX.OX.X..","....XXXOO","O","5","-1","OX.OXOX.."
"OX.OX.X..","....XXXOO","O","7","-1","OX.OX.XO."
"OX.OX.X.O","..OXX.OOX","X","2","1","OXXOX.X.O"
"OX.OX.X.O","..OXX.OOX","X","5","1","OX.OXXX.O"
"OX.OX.X.O","..OXX.OOX","X","7","1","OX.OX.XXO"
"OX.OX.XO.","...OXXXOO","X","2","1","OXXOX.XO."
"OX.OX.XO.","...OXXXOO","X","8","0","OX.OX.XOX"
"OX.OX.XO.","...OXXXOO","X","5","0","OX.OXXXO."
"OX.OX.XOX","..XXXOOOX","O","2","0","OXOOX.XOX"
"OX.OX.XOX","..XXXOOOX","O","5","-1","OX.OXOXOX"
"OX.OXO..X","..XOXOOX.","X","2","-1","OXXOXO..X"
"OX.OXO..X","..XOXOOX.","X","6","1","OX.OXOX.X"
"OX.OXO..X","..XOXOOX.","X","7","1","OX.OXO.XX"
"OX.OXOX..","..XOXO.XO","X","2","1","OXXOXOX.."
"OX.OXOX..","..XOXO.XO","X","8","1","OX.OXOX.X"
"OX.OXOX..","..XOXO.XO","X","7","1","OX.OXOXX."
"OX.OXOX.X",".OXXX.OOX","O","2","-1","OXOOXOX.X"
"OX.OXOX.X",".OXXX.OOX","O","7","-1","OX.OXOXOX"
"OX.OXOXOX",".OXXXOOOX","X","2","1","OXXOXOXOX"
"OX.OXX...","...OXXOX.","O","2","-1","OXOOXX..."
"OX.OXX...","...OXXOX.","O","6","1","OX.OXXO.."
"OX.OXX...","...OXXOX.","O","8","-1","OX.OXX..O"
"OX.OXX...","...OXXOX.","O","7","0","OX.OXX.O."
"OX.OXX..O","..OOXXOX.","X","2","-1","OXXOXX..O"
"OX.OXX..O","..OOXXOX.","X","6","1","OX.OXXX.O"
"OX.OXX..O","..OOXXOX.","X","7","1","OX.OXX.XO"
"OX.OXX.O.",".O.OXXOX.","X","2","-1","OXXOXX.O."
"OX.OXX.O.",".O.OXXOX.","X","6","0","OX.OXXXO."
"OX.OXX.O.",".O.OXXOX.","X","8","-1","OX.OXX.OX"
"OX.OXX.OX",".OOOXXXX.","O","2","0","OXOOXX.OX"
"OX.OXX.OX",".OOOXXXX.","O","6","1","OX.OXXOOX"
"OX.OXXX.O",".XOXX.OOX","O","2","-1","OXOOXXX.O"
"OX.OXXX.O",".XOXX.OOX","O","7","-1","OX.OXXXOO"
"OX.OXXXO.",".OXXXO.XO","O","2","0","OXOOXXXO."
"OX.OXXXO.",".OXXXO.XO","O","8","-1","OX.OXXXOO"
"OX.OXXXOO",".XOXXOOOX","X","2","1","OXXOXXXOO"
"OX.X.....",".....X.XO","O","4","0","OX.XO...."
"OX.X.....",".....X.XO","O","2","-1","OXOX....."
"OX.X.....",".....X.XO","O","6","-1","OX.X..O.."
"OX.X.....",".....X.XO","O","8","-1","OX.X....O"
"OX.X.....",".....X.XO","O","5","0","OX.X.O..."
"OX.X.....",".....X.XO","O","7","0","OX.X...O."
"OX.X....O","..OX..OX.","X","4","1","OX.XX...O"
"OX.X....O","..OX..OX.","X","2","-1","OXXX....O"
"OX.X....O","..OX..OX.","X","6","-1","OX.X..X.O"
"OX.X....O","..OX..OX.","X","5","-1","OX.X.X..O"
"OX.X....O","..OX..OX.","X","7","-1","OX.X...XO"
"OX.X...O.","...O.X.XO","X","4","0","OX.XX..O."
"OX.X...O.","...O.X.XO","X","2","-1","OXXX...O."
"OX.X...O.","...O.X.XO","X","6","0","OX.X..XO."
"OX.X...O.","...O.X.XO","X","8","0","OX.X...OX"
"OX.X...O.","...O.X.XO","X","5","0","OX.X.X.O."
"OX.X...OX","..XX.OOX.","O","4","0","OX.XO..OX"
"OX.X...OX","..XX.OOX.","O","2","0","OXOX...OX"
"OX.X...OX","..XX.OOX.","O","6","-1","OX.X..OOX"
"OX.X...OX","..XX.OOX.","O","5","0","OX.X.O.OX"
"OX.X...XO","..OX.XOX.","O","4","1","OX.XO..XO"
"OX.X...XO","..OX.XOX.","O","2","-1","OXOX...XO"
"OX.X...XO","..OX.XOX.","O","6","-1","OX.X..OXO"
"OX.X...XO","..OX.XOX.","O","5","-1","OX.X.O.XO"
"OX.X..O..",".....XOXO","X","4","1","OX.XX.O.."
"OX.X..O..",".....XOXO","X","2","-1","OXXX..O.."
"OX.X..O..",".....XOXO","X","8","0","OX.X..O.X"
"OX.X..O..",".....XOXO","X","5","-1","OX.X.XO.."
"OX.X..O..",".....XOXO","X","7","-1","OX.X..OX."
"OX.X..O.X","..XX..OXO","O","4","0","OX.XO.O.X"
"OX.X..O.X","..XX..OXO","O","2","-1","OXOX..O.X"
"OX.X..O.X","..XX..OXO","O","5","0","OX.X.OO.X"
"OX.X..O.X","..XX..OXO","O","7","-1","OX.X..OOX"
"OX.X..OOX","..XX.OOXO","X","4","0","OX.XX.OOX"
"OX.X..OOX","..XX.OOXO","X","2","0","OXXX..OOX"
"OX.X..OOX","..XX.OOXO","X","5","1","OX.X.XOOX"
"OX.X..OX.","...X.XOXO","O","4","1","OX.XO.OX."
"OX.X..OX.","...X.XOXO","O","2","-1","OXOX..OX."
"OX.X..OX.","...X.XOXO","O","8","-1","OX.X..OXO"
"OX.X..OX.","...X.XOXO","O","5","-1","OX.X.OOX."
"OX.X..OXO","..OX.XOXO","X","4","1","OX.XX.OXO"
"OX.X..OXO","..OX.XOXO","X","2","-1","OXXX..OXO"
"OX.X..OXO","..OX.XOXO","X","5","-1","OX.X.XOXO"
"OX.X..X.O","..OX..OXX","O","4","1","OX.XO.X.O"
"OX.X..X.O","..OX..OXX","O","2","1","OXOX..X.O"
"OX.X..X.O","..OX..OXX","O","5","1","OX.X.OX.O"
"OX.X..X.O","..OX..OXX","O","7","-1","OX.X..XOO"
"OX.X..XO.","...O.XXXO","O","4","0","OX.XO.XO."
"OX.X..XO.","...O.XXXO","O","2","0","OXOX..XO."
"OX.X..XO.","...O.XXXO","O","8","-1","OX.X..XOO"
"OX.X..XO.","...O.XXXO","O","5","0","OX.X.OXO."
"OX.X..XOO","..OX.OOXX","X","4","1","OX.XX.XOO"
"OX.X..XOO","..OX.OOXX","X","2","-1","OXXX..XOO"
"OX.X..XOO","..OX.OOXX","X","5","-1","OX.X.XXOO"
"OX.X.O...","...O.X.XO","X","4","0","OX.XXO..."
"OX.X.O...","...O.X.XO","X","2","0","OXXX.O..."
"OX.X.O...","...O.X.XO","X","6","-1","OX.X.OX.."
"OX.X.O...","...O.X.XO","X","8","0","OX.X.O..X"
"OX.X.O...","...O.X.XO","X","7","0","OX.X.O.X."
"OX.X.O..X","..XX.OOX.","O","4","0","OX.XOO..X"
"OX.X.O..X","..XX.OOX.","O","2","-1","OXOX.O..X"
"OX.X.O..X","..XX.OOX.","O","6","0","OX.X.OO.X"
"OX.X.O..X","..XX.OOX.","O","7","0","OX.X.O.OX"
"OX.X.O.OX",".OXX.OOX.","X","4","0","OX.XXO.OX"
"OX.X.O.OX",".OXX.OOX.","X","2","0","OXXX.O.OX"
"OX.X.O.OX",".OXX.OOX.","X","6","0","OX.X.OXOX"
"OX.X.O.X.",".O.X.X.XO","O","4","0","OX.XOO.X."
"OX.X.O.X.",".O.X.X.XO","O","2","-1","OXOX.O.X."
"OX.X.O.X.",".O.X.X.XO","O","6","-1","OX.X.OOX."
"OX.X.O.X.",".O.X.X.XO","O","8","-1","OX.X.O.XO"
"OX.X.O.XO",".OOX.XOX.","X","4","1","OX.XXO.XO"
"OX.X.O.XO",".OOX.XOX.","X","2","-1","OXXX.O.XO"
"OX.X.O.XO",".OOX.XOX.","X","6","-1","OX.X.OXXO"
"OX.X.OO.X",".OXX..OXO","X","4","0","OX.XXOO.X"
"OX.X.OO.X",".OXX..OXO","X","2","0","OXXX.OO.X"
"OX.X.OO.X",".OXX..OXO","X","7","0","OX.X.OOXX"
"OX.X.OOX.",".O.X.XOXO","X","4","1","OX.XXOOX."
"OX.X.OOX.",".O.X.XOXO","X","2","0","OXXX.OOX."
"OX.X.OOX.",".O.X.XOXO","X","8","0","OX.X.OOXX"
"OX.X.OOXX",".OXX.XOXO","O","4","0","OX.XOOOXX"
"OX.X.OOXX",".OXX.XOXO","O","2","-1","OXOX.OOXX"
"OX.X.OX..","..XO.X.XO","O","4","0","OX.XOOX.."
"OX.X.OX..","..XO.X.XO","O","2","0","OXOX.OX.."
"OX.X.OX..","..XO.X.XO","O","8","1","OX.X.OX.O"
"OX.X.OX..","..XO.X.XO","O","7","0","OX.X.OXO."
"OX.X.OX.O",".OOX..OXX","X","4","-1","OX.XXOX.O"
"OX.X.OX.O",".OOX..OXX","X","2","-1","OXXX.OX.O"
"OX.X.OX.O",".OOX..OXX","X","7","-1","OX.X.OXXO"
"OX.X.OXO.",".O.O.XXXO","X","4","0","OX.XXOXO."
"OX.X.OXO.",".O.O.XXXO","X","2","0","OXXX.OXO."
"OX.X.OXO.",".O.O.XXXO","X","8","0","OX.X.OXOX"
"OX.X.OXOX",".OXX.OOXX","O","4","0","OX.XOOXOX"
"OX.X.OXOX",".OXX.OOXX","O","2","0","OXOX.OXOX"
"OX.X.OXXO",".OOX.XOXX","O","4","1","OX.XOOXXO"
"OX.X.OXXO",".OOX.XOXX","O","2","1","OXOX.OXXO"
"OX.X.X..O","..OX.XOX.","O","4","1","OX.XOX..O"
"OX.X.X..O","..OX.XOX.","O","2","-1","OXOX.X..O"
"OX.X.X..O","..OX.XOX.","O","6","-1","OX.X.XO.O"
"OX.X.X..O","..OX.XOX.","O","7","-1","OX.X.X.OO"
"OX.X.X.O.",".O.X.X.XO","O","4","0","OX.XOX.O."
"OX.X.X.O.",".O.X.X.XO","O","2","-1","OXOX.X.O."
"OX.X.X.O.",".O.X.X.XO","O","6","-1","OX.X.XOO."
"OX.X.X.O.",".O.X.X.XO","O","8","-1","OX.X.X.OO"
"OX.X.X.OO",".OOX.XOX.","X","4","1","OX.XXX.OO"
"OX.X.X.OO",".OOX.XOX.","X","2","-1","OXXX.X.OO"
"OX.X.X.OO",".OOX.XOX.","X","6","-1","OX.X.XXOO"
"OX.X.XO..","..OX.X.XO","O","4","1","OX.XOXO.."
"OX.X.XO..","..OX.X.XO","O","2","-1","OXOX.XO.."
"OX.X.XO..","..OX.X.XO","O","8","-1","OX.X.XO.O"
"OX.X.XO..","..OX.X.XO","O","7","-1","OX.X.XOO."
"OX.X.XO.O",".XOX..OXO","X","4","1","OX.XXXO.O"
"OX.X.XO.O",".XOX..OXO","X","2","-1","OXXX.XO.O"
"OX.X.XO.O",".XOX..OXO","X","7","-1","OX.X.XOXO"
"OX.X.XOO.",".OOX.X.XO","X","4","1","OX.XXXOO."
"OX.X.XOO.",".OOX.X.XO","X","2","-1","OXXX.XOO."
"OX.X.XOO.",".OOX.X.XO","X","8","1","OX.X.XOOX"
"OX.X.XOOX",".XOX.XXOO","O","4","-1","OX.XOXOOX"
"OX.X.XOOX",".XOX.XXOO","O","2","-1","OXOX.XOOX"
"OX.X.XOXO",".XOX.XOXO","O","4","1","OX.XOXOXO"
"OX.X.XOXO",".XOX.XOXO","O","2","-1","OXOX.XOXO"
"OX.X.XXOO",".XOX.OOXX","O","4","1","OX.XOXXOO"
"OX.X.XXOO",".XOX.OOXX","O","2","-1","OXOX.XXOO"
"OX.XO....","....OX.XO","X","2","-1","OXXXO...."
"OX.XO....","....OX.XO","X","6","-1","OX.XO.X.."
"OX.XO....","....OX.XO","X","8","0","OX.XO...X"
"OX.XO....","....OX.XO","X","5","-1","OX.XOX..."
"OX.XO....","....OX.XO","X","7","-1","OX.XO..X."
"OX.XO...X","..XXO.OX.","O","2","0","OXOXO...X"
"OX.XO...X","..XXO.OX.","O","6","0","OX.XO.O.X"
"OX.XO...X","..XXO.OX.","O","5","0","OX.XOO..X"
"OX.XO...X","..XXO.OX.","O","7","0","OX.XO..OX"
"OX.XO..OX","..XXOOOX.","X","2","0","OXXXO..OX"
"OX.XO..OX","..XXOOOX.","X","6","0","OX.XO.XOX"
"OX.XO..OX","..XXOOOX.","X","5","0","OX.XOX.OX"
"OX.XO..X.","...XOX.XO","O","2","1","OXOXO..X."
"OX.XO..X.","...XOX.XO","O","6","1","OX.XO.OX."
"OX.XO..X.","...XOX.XO","O","8","1","OX.XO..XO"
"OX.XO..X.","...XOX.XO","O","5","0","OX.XOO.X."
"OX.XO.O.X","..XXO.OXO","X","2","0","OXXXO.O.X"
"OX.XO.O.X","..XXO.OXO","X","5","-1","OX.XOXO.X"
"OX.XO.O.X","..XXO.OXO","X","7","-1","OX.XO.OXX"
"OX.XO.OX.","...XOXOXO","X","2","-1","OXXXO.OX."
"OX.XO.OX.","...XOXOXO","X","8","-1","OX.XO.OXX"
"OX.XO.OX.","...XOXOXO","X","5","-1","OX.XOXOX."
"OX.XO.OXX","..XXOXOXO","O","2","1","OXOXO.OXX"
"OX.XO.OXX","..XXOXOXO","O","5","0","OX.XOOOXX"
"OX.XO.X..","....OXXXO","O","2","0","OXOXO.X.."
"OX.XO.X..","....OXXXO","O","8","1","OX.XO.X.O"
"OX.XO.X..","....OXXXO","O","5","0","OX.XOOX.."
"OX.XO.X..","....OXXXO","O","7","0","OX.XO.XO."
"OX.XO.XO.","...OOXXXO","X","2","-1","OXXXO.XO."
"OX.XO.XO.","...OOXXXO","X","8","0","OX.XO.XOX"
"OX.XO.XO.","...OOXXXO","X","5","-1","OX.XOXXO."
"OX.XO.XOX","..XXOOOXX","O","2","0","OXOXO.XOX"
"OX.XO.XOX","..XXOOOXX","O","5","0","OX.XOOXOX"
"OX.XOO..X","..XXOOOX.","X","2","0","OXXXOO..X"
"OX.XOO..X","..XXOOOX.","X","6","0","OX.XOOX.X"
"OX.XOO..X","..XXOOOX.","X","7","0","OX.XOO.XX"
"OX.XOO.X.",".O.XOX.XO","X","2","-1","OXXXOO.X."
"OX.XOO.X.",".O.XOX.XO","X","6","-1","OX.XOOXX."
"OX.XOO.X.",".O.XOX.XO","X","8","0","OX.XOO.XX"
"OX.XOO.XX",".OXXOXOX.","O","2","-1","OXOXOO.XX"
"OX.XOO.XX",".OXXOXOX.","O","6","0","OX.XOOOXX"
"OX.XOOOXX",".OXXOXOXO","X","2","0","OXXXOOOXX"
"OX.XOOX..","..XOOX.XO","X","2","-1","OXXXOOX.."
"OX.XOOX..","..XOOX.XO","X","8","0","OX.XOOX.X"
"OX.XOOX..","..XOOX.XO","X","7","-1","OX.XOOXX."
"OX.XOOX.X",".OXXO.OXX","O","2","-1","OXOXOOX.X"
"OX.XOOX.X",".OXXO.OXX","O","7","0","OX.XOOXOX"
"OX.XOOXOX",".OXXOOOXX","X","2","0","OXXXOOXOX"
"OX.XOOXX.",".O.XOXOXX","O","2","-1","OXOXOOXX."
"OX.XOOXX.",".O.XOXOXX","O","8","1","OX.XOOXXO"
"OX.XOX...","...XOX.XO","O","2","1","OXOXOX..."
"OX.XOX...","...XOX.XO","O","6","1","OX.XOXO.."
"OX.XOX...","...XOX.XO","O","8","1","OX.XOX..O"
"OX.XOX...","...XOX.XO","O","7","0","OX.XOX.O."
"OX.XOX.O.",".O.XOX.XO","X","2","-1","OXXXOX.O."
"OX.XOX.O.",".O.XOX.XO","X","6","-1","OX.XOXXO."
"OX.XOX.O.",".O.XOX.XO","X","8","0","OX.XOX.OX"
"OX.XOX.OX",".OXXOXOX.","O","2","0","OXOXOX.OX"
"OX.XOX.OX",".OXXOXOX.","O","6","-1","OX.XOXOOX"
"OX.XOXO..","..OXOX.XO","X","2","-1","OXXXOXO.."
"OX.XOXO..","..OXOX.XO","X","8","-1","OX.XOXO.X"
"OX.XOXO..","..OXOX.XO","X","7","-1","OX.XOXOX."
"OX.XOXO.X",".XOXOXX.O","O","2","1","OXOXOXO.X"
"OX.XOXO.X",".XOXOXX.O","O","7","-1","OX.XOXOOX"
"OX.XOXOOX",".XOXOXXOO","X","2","1","OXXXOXOOX"
"OX.XOXOX.",".X.XOXOXO","O","2","1","OXOXOXOX."
"OX.XOXOX.",".X.XOXOXO","O","8","1","OX.XOXOXO"
"OX.XOXXO.",".OXXOX.XO","O","2","0","OXOXOXXO."
"OX.XOXXO.",".OXXOX.XO","O","8","1","OX.XOXXOO"
"OX.XX...O","..OXX.OX.","O","2","-1","OXOXX...O"
"OX.XX...O","..OXX.OX.","O","6","-1","OX.XX.O.O"
"OX.XX...O","..OXX.OX.","O","5","-1","OX.XXO..O"
"OX.XX...O","..OXX.OX.","O","7","-1","OX.XX..OO"
"OX.XX..O.","...OXX.XO","O","2","-1","OXOXX..O."
"OX.XX..O.","...OXX.XO","O","6","-1","OX.XX.OO."
"OX.XX..O.","...OXX.XO","O","8","-1","OX.XX..OO"
"OX.XX..O.","...OXX.XO","O","5","0","OX.XXO.O."
"OX.XX..OO","..OXXOOX.","X","2","-1","OXXXX..OO"
"OX.XX..OO","..OXXOOX.","X","6","1","OX.XX.XOO"
"OX.XX..OO","..OXXOOX.","X","5","1","OX.XXX.OO"
"OX.XX.O..","....XXOXO","O","2","-1","OXOXX.O.."
"OX.XX.O..","....XXOXO","O","8","-1","OX.XX.O.O"
"OX.XX.O..","....XXOXO","O","5","-1","OX.XXOO.."
"OX.XX.O..","....XXOXO","O","7","-1","OX.XX.OO."
"OX.XX.O.O","..OXX.OXO","X","2","-1","OXXXX.O.O"
"OX.XX.O.O","..OXX.OXO","X","5","1","OX.XXXO.O"
"OX.XX.O.O","..OXX.OXO","X","7","1","OX.XX.OXO"
"OX.XX.OO.","...OXXOXO","X","2","-1","OXXXX.OO."
"OX.XX.OO.","...OXXOXO","X","8","0","OX.XX.OOX"
"OX.XX.OO.","...OXXOXO","X","5","1","OX.XXXOO."
"OX.XX.OOX","..XXXOOXO","O","2","-1","OXOXX.OOX"
"OX.XX.OOX","..XXXOOXO","O","5","0","OX.XXOOOX"
"OX.XX.XOO","..OXXOOXX","O","2","-1","OXOXX.XOO"
"OX.XX.XOO","..OXXOOXX","O","5","-1","OX.XXOXOO"
"OX.XXO...","...OXX.XO","O","2","-1","OXOXXO..."
"OX.XXO...","...OXX.XO","O","6","-1","OX.XXOO.."
"OX.XXO...","...OXX.XO","O","8","-1","OX.XXO..O"
"OX.XXO...","...OXX.XO","O","7","0","OX.XXO.O."
"OX.XXO..O","..OXXOOX.","X","2","1","OXXXXO..O"
"OX.XXO..O","..OXXOOX.","X","6","-1","OX.XXOX.O"
"OX.XXO..O","..OXXOOX.","X","7","1","OX.XXO.XO"
"OX.XXO.O.",".O.OXX.XO","X","2","0","OXXXXO.O."
"OX.XXO.O.",".O.OXX.XO","X","6","0","OX.XXOXO."
"OX.XXO.O.",".O.OXX.XO","X","8","0","OX.XXO.OX"
"OX.XXO.OX",".OXXXOOX.","O","2","0","OXOXXO.OX"
"OX.XXO.OX",".OXXXOOX.","O","6","0","OX.XXOOOX"
"OX.XXOO..","..OOXX.XO","X","2","0","OXXXXOO.."
"OX.XXOO..","..OOXX.XO","X","8","0","OX.XXOO.X"
"OX.XXOO..","..OOXX.XO","X","7","1","OX.XXOOX."
"OX.XXOO.X",".OXXX.OXO","O","2","-1","OXOXXOO.X"
"OX.XXOO.X",".OXXX.OXO","O","7","0","OX.XXOOOX"
"OX.XXOOOX",".OXXXOOXO","X","2","0","OXXXXOOOX"
"OX.XXOX.O",".OOXX.OXX","O","2","1","OXOXXOX.O"
"OX.XXOX.O",".OOXX.OXX","O","7","-1","OX.XXOXOO"
"OX.XXOXO.",".O.OXXXXO","O","2","0","OXOXXOXO."
"OX.XXOXO.",".O.OXXXXO","O","8","-1","OX.XXOXOO"
"OX.XXOXOO",".OOXXOOXX","X","2","1","OXXXXOXOO"
"OXO.....X","..O..XX.O","X","4","0","OXO.X...X"
"OXO.....X","..O..XX.O","X","6","0","OXO...X.X"
"OXO.....X","..O..XX.O","X","3","0","OXOX....X"
"OXO.....X","..O..XX.O","X","5","-1","OXO..X..X"
"OXO.....X","..O..XX.O","X","7","1","OXO....XX"
"OXO....X.","..OX.X..O","X","4","1","OXO.X..X."
"OXO....X.","..OX.X..O","X","6","1","OXO...XX."
"OXO....X.","..OX.X..O","X","8","1","OXO....XX"
"OXO....X.","..OX.X..O","X","3","-1","OXOX...X."
"OXO....X.","..OX.X..O","X","5","-1","OXO..X.X."
"OXO....XX","..OX.XX.O","O","4","-1","OXO.O..XX"
"OXO....XX","..OX.XX.O","O","6","-1","OXO...OXX"
"OXO....XX","..OX.XX.O","O","3","-1","OXOO...XX"
"OXO....XX","..OX.XX.O","O","5","-1","OXO..O.XX"
"OXO...OXX","O.OX.XO.X","X","4","1","OXO.X.OXX"
"OXO...OXX","O.OX.XO.X","X","3","-1","OXOX..OXX"
"OXO...OXX","O.OX.XO.X","X","5","-1","OXO..XOXX"
"OXO...X..","..O..XX.O","X","4","0","OXO.X.X.."
"OXO...X..","..O..XX.O","X","8","0","OXO...X.X"
"OXO...X..","..O..XX.O","X","3","-1","OXOX..X.."
"OXO...X..","..O..XX.O","X","5","0","OXO..XX.."
"OXO...X..","..O..XX.O","X","7","1","OXO...XX."
"OXO...X.X","O.XX..O.X","O","4","-1","OXO.O.X.X"
"OXO...X.X","O.XX..O.X","O","3","-1","OXOO..X.X"
"OXO...X.X","O.XX..O.X","O","5","-1","OXO..OX.X"
"OXO...X.X","O.XX..O.X","O","7","0","OXO...XOX"
"OXO...XOX","O.XX.OO.X","X","4","0","OXO.X.XOX"
"OXO...XOX","O.XX.OO.X","X","3","0","OXOX..XOX"
"OXO...XOX","O.XX.OO.X","X","5","0","OXO..XXOX"
"OXO...XX.","..OX.XX.O","O","4","-1","OXO.O.XX."
"OXO...XX.","..OX.XX.O","O","8","-1","OXO...XXO"
"OXO...XX.","..OX.XX.O","O","3","-1","OXOO..XX."
"OXO...XX.","..OX.XX.O","O","5","-1","OXO..OXX."
"OXO...XXO","O.OX.XO.X","X","4","1","OXO.X.XXO"
"OXO...XXO","O.OX.XO.X","X","3","-1","OXOX..XXO"
"OXO...XXO","O.OX.XO.X","X","5","-1","OXO..XXXO"
"OXO..O.XX","..OX.XXOO","X","4","1","OXO.XO.XX"
"OXO..O.XX","..OX.XXOO","X","6","1","OXO..OXXX"
"OXO..O.XX","..OX.XXOO","X","3","1","OXOX.O.XX"
"OXO..OX.X","O.XX..OOX","X","4","0","OXO.XOX.X"
"OXO..OX.X","O.XX..OOX","X","3","0","OXOX.OX.X"
"OXO..OX.X","O.XX..OOX","X","7","1","OXO..OXXX"
"OXO..OXX.",".OOX.XX.O","X","4","1","OXO.XOXX."
"OXO..OXX.",".OOX.XX.O","X","8","1","OXO..OXXX"
"OXO..OXX.",".OOX.XX.O","X","3","-1","OXOX.OXX."
"OXO..X...",".....XOXO","X","4","1","OXO.XX..."
"OXO..X...",".....XOXO","X","6","0","OXO..XX.."
"OXO..X...",".....XOXO","X","8","-1","OXO..X..X"
"OXO..X...",".....XOXO","X","3","-1","OXOX.X..."
"OXO..X...",".....XOXO","X","7","-1","OXO..X.X."
"OXO..X..X","..O..XXXO","O","4","0","OXO.OX..X"
"OXO..X..X","..O..XXXO","O","6","1","OXO..XO.X"
"OXO..X..X","..O..XXXO","O","3","0","OXOO.X..X"
"OXO..X..X","..O..XXXO","O","7","0","OXO..X.OX"
"OXO..X.OX","..OO.XXXO","X","4","0","OXO.XX.OX"
"OXO..X.OX","..OO.XXXO","X","6","0","OXO..XXOX"
"OXO..X.OX","..OO.XXXO","X","3","0","OXOX.X.OX"
"OXO..X.X.","..OX.X.XO","O","4","1","OXO.OX.X."
"OXO..X.X.","..OX.X.XO","O","6","-1","OXO..XOX."
"OXO..X.X.","..OX.X.XO","O","8","-1","OXO..X.XO"
"OXO..X.X.","..OX.X.XO","O","3","-1","OXOO.X.X."
"OXO..X.XO","..OX.XOXO","X","4","1","OXO.XX.XO"
"OXO..X.XO","..OX.XOXO","X","6","-1","OXO..XXXO"
"OXO..X.XO","..OX.XOXO","X","3","-1","OXOX.X.XO"
"OXO..XO.X","O.O..XXXO","X","4","-1","OXO.XXO.X"
"OXO..XO.X","O.O..XXXO","X","3","-1","OXOX.XO.X"
"OXO..XO.X","O.O..XXXO","X","7","-1","OXO..XOXX"
"OXO..XOX.",".XOX..OXO","X","4","1","OXO.XXOX."
"OXO..XOX.",".XOX..OXO","X","8","-1","OXO..XOXX"
"OXO..XOX.",".XOX..OXO","X","3","-1","OXOX.XOX."
"OXO..XOXX","O.OX.XOXX","O","4","1","OXO.OXOXX"
"OXO..XOXX","O.OX.XOXX","O","3","1","OXOO.XOXX"
"OXO..XX..","..XX..OXO","O","4","0","OXO.OXX.."
"OXO..XX..","..XX..OXO","O","8","-1","OXO..XX.O"
"OXO..XX..","..XX..OXO","O","3","-1","OXOO.XX.."
"OXO..XX..","..XX..OXO","O","7","0","OXO..XXO."
"OXO..XX.O","O.XX..OXO","X","4","1","OXO.XXX.O"
"OXO..XX.O","O.XX..OXO","X","3","-1","OXOX.XX.O"
"OXO..XX.O","O.XX..OXO","X","7","-1","OXO..XXXO"
"OXO..XXO.",".OXX..OXO","X","4","0","OXO.XXXO."
"OXO..XXO.",".OXX..OXO","X","8","0","OXO..XXOX"
"OXO..XXO.",".OXX..OXO","X","3","0","OXOX.XXO."
"OXO..XXOX","O.XX.OOXX","O","4","0","OXO.OXXOX"
"OXO..XXOX","O.XX.OOXX","O","3","0","OXOO.XXOX"
"OXO..XXXO","O.XX.XOXO","O","4","1","OXO.OXXXO"
"OXO..XXXO","O.XX.XOXO","O","3","-1","OXOO.XXXO"
"OXO.O..XX","..OXOXX.O","X","6","1","OXO.O.XXX"
"OXO.O..XX","..OXOXX.O","X","3","-1","OXOXO..XX"
"OXO.O..XX","..OXOXX.O","X","5","-1","OXO.OX.XX"
"OXO.O.X.X","O.XXO.O.X","X","3","0","OXOXO.X.X"
"OXO.O.X.X","O.XXO.O.X","X","5","0","OXO.OXX.X"
"OXO.O.X.X","O.XXO.O.X","X","7","1","OXO.O.XXX"
"OXO.O.XX.","..OXOXX.O","X","8","1","OXO.O.XXX"
"OXO.O.XX.","..OXOXX.O","X","3","-1","OXOXO.XX."
"OXO.O.XX.","..OXOXX.O","X","5","-1","OXO.OXXX."
"OXO.OX..X","..O.OXXXO","X","6","0","OXO.OXX.X"
"OXO.OX..X","..O.OXXXO","X","3","-1","OXOXOX..X"
"OXO.OX..X","..O.OXXXO","X","7","-1","OXO.OX.XX"
"OXO.OX.X.","..OXOX.XO","X","6","-1","OXO.OXXX."
"OXO.OX.X.","..OXOX.XO","X","8","-1","OXO.OX.XX"
"OXO.OX.X.","..OXOX.XO","X","3","-1","OXOXOX.X."
"OXO.OX.XX","..OXOXXXO","O","6","1","OXO.OXOXX"
"OXO.OX.XX","..OXOXXXO","O","3","-1","OXOOOX.XX"
"OXO.OXX..","..XXO.OXO","X","8","0","OXO.OXX.X"
"OXO.OXX..","..XXO.OXO","X","3","-1","OXOXOXX.."
"OXO.OXX..","..XXO.OXO","X","7","-1","OXO.OXXX."
"OXO.OXX.X","O.XXO.OXX","O","3","-1","OXOOOXX.X"
"OXO.OXX.X","O.XXO.OXX","O","7","0","OXO.OXXOX"
"OXO.OXXOX","O.XXOOOXX","X","3","0","OXOXOXXOX"
"OXO.OXXX.",".XOXOXX.O","O","8","1","OXO.OXXXO"
"OXO.OXXX.",".XOXOXX.O","O","3","-1","OXOOOXXX."
"OXO.X....","....X.OXO","X","6","0","OXO.X.X.."
"OXO.X....","....X.OXO","X","8","0","OXO.X...X"
"OXO.X....","....X.OXO","X","3","1","OXOXX...."
"OXO.X....","....X.OXO","X","5","1","OXO.XX..."
"OXO.X....","....X.OXO","X","7","1","OXO.X..X."
"OXO.X...X","..O.XXX.O","O","6","-1","OXO.X.O.X"
"OXO.X...X","..O.XXX.O","O","3","-1","OXOOX...X"
"OXO.X...X","..O.XXX.O","O","5","-1","OXO.XO..X"
"OXO.X...X","..O.XXX.O","O","7","0","OXO.X..OX"
"OXO.X..OX","..OOXXX.O","X","6","0","OXO.X.XOX"
"OXO.X..OX","..OOXXX.O","X","3","0","OXOXX..OX"
"OXO.X..OX","..OOXXX.O","X","5","0","OXO.XX.OX"
"OXO.X.O.X","O.O.XXX.O","X","3","1","OXOXX.O.X"
"OXO.X.O.X","O.O.XXX.O","X","5","-1","OXO.XXO.X"
"OXO.X.O.X","O.O.XXX.O","X","7","1","OXO.X.OXX"
"OXO.X.X..","..O.XXX.O","O","8","-1","OXO.X.X.O"
"OXO.X.X..","..O.XXX.O","O","3","-1","OXOOX.X.."
"OXO.X.X..","..O.XXX.O","O","5","-1","OXO.XOX.."
"OXO.X.X..","..O.XXX.O","O","7","0","OXO.X.XO."
"OXO.X.X.O","O.O.XXX.O","X","3","-1","OXOXX.X.O"
"OXO.X.X.O","O.O.XXX.O","X","5","1","OXO.XXX.O"
"OXO.X.X.O","O.O.XXX.O","X","7","1","OXO.X.XXO"
"OXO.X.XO.","..OOXXX.O","X","8","0","OXO.X.XOX"
"OXO.X.XO.","..OOXXX.O","X","3","0","OXOXX.XO."
"OXO.X.XO.","..OOXXX.O","X","5","0","OXO.XXXO."
"OXO.X.XOX","O.XXXOO.X","O","3","0","OXOOX.XOX"
"OXO.X.XOX","O.XXXOO.X","O","5","0","OXO.XOXOX"
"OXO.XO..X","..O.XXXOO","X","6","0","OXO.XOX.X"
"OXO.XO..X","..O.XXXOO","X","3","0","OXOXXO..X"
"OXO.XO..X","..O.XXXOO","X","7","1","OXO.XO.XX"
"OXO.XOX..","..XOX.OXO","X","8","0","OXO.XOX.X"
"OXO.XOX..","..XOX.OXO","X","3","-1","OXOXXOX.."
"OXO.XOX..","..XOX.OXO","X","7","1","OXO.XOXX."
"OXO.XOX.X","O.XXX.OOX","O","3","-1","OXOOXOX.X"
"OXO.XOX.X","O.XXX.OOX","O","7","0","OXO.XOXOX"
"OXO.XOXOX","O.XXXOOOX","X","3","0","OXOXXOXOX"
"OXO.XX...","....XXOXO","O","6","-1","OXO.XXO.."
"OXO.XX...","....XXOXO","O","8","-1","OXO.XX..O"
"OXO.XX...","....XXOXO","O","3","-1","OXOOXX..."
"OXO.XX...","....XXOXO","O","7","-1","OXO.XX.O."
"OXO.XX..O","..O.XXOXO","X","6","1","OXO.XXX.O"
"OXO.XX..O","..O.XXOXO","X","3","1","OXOXXX..O"
"OXO.XX..O","..O.XXOXO","X","7","1","OXO.XX.XO"
"OXO.XX.O.","..OOXX.XO","X","6","0","OXO.XXXO."
"OXO.XX.O.","..OOXX.XO","X","8","0","OXO.XX.OX"
"OXO.XX.O.","..OOXX.XO","X","3","1","OXOXXX.O."
"OXO.XX.OX","..OOXXXXO","O","6","-1","OXO.XXOOX"
"OXO.XX.OX","..OOXXXXO","O","3","0","OXOOXX.OX"
"OXO.XXO..","..OXX.OXO","X","8","-1","OXO.XXO.X"
"OXO.XXO..","..OXX.OXO","X","3","1","OXOXXXO.."
"OXO.XXO..","..OXX.OXO","X","7","1","OXO.XXOX."
"OXO.XXO.X","O.O.XXXXO","O","3","1","OXOOXXO.X"
"OXO.XXO.X","O.O.XXXXO","O","7","-1","OXO.XXOOX"
"OXO.XXOOX","O.OOXXXXO","X","3","1","OXOXXXOOX"
"OXO.XXX.O","O.XXX.OXO","O","3","-1","OXOOXXX.O"
"OXO.XXX.O","O.XXX.OXO","O","7","-1","OXO.XXXOO"
"OXO.XXXO.",".OXXX.OXO","O","8","-1","OXO.XXXOO"
"OXO.XXXO.",".OXXX.OXO","O","3","0","OXOOXXXO."
"OXO.XXXOO","O.XXXOOXO","X","3","1","OXOXXXXOO"
"OXOO...XX",".OOX.XX.O","X","4","1","OXOOX..XX"
"OXOO...XX",".OOX.XX.O","X","6","1","OXOO..XXX"
"OXOO...XX",".OOX.XX.O","X","5","-1","OXOO.X.XX"
"OXOO..X.X","O.XX..OOX","X","4","0","OXOOX.X.X"
"OXOO..X.X","O.XX..OOX","X","5","0","OXOO.XX.X"
"OXOO..X.X","O.XX..OOX","X","7","1","OXOO..XXX"
"OXOO..XX.","..OX.XXOO","X","4","1","OXOOX.XX."
"OXOO..XX.","..OX.XXOO","X","8","1","OXOO..XXX"
"OXOO..XX.","..OX.XXOO","X","5","1","OXOO.XXX."
"OXOO.X..X","..XO.XOXO","X","4","-1","OXOOXX..X"
"OXOO.X..X","..XO.XOXO","X","6","0","OXOO.XX.X"
"OXOO.X..X","..XO.XOXO","X","7","-1","OXOO.X.XX"
"OXOO.X.X.",".OOX.X.XO","X","4","1","OXOOXX.X."
"OXOO.X.X.",".OOX.X.XO","X","6","1","OXOO.XXX."
"OXOO.X.X.",".OOX.X.XO","X","8","-1","OXOO.X.XX"
"OXOO.X.XX",".OOX.XXXO","O","4","-1","OXOOOX.XX"
"OXOO.X.XX",".OOX.XXXO","O","6","1","OXOO.XOXX"
"OXOO.XX..","..XX.OOXO","X","4","0","OXOOXXX.."
"OXOO.XX..","..XX.OOXO","X","8","0","OXOO.XX.X"
"OXOO.XX..","..XX.OOXO","X","7","1","OXOO.XXX."
"OXOO.XX.X","OOXX..OXX","O","4","-1","OXOOOXX.X"
"OXOO.XX.X","OOXX..OXX","O","7","0","OXOO.XXOX"
"OXOO.XXOX","OOXX.OOXX","X","4","0","OXOOXXXOX"
"OXOO.XXX.",".XOX.XXOO","O","4","-1","OXOOOXXX."
"OXOO.XXX.",".XOX.XXOO","O","8","-1","OXOO.XXXO"
"OXOO.XXXO","OOXX.XOXO","X","4","1","OXOOXXXXO"
"OXOOOX.XX",".OOXOXXXO","X","6","1","OXOOOXXXX"
"OXOOOXX.X","OOXXO.OXX","X","7","1","OXOOOXXXX"
"OXOOOXXX.",".XOXOXXOO","X","8","1","OXOOOXXXX"
"OXOOX...X","..XOX.OXO","X","6","0","OXOOX.X.X"
"OXOOX...X","..XOX.OXO","X","5","-1","OXOOXX..X"
"OXOOX...X","..XOX.OXO","X","7","1","OXOOX..XX"
"OXOOX.X..","..O.XXXOO","X","8","0","OXOOX.X.X"
"OXOOX.X..","..O.XXXOO","X","5","0","OXOOXXX.."
"OXOOX.X..","..O.XXXOO","X","7","1","OXOOX.XX."
"OXOOX.X.X","O.XXX.OOX","O","5","-1","OXOOXOX.X"
"OXOOX.X.X","O.XXX.OOX","O","7","0","OXOOX.XOX"
"OXOOX.XOX","O.XXXOOOX","X","5","0","OXOOXXXOX"
"OXOOXOX.X","OOXXX.OOX","X","7","1","OXOOXOXXX"
"OXOOXX...","...OXXOXO","X","6","0","OXOOXXX.."
"OXOOXX...","...OXXOXO","X","8","-1","OXOOXX..X"
"OXOOXX...","...OXXOXO","X","7","1","OXOOXX.X."
"OXOOXX..X","..XOXXOXO","O","6","1","OXOOXXO.X"
"OXOOXX..X","..XOXXOXO","O","7","0","OXOOXX.OX"
"OXOOXX.OX",".OOOXXXXO","X","6","0","OXOOXXXOX"
"OXOOXXX..","..XXXOOXO","O","8","-1","OXOOXXX.O"
"OXOOXXX..","..XXXOOXO","O","7","0","OXOOXXXO."
"OXOOXXX.O","O.XXXOOXO","X","7","1","OXOOXXXXO"
"OXOOXXXO.",".OXXXOOXO","X","8","0","OXOOXXXOX"
"OXOX.....",".....XOXO","X","4","1","OXOXX...."
"OXOX.....",".....XOXO","X","6","-1","OXOX..X.."
"OXOX.....",".....XOXO","X","8","0","OXOX....X"
"OXOX.....",".....XOXO","X","5","-1","OXOX.X..."
"OXOX.....",".....XOXO","X","7","-1","OXOX...X."
"OXOX....X","..XX..OXO","O","4","0","OXOXO...X"
"OXOX....X","..XX..OXO","O","6","-1","OXOX..O.X"
"OXOX....X","..XX..OXO","O","5","-1","OXOX.O..X"
"OXOX....X","..XX..OXO","O","7","0","OXOX...OX"
"OXOX...OX",".OXX..OXO","X","4","0","OXOXX..OX"
"OXOX...OX",".OXX..OXO","X","6","0","OXOX..XOX"
"OXOX...OX",".OXX..OXO","X","5","0","OXOX.X.OX"
"OXOX...X.","..OX.X.XO","O","4","1","OXOXO..X."
"OXOX...X.","..OX.X.XO","O","6","-1","OXOX..OX."
"OXOX...X.","..OX.X.XO","O","8","-1","OXOX...XO"
"OXOX...X.","..OX.X.XO","O","5","-1","OXOX.O.X."
"OXOX...XO",".XOX..OXO","X","4","1","OXOXX..XO"
"OXOX...XO",".XOX..OXO","X","6","-1","OXOX..XXO"
"OXOX...XO",".XOX..OXO","X","5","-1","OXOX.X.XO"
"OXOX..O.X","O.XX..OXO","X","4","1","OXOXX.O.X"
"OXOX..O.X","O.XX..OXO","X","5","-1","OXOX.XO.X"
"OXOX..O.X","O.XX..OXO","X","7","-1","OXOX..OXX"
"OXOX..OX.","..OX.XOXO","X","4","1","OXOXX.OX."
"OXOX..OX.","..OX.XOXO","X","8","-1","OXOX..OXX"
"OXOX..OX.","..OX.XOXO","X","5","-1","OXOX.XOX."
"OXOX..OXX","O.XX.XOXO","O","4","1","OXOXO.OXX"
"OXOX..OXX","O.XX.XOXO","O","5","-1","OXOX.OOXX"
"OXOX..X..","..O..XXXO","O","4","0","OXOXO.X.."
"OXOX..X..","..O..XXXO","O","8","1","OXOX..X.O"
"OXOX..X..","..O..XXXO","O","5","0","OXOX.OX.."
"OXOX..X..","..O..XXXO","O","7","0","OXOX..XO."
"OXOX..X.O","O.O..XXXO","X","4","-1","OXOXX.X.O"
"OXOX..X.O","O.O..XXXO","X","5","-1","OXOX.XX.O"
"OXOX..X.O","O.O..XXXO","X","7","-1","OXOX..XXO"
"OXOX..XO.","..OO.XXXO","X","4","0","OXOXX.XO."
"OXOX..XO.","..OO.XXXO","X","8","0","OXOX..XOX"
"OXOX..XO.","..OO.XXXO","X","5","0","OXOX.XXO."
"OXOX..XOX","O.XX.OOXX","O","4","0","OXOXO.XOX"
"OXOX..XOX","O.XX.OOXX","O","5","0","OXOX.OXOX"
"OXOX..XXO","O.OX.XOXX","O","4","1","OXOXO.XXO"
"OXOX..XXO","O.OX.XOXX","O","5","1","OXOX.OXXO"
"OXOX.O..X","..XX.OOXO","X","4","0","OXOXXO..X"
"OXOX.O..X","..XX.OOXO","X","6","0","OXOX.OX.X"
"OXOX.O..X","..XX.OOXO","X","7","1","OXOX.O.XX"
"OXOX.O.X.",".OOX.X.XO","X","4","1","OXOXXO.X."
"OXOX.O.X.",".OOX.X.XO","X","6","-1","OXOX.OXX."
"OXOX.O.X.",".OOX.X.XO","X","8","1","OXOX.O.XX"
"OXOX.O.XX",".XOX.XXOO","O","4","-1","OXOXOO.XX"
"OXOX.O.XX",".XOX.XXOO","O","6","-1","OXOX.OOXX"
"OXOX.OOXX","OOXX.XOXO","X","4","1","OXOXXOOXX"
"OXOX.OX..","..XO.XOXO","X","4","-1","OXOXXOX.."
"OXOX.OX..","..XO.XOXO","X","8","0","OXOX.OX.X"
"OXOX.OX..","..XO.XOXO","X","7","-1","OXOX.OXX."
"OXOX.OX.X","OOXX..OXX","O","4","-1","OXOXOOX.X"
"OXOX.OX.X","OOXX..OXX","O","7","0","OXOX.OXOX"
"OXOX.OXOX","OOXX.OOXX","X","4","0","OXOXXOXOX"
"OXOX.OXX.",".OOX.XXXO","O","4","-1","OXOXOOXX."
"OXOX.OXX.",".OOX.XXXO","O","8","1","OXOX.OXXO"
"OXOX.X...","...X.XOXO","O","4","1","OXOXOX..."
"OXOX.X...","...X.XOXO","O","6","-1","OXOX.XO.."
"OXOX.X...","...X.XOXO","O","8","-1","OXOX.X..O"
"OXOX.X...","...X.XOXO","O","7","-1","OXOX.X.O."
"OXOX.X..O","..OX.XOXO","X","4","1","OXOXXX..O"
"OXOX.X..O","..OX.XOXO","X","6","-1","OXOX.XX.O"
"OXOX.X..O","..OX.XOXO","X","7","-1","OXOX.X.XO"
"OXOX.X.O.",".O.X.XOXO","X","4","1","OXOXXX.O."
"OXOX.X.O.",".O.X.XOXO","X","6","0","OXOX.XXO."
"OXOX.X.O.",".O.X.XOXO","X","8","0","OXOX.X.OX"
"OXOX.X.OX",".OXX.XOXO","O","4","0","OXOXOX.OX"
"OXOX.X.OX",".OXX.XOXO","O","6","-1","OXOX.XOOX"
"OXOX.X.XO",".XOX.XOXO","O","4","1","OXOXOX.XO"
"OXOX.X.XO",".XOX.XOXO","O","6","-1","OXOX.XOXO"
"OXOX.XO..","..OX.XOXO","X","4","1","OXOXXXO.."
"OXOX.XO..","..OX.XOXO","X","8","-1","OXOX.XO.X"
"OXOX.XO..","..OX.XOXO","X","7","-1","OXOX.XOX."
"OXOX.XO.X","O.XX.XOXO","O","4","1","OXOXOXO.X"
"OXOX.XO.X","O.XX.XOXO","O","7","-1","OXOX.XOOX"
"OXOX.XOOX","OOXX.XOXO","X","4","1","OXOXXXOOX"
"OXOX.XOX.",".XOX.XOXO","O","4","1","OXOXOXOX."
"OXOX.XOX.",".XOX.XOXO","O","8","-1","OXOX.XOXO"
"OXOX.XOXO","OXOX.XOXO","X","4","1","OXOXXXOXO"
"OXOX.XX.O","O.XX.XOXO","O","4","1","OXOXOXX.O"
"OXOX.XX.O","O.XX.XOXO","O","7","-1","OXOX.XXOO"
"OXOX.XXO.",".OXX.XOXO","O","4","0","OXOXOXXO."
"OXOX.XXO.",".OXX.XOXO","O","8","-1","OXOX.XXOO"
"OXOX.XXOO","OOXX.XOXO","X","4","1","OXOXXXXOO"
"OXOXO...X","..XXO.OXO","X","6","0","OXOXO.X.X"
"OXOXO...X","..XXO.OXO","X","5","-1","OXOXOX..X"
"OXOXO...X","..XXO.OXO","X","7","-1","OXOXO..XX"
"OXOXO..X.","..OXOX.XO","X","6","-1","OXOXO.XX."
"OXOXO..X.","..OXOX.XO","X","8","-1","OXOXO..XX"
"OXOXO..X.","..OXOX.XO","X","5","-1","OXOXOX.X."
"OXOXO..XX",".XOXOXX.O","O","6","1","OXOXO.OXX"
"OXOXO..XX",".XOXOXX.O","O","5","-1","OXOXOO.XX"
"OXOXO.X..","..O.OXXXO","X","8","0","OXOXO.X.X"
"OXOXO.X..","..O.OXXXO","X","5","-1","OXOXOXX.."
"OXOXO.X..","..O.OXXXO","X","7","-1","OXOXO.XX."
"OXOXO.X.X","O.XXO.OXX","O","5","-1","OXOXOOX.X"
"OXOXO.X.X","O.XXO.OXX","O","7","0","OXOXO.XOX"
"OXOXO.XOX","O.XXOOOXX","X","5","0","OXOXOXXOX"
"OXOXO.XX.","..OXOXXXO","O","8","1","OXOXO.XXO"
"OXOXO.XX.","..OXOXXXO","O","5","-1","OXOXOOXX."
"OXOXOO.XX",".XOXOXXOO","X","6","1","OXOXOOXXX"
"OXOXOOX.X","OOXXO.OXX","X","7","1","OXOXOOXXX"
"OXOXOOXX.",".OOXOXXXO","X","8","1","OXOXOOXXX"
"OXOXOX...","...XOXOXO","X","6","-1","OXOXOXX.."
"OXOXOX...","...XOXOXO","X","8","-1","OXOXOX..X"
"OXOXOX...","...XOXOXO","X","7","-1","OXOXOX.X."
"OXOXOX..X","..XXOXOXO","O","6","1","OXOXOXO.X"
"OXOXOX..X","..XXOXOXO","O","7","0","OXOXOX.OX"
"OXOXOX.OX",".OXXOXOXO","X","6","0","OXOXOXXOX"
"OXOXOX.X.",".X.XOXOXO","O","6","1","OXOXOXOX."
"OXOXOX.X.",".X.XOXOXO","O","8","1","OXOXOX.XO"
"OXOXOXX..","..XXOXOXO","O","8","1","OXOXOXX.O"
"OXOXOXX..","..XXOXOXO","O","7","0","OXOXOXXO."
"OXOXOXXO.",".OXXOXOXO","X","8","0","OXOXOXXOX"
"OXOXX....","....XXOXO","O","6","-1","OXOXX.O.."
"OXOXX....","....XXOXO","O","8","-1","OXOXX...O"
"OXOXX....","....XXOXO","O","5","-1","OXOXXO..."
"OXOXX....","....XXOXO","O","7","-1","OXOXX..O."
"OXOXX...O","..OXX.OXO","X","6","-1","OXOXX.X.O"
"OXOXX...O","..OXX.OXO","X","5","1","OXOXXX..O"
"OXOXX...O","..OXX.OXO","X","7","1","OXOXX..XO"
"OXOXX..O.","..OOXX.XO","X","6","0","OXOXX.XO."
"OXOXX..O.","..OOXX.XO","X","8","0","OXOXX..OX"
"OXOXX..O.","..OOXX.XO","X","5","1","OXOXXX.O."
"OXOXX..OX",".OXXX.OXO","O","6","-1","OXOXX.OOX"
"OXOXX..OX",".OXXX.OXO","O","5","0","OXOXXO.OX"
"OXOXX.O..","..O.XXOXO","X","8","1","OXOXX.O.X"
"OXOXX.O..","..O.XXOXO","X","5","1","OXOXXXO.."
"OXOXX.O..","..O.XXOXO","X","7","1","OXOXX.OX."
"OXOXX.O.X","O.XXX.OXO","O","5","-1","OXOXXOO.X"
"OXOXX.O.X","O.XXX.OXO","O","7","-1","OXOXX.OOX"
"OXOXX.OOX","O.XXXOOXO","X","5","1","OXOXXXOOX"
"OXOXX.X.O","O.O.XXXXO","O","5","1","OXOXXOX.O"
"OXOXX.X.O","O.O.XXXXO","O","7","-1","OXOXX.XOO"
"OXOXX.XO.","..OOXXXXO","O","8","-1","OXOXX.XOO"
"OXOXX.XO.","..OOXXXXO","O","5","0","OXOXXOXO."
"OXOXX.XOO","O.OOXXXXO","X","5","1","OXOXXXXOO"
"OXOXXO...","...OXXOXO","X","6","-1","OXOXXOX.."
"OXOXXO...","...OXXOXO","X","8","0","OXOXXO..X"
"OXOXXO...","...OXXOXO","X","7","1","OXOXXO.X."
"OXOXXO..X","..XXXOOXO","O","6","-1","OXOXXOO.X"
"OXOXXO..X","..XXXOOXO","O","7","0","OXOXXO.OX"
"OXOXXO.OX",".OXXXOOXO","X","6","0","OXOXXOXOX"
"OXOXXOO.X","O.XXXOOXO","X","7","1","OXOXXOOXX"
"OXOXXOX..","..XOXXOXO","O","8","1","OXOXXOX.O"
"OXOXXOX..","..XOXXOXO","O","7","0","OXOXXOXO."
"OXOXXOXO.",".OOOXXXXO","X","8","0","OXOXXOXOX"
"OXX......","......OXX","O","4","0","OXX.O...."
"OXX......","......OXX","O","6","1","OXX...O.."
"OXX......","......OXX","O","8","-1","OXX.....O"
"OXX......","......OXX","O","3","1","OXXO....."
"OXX......","......OXX","O","5","-1","OXX..O..."
"OXX......","......OXX","O","7","0","OXX....O."
"OXX.....O","..O...OXX","X","4","1","OXX.X...O"
"OXX.....O","..O...OXX","X","6","-1","OXX...X.O"
"OXX.....O","..O...OXX","X","3","-1","OXXX....O"
"OXX.....O","..O...OXX","X","5","-1","OXX..X..O"
"OXX.....O","..O...OXX","X","7","-1","OXX....XO"
"OXX....O.","..OO.X..X","X","4","-1","OXX.X..O."
"OXX....O.","..OO.X..X","X","6","0","OXX...XO."
"OXX....O.","..OO.X..X","X","8","0","OXX....OX"
"OXX....O.","..OO.X..X","X","3","-1","OXXX...O."
"OXX....O.","..OO.X..X","X","5","-1","OXX..X.O."
"OXX....OX","..OO.XX.X","O","4","-1","OXX.O..OX"
"OXX....OX","..OO.XX.X","O","6","-1","OXX...OOX"
"OXX....OX","..OO.XX.X","O","3","-1","OXXO...OX"
"OXX....OX","..OO.XX.X","O","5","0","OXX..O.OX"
"OXX....XO","..OX.XO.X","O","4","1","OXX.O..XO"
"OXX....XO","..OX.XO.X","O","6","-1","OXX...OXO"
"OXX....XO","..OX.XO.X","O","3","-1","OXXO...XO"
"OXX....XO","..OX.XO.X","O","5","-1","OXX..O.XO"
"OXX...O..","..O...XXO","X","4","-1","OXX.X.O.."
"OXX...O..","..O...XXO","X","8","-1","OXX...O.X"
"OXX...O..","..O...XXO","X","3","-1","OXXX..O.."
"OXX...O..","..O...XXO","X","5","-1","OXX..XO.."
"OXX...O..","..O...XXO","X","7","-1","OXX...OX."
"OXX...O.X","O.O..XX.X","O","4","-1","OXX.O.O.X"
"OXX...O.X","O.O..XX.X","O","3","1","OXXO..O.X"
"OXX...O.X","O.O..XX.X","O","5","0","OXX..OO.X"
"OXX...O.X","O.O..XX.X","O","7","-1","OXX...OOX"
"OXX...OOX","O.OO.XX.X","X","4","-1","OXX.X.OOX"
"OXX...OOX","O.OO.XX.X","X","3","0","OXXX..OOX"
"OXX...OOX","O.OO.XX.X","X","5","1","OXX..XOOX"
"OXX...OX.","..XX.XO.O","O","4","1","OXX.O.OX."
"OXX...OX.","..XX.XO.O","O","8","-1","OXX...OXO"
"OXX...OX.","..XX.XO.O","O","3","1","OXXO..OX."
"OXX...OX.","..XX.XO.O","O","5","-1","OXX..OOX."
"OXX...OXO","O.OX.XO.X","X","4","1","OXX.X.OXO"
"OXX...OXO","O.OX.XO.X","X","3","-1","OXXX..OXO"
"OXX...OXO","O.OX.XO.X","X","5","-1","OXX..XOXO"
"OXX...X.O","O.X...XXO","O","4","1","OXX.O.X.O"
"OXX...X.O","O.X...XXO","O","3","-1","OXXO..X.O"
"OXX...X.O","O.X...XXO","O","5","-1","OXX..OX.O"
"OXX...X.O","O.X...XXO","O","7","-1","OXX...XOO"
"OXX...XO.","..XO.XX.O","O","4","0","OXX.O.XO."
"OXX...XO.","..XO.XX.O","O","8","-1","OXX...XOO"
"OXX...XO.","..XO.XX.O","O","3","-1","OXXO..XO."
"OXX...XO.","..XO.XX.O","O","5","-1","OXX..OXO."
"OXX...XOO","O.XO.XX.O","X","4","1","OXX.X.XOO"
"OXX...XOO","O.XO.XX.O","X","3","-1","OXXX..XOO"
"OXX...XOO","O.XO.XX.O","X","5","-1","OXX..XXOO"
"OXX..O...",".....OOXX","X","4","1","OXX.XO..."
"OXX..O...",".....OOXX","X","6","-1","OXX..OX.."
"OXX..O...",".....OOXX","X","8","-1","OXX..O..X"
"OXX..O...",".....OOXX","X","3","0","OXXX.O..."
"OXX..O...",".....OOXX","X","7","-1","OXX..O.X."
"OXX..O..X","..O..XXOX","O","4","0","OXX.OO..X"
"OXX..O..X","..O..XXOX","O","6","0","OXX..OO.X"
"OXX..O..X","..O..XXOX","O","3","1","OXXO.O..X"
"OXX..O..X","..O..XXOX","O","7","0","OXX..O.OX"
"OXX..O.OX","..OO.XXOX","X","4","0","OXX.XO.OX"
"OXX..O.OX","..OO.XXOX","X","6","0","OXX..OXOX"
"OXX..O.OX","..OO.XXOX","X","3","0","OXXX.O.OX"
"OXX..O.X.","..OX.X.OX","O","4","1","OXX.OO.X."
"OXX..O.X.","..OX.X.OX","O","6","-1","OXX..OOX."
"OXX..O.X.","..OX.X.OX","O","8","-1","OXX..O.XO"
"OXX..O.X.","..OX.X.OX","O","3","-1","OXXO.O.X."
"OXX..O.XO","..OX.XOOX","X","4","1","OXX.XO.XO"
"OXX..O.XO","..OX.XOOX","X","6","-1","OXX..OXXO"
"OXX..O.XO","..OX.XOOX","X","3","-1","OXXX.O.XO"
"OXX..OO.X","O.O..XXOX","X","4","-1","OXX.XOO.X"
"OXX..OO.X","O.O..XXOX","X","3","0","OXXX.OO.X"
"OXX..OO.X","O.O..XXOX","X","7","-1","OXX..OOXX"
"OXX..OOX.",".OXX.XO.O","X","4","1","OXX.XOOX."
"OXX..OOX.",".OXX.XO.O","X","8","-1","OXX..OOXX"
"OXX..OOX.",".OXX.XO.O","X","3","0","OXXX.OOX."
"OXX..OOXX","O.OX.XXOX","O","4","0","OXX.OOOXX"
"OXX..OOXX","O.OX.XXOX","O","3","1","OXXO.OOXX"
"OXX..OX..","..XO..XXO","O","4","1","OXX.OOX.."
"OXX..OX..","..XO..XXO","O","8","-1","OXX..OX.O"
"OXX..OX..","..XO..XXO","O","3","-1","OXXO.OX.."
"OXX..OX..","..XO..XXO","O","7","-1","OXX..OXO."
"OXX..OX.O","O.XO..XXO","X","4","1","OXX.XOX.O"
"OXX..OX.O","O.XO..XXO","X","3","-1","OXXX.OX.O"
"OXX..OX.O","O.XO..XXO","X","7","-1","OXX..OXXO"
"OXX..OXO.",".OXO..XXO","X","4","1","OXX.XOXO."
"OXX..OXO.",".OXO..XXO","X","8","0","OXX..OXOX"
"OXX..OXO.",".OXO..XXO","X","3","0","OXXX.OXO."
"OXX..OXOX","O.XX.OXOX","O","4","0","OXX.OOXOX"
"OXX..OXOX","O.XX.OXOX","O","3","-1","OXXO.OXOX"
"OXX..OXXO","O.XX.XXOO","O","4","1","OXX.OOXXO"
"OXX..OXXO","O.XX.XXOO","O","3","-1","OXXO.OXXO"
"OXX..X..O","..O..XOXX","O","4","1","OXX.OX..O"
"OXX..X..O","..O..XOXX","O","6","1","OXX..XO.O"
"OXX..X..O","..O..XOXX","O","3","1","OXXO.X..O"
"OXX..X..O","..O..XOXX","O","7","1","OXX..X.OO"
"OXX..X.O.","..OO.X.XX","O","4","-1","OXX.OX.O."
"OXX..X.O.","..OO.X.XX","O","6","-1","OXX..XOO."
"OXX..X.O.","..OO.X.XX","O","8","1","OXX..X.OO"
"OXX..X.O.","..OO.X.XX","O","3","-1","OXXO.X.O."
"OXX..X.OO","..OO.XOXX","X","4","-1","OXX.XX.OO"
"OXX..X.OO","..OO.XOXX","X","6","-1","OXX..XXOO"
"OXX..X.OO","..OO.XOXX","X","3","-1","OXXX.X.OO"
"OXX..XO..","..OX..XXO","O","4","-1","OXX.OXO.."
"OXX..XO..","..OX..XXO","O","8","1","OXX..XO.O"
"OXX..XO..","..OX..XXO","O","3","1","OXXO.XO.."
"OXX..XO..","..OX..XXO","O","7","-1","OXX..XOO."
"OXX..XO.O","O.O..XOXX","X","4","-1","OXX.XXO.O"
"OXX..XO.O","O.O..XOXX","X","3","-1","OXXX.XO.O"
"OXX..XO.O","O.O..XOXX","X","7","-1","OXX..XOXO"
"OXX..XOO.",".OOX..XXO","X","4","-1","OXX.XXOO."
"OXX..XOO.",".OOX..XXO","X","8","1","OXX..XOOX"
"OXX..XOO.",".OOX..XXO","X","3","-1","OXXX.XOO."
"OXX..XOXO","O.OX.XOXX","O","4","1","OXX.OXOXO"
"OXX..XOXO","O.OX.XOXX","O","3","1","OXXO.XOXO"
"OXX..XXOO","O.XX.OXXO","O","4","1","OXX.OXXOO"
"OXX..XXOO","O.XX.OXXO","O","3","-1","OXXO.XXOO"
"OXX.O....","....O.OXX","X","6","-1","OXX.O.X.."
"OXX.O....","....O.OXX","X","8","0","OXX.O...X"
"OXX.O....","....O.OXX","X","3","-1","OXXXO...."
"OXX.O....","....O.OXX","X","5","-1","OXX.OX..."
"OXX.O....","....O.OXX","X","7","-1","OXX.O..X."
"OXX.O...X","..O.OXX.X","O","6","-1","OXX.O.O.X"
"OXX.O...X","..O.OXX.X","O","3","-1","OXXOO...X"
"OXX.O...X","..O.OXX.X","O","5","0","OXX.OO..X"
"OXX.O...X","..O.OXX.X","O","7","-1","OXX.O..OX"
"OXX.O..OX","..OOOXX.X","X","6","0","OXX.O.XOX"
"OXX.O..OX","..OOOXX.X","X","3","0","OXXXO..OX"
"OXX.O..OX","..OOOXX.X","X","5","1","OXX.OX.OX"
"OXX.O..X.","..OXOX..X","O","6","1","OXX.O.OX."
"OXX.O..X.","..OXOX..X","O","8","1","OXX.O..XO"
"OXX.O..X.","..OXOX..X","O","3","1","OXXOO..X."
"OXX.O..X.","..OXOX..X","O","5","1","OXX.OO.X."
"OXX.O.O.X","O.O.OXX.X","X","3","0","OXXXO.O.X"
"OXX.O.O.X","O.O.OXX.X","X","5","1","OXX.OXO.X"
"OXX.O.O.X","O.O.OXX.X","X","7","-1","OXX.O.OXX"
"OXX.O.OX.","..XXOXO.O","X","8","-1","OXX.O.OXX"
"OXX.O.OX.","..XXOXO.O","X","3","-1","OXXXO.OX."
"OXX.O.OX.","..XXOXO.O","X","5","-1","OXX.OXOX."
"OXX.O.OXX","O.OXOXX.X","O","3","1","OXXOO.OXX"
"OXX.O.OXX","O.OXOXX.X","O","5","0","OXX.OOOXX"
"OXX.O.X..","..X.O.XXO","O","8","1","OXX.O.X.O"
"OXX.O.X..","..X.O.XXO","O","3","1","OXXOO.X.."
"OXX.O.X..","..X.O.XXO","O","5","1","OXX.OOX.."
"OXX.O.X..","..X.O.XXO","O","7","0","OXX.O.XO."
"OXX.O.XO.","..XOOXX.O","X","8","0","OXX.O.XOX"
"OXX.O.XO.","..XOOXX.O","X","3","-1","OXXXO.XO."
"OXX.O.XO.","..XOOXX.O","X","5","-1","OXX.OXXO."
"OXX.O.XOX","O.XXOOX.X","O","3","-1","OXXOO.XOX"
"OXX.O.XOX","O.XXOOX.X","O","5","0","OXX.OOXOX"
"OXX.OO..X","..O.OXXOX","X","6","-1","OXX.OOX.X"
"OXX.OO..X","..O.OXXOX","X","3","0","OXXXOO..X"
"OXX.OO..X","..O.OXXOX","X","7","-1","OXX.OO.XX"
"OXX.OO.X.","..OXOX.OX","X","6","-1","OXX.OOXX."
"OXX.OO.X.","..OXOX.OX","X","8","-1","OXX.OO.XX"
"OXX.OO.X.","..OXOX.OX","X","3","-1","OXXXOO.X."
"OXX.OO.XX","..OXOXXOX","O","6","0","OXX.OOOXX"
"OXX.OO.XX","..OXOXXOX","O","3","1","OXXOOO.XX"
"OXX.OOOXX","O.OXOXXOX","X","3","0","OXXXOOOXX"
"OXX.OOX..","..XOO.XXO","X","8","-1","OXX.OOX.X"
"OXX.OOX..","..XOO.XXO","X","3","-1","OXXXOOX.."
"OXX.OOX..","..XOO.XXO","X","7","-1","OXX.OOXX."
"OXX.OOX.X","O.XXO.XOX","O","3","1","OXXOOOX.X"
"OXX.OOX.X","O.XXO.XOX","O","7","0","OXX.OOXOX"
"OXX.OOXOX","O.XXOOXOX","X","3","0","OXXXOOXOX"
"OXX.OOXX.",".OXXOXX.O","O","8","1","OXX.OOXXO"
"OXX.OOXX.",".OXXOXX.O","O","3","1","OXXOOOXX."
"OXX.OX...","....OXOXX","O","6","-1","OXX.OXO.."
"OXX.OX...","....OXOXX","O","8","1","OXX.OX..O"
"OXX.OX...","....OXOXX","O","3","-1","OXXOOX..."
"OXX.OX...","....OXOXX","O","7","-1","OXX.OX.O."
"OXX.OX.O.","..OOOX.XX","X","6","-1","OXX.OXXO."
"OXX.OX.O.","..OOOX.XX","X","8","1","OXX.OX.OX"
"OXX.OX.O.","..OOOX.XX","X","3","-1","OXXXOX.O."
"OXX.OXO..","..OXO.XXO","X","8","1","OXX.OXO.X"
"OXX.OXO..","..OXO.XXO","X","3","-1","OXXXOXO.."
"OXX.OXO..","..OXO.XXO","X","7","-1","OXX.OXOX."
"OXX.OXOX.",".XOXO.XXO","O","8","1","OXX.OXOXO"
"OXX.OXOX.",".XOXO.XXO","O","3","1","OXXOOXOX."
"OXX.OXXO.",".OXXO.XXO","O","8","1","OXX.OXXOO"
"OXX.OXXO.",".OXXO.XXO","O","3","-1","OXXOOXXO."
"OXX.X...O","..O.X.OXX","O","6","-1","OXX.X.O.O"
"OXX.X...O","..O.X.OXX","O","3","-1","OXXOX...O"
"OXX.X...O","..O.X.OXX","O","5","-1","OXX.XO..O"
"OXX.X...O","..O.X.OXX","O","7","-1","OXX.X..OO"
"OXX.X..O.","..OOXX..X","O","6","1","OXX.X.OO."
"OXX.X..O.","..OOXX..X","O","8","-1","OXX.X..OO"
"OXX.X..O.","..OOXX..X","O","3","-1","OXXOX..O."
"OXX.X..O.","..OOXX..X","O","5","-1","OXX.XO.O."
"OXX.X..OO","..OOXXO.X","X","6","1","OXX.X.XOO"
"OXX.X..OO","..OOXXO.X","X","3","-1","OXXXX..OO"
"OXX.X..OO","..OOXXO.X","X","5","-1","OXX.XX.OO"
"OXX.X.O..","..O.X.XXO","O","8","-1","OXX.X.O.O"
"OXX.X.O..","..O.X.XXO","O","3","1","OXXOX.O.."
"OXX.X.O..","..O.X.XXO","O","5","-1","OXX.XOO.."
"OXX.X.O..","..O.X.XXO","O","7","1","OXX.X.OO."
"OXX.X.O.O","O.O.X.OXX","X","3","-1","OXXXX.O.O"
"OXX.X.O.O","O.O.X.OXX","X","5","-1","OXX.XXO.O"
"OXX.X.O.O","O.O.X.OXX","X","7","1","OXX.X.OXO"
"OXX.X.OO.","..XOXXO.O","X","8","-1","OXX.X.OOX"
"OXX.X.OO.","..XOXXO.O","X","3","-1","OXXXX.OO."
"OXX.X.OO.","..XOXXO.O","X","5","-1","OXX.XXOO."
"OXX.X.OOX","O.OOXXX.X","O","3","1","OXXOX.OOX"
"OXX.X.OOX","O.OOXXX.X","O","5","0","OXX.XOOOX"
"OXX.XO...","....XOOXX","O","6","-1","OXX.XOO.."
"OXX.XO...","....XOOXX","O","8","-1","OXX.XO..O"
"OXX.XO...","....XOOXX","O","3","-1","OXXOXO..."
"OXX.XO...","....XOOXX","O","7","-1","OXX.XO.O."
"OXX.XO..O","..O.XOOXX","X","6","1","OXX.XOX.O"
"OXX.XO..O","..O.XOOXX","X","3","1","OXXXXO..O"
"OXX.XO..O","..O.XOOXX","X","7","1","OXX.XO.XO"
"OXX.XO.O.","..OOXX.OX","X","6","1","OXX.XOXO."
"OXX.XO.O.","..OOXX.OX","X","8","0","OXX.XO.OX"
"OXX.XO.O.","..OOXX.OX","X","3","0","OXXXXO.O."
"OXX.XO.OX","..OOXXXOX","O","6","0","OXX.XOOOX"
"OXX.XO.OX","..OOXXXOX","O","3","-1","OXXOXO.OX"
"OXX.XOO..","..OOX.XXO","X","8","-1","OXX.XOO.X"
"OXX.XOO..","..OOX.XXO","X","3","0","OXXXXOO.."
"OXX.XOO..","..OOX.XXO","X","7","1","OXX.XOOX."
"OXX.XOO.X","O.O.XXXOX","O","3","1","OXXOXOO.X"
"OXX.XOO.X","O.O.XXXOX","O","7","0","OXX.XOOOX"
"OXX.XOOOX","O.OOXXXOX","X","3","0","OXXXXOOOX"
"OXX.XX.OO","..OOXXOXX","O","6","1","OXX.XXOOO"
"OXX.XX.OO","..OOXXOXX","O","3","-1","OXXOXX.OO"
"OXX.XXO.O","O.O.XXOXX","O","3","1","OXXOXXO.O"
"OXX.XXO.O","O.O.XXOXX","O","7","1","OXX.XXOOO"
"OXX.XXOO.",".OOXX.XXO","O","8","1","OXX.XXOOO"
"OXX.XXOO.",".OOXX.XXO","O","3","1","OXXOXXOO."
"OXXO.....",".....OXXO","X","4","-1","OXXOX...."
"OXXO.....",".....OXXO","X","6","-1","OXXO..X.."
"OXXO.....",".....OXXO","X","8","-1","OXXO....X"
"OXXO.....",".....OXXO","X","5","-1","OXXO.X..."
"OXXO.....",".....OXXO","X","7","-1","OXXO...X."
"OXXO....X","..XO..OXX","O","4","-1","OXXOO...X"
"OXXO....X","..XO..OXX","O","6","1","OXXO..O.X"
"OXXO....X","..XO..OXX","O","5","1","OXXO.O..X"
"OXXO....X","..XO..OXX","O","7","-1","OXXO...OX"
"OXXO...OX",".OOO.XX.X","X","4","-1","OXXOX..OX"
"OXXO...OX",".OOO.XX.X","X","6","1","OXXO..XOX"
"OXXO...OX",".OOO.XX.X","X","5","1","OXXO.X.OX"
"OXXO...X.","..XX.X.OO","O","4","1","OXXOO..X."
"OXXO...X.","..XX.X.OO","O","6","1","OXXO..OX."
"OXXO...X.","..XX.X.OO","O","8","-1","OXXO...XO"
"OXXO...X.","..XX.X.OO","O","5","-1","OXXO.O.X."
"OXXO...XO",".OOX.XO.X","X","4","1","OXXOX..XO"
"OXXO...XO",".OOX.XO.X","X","6","-1","OXXO..XXO"
"OXXO...XO",".OOX.XO.X","X","5","-1","OXXO.X.XO"
"OXXO..X..","..X..OXXO","O","4","1","OXXOO.X.."
"OXXO..X..","..X..OXXO","O","8","-1","OXXO..X.O"
"OXXO..X..","..X..OXXO","O","5","-1","OXXO.OX.."
"OXXO..X..","..X..OXXO","O","7","-1","OXXO..XO."
"OXXO..X.O","O.X..OXXO","X","4","1","OXXOX.X.O"
"OXXO..X.O","O.X..OXXO","X","5","-1","OXXO.XX.O"
"OXXO..X.O","O.X..OXXO","X","7","-1","OXXO..XXO"
"OXXO..XO.","..XO.XXOO","X","4","1","OXXOX.XO."
"OXXO..XO.","..XO.XXOO","X","8","1","OXXO..XOX"
"OXXO..XO.","..XO.XXOO","X","5","1","OXXO.XXO."
"OXXO..XOX","OOXX.OX.X","O","4","-1","OXXOO.XOX"
"OXXO..XOX","OOXX.OX.X","O","5","-1","OXXO.OXOX"
"OXXO..XXO","O.XX.XXOO","O","4","1","OXXOO.XXO"
"OXXO..XXO","O.XX.XXOO","O","5","-1","OXXO.OXXO"
"OXXO.O..X","..XO.OOXX","X","4","-1","OXXOXO..X"
"OXXO.O..X","..XO.OOXX","X","6","-1","OXXO.OX.X"
"OXXO.O..X","..XO.OOXX","X","7","-1","OXXO.O.XX"
"OXXO.O.X.",".OOX.X.OX","X","4","1","OXXOXO.X."
"OXXO.O.X.",".OOX.X.OX","X","6","-1","OXXO.OXX."
"OXXO.O.X.",".OOX.X.OX","X","8","-1","OXXO.O.XX"
"OXXO.O.XX",".OOX.XXOX","O","4","1","OXXOOO.XX"
"OXXO.O.XX",".OOX.XXOX","O","6","1","OXXO.OOXX"
"OXXO.OX..","..XO.OXXO","X","4","1","OXXOXOX.."
"OXXO.OX..","..XO.OXXO","X","8","-1","OXXO.OX.X"
"OXXO.OX..","..XO.OXXO","X","7","-1","OXXO.OXX."
"OXXO.OX.X","OOXX..XOX","O","4","1","OXXOOOX.X"
"OXXO.OX.X","OOXX..XOX","O","7","-1","OXXO.OXOX"
"OXXO.OXOX","OOXX.OXOX","X","4","1","OXXOXOXOX"
"OXXO.OXX.",".OXX.XXOO","O","4","1","OXXOOOXX."
"OXXO.OXX.",".OXX.XXOO","O","8","-1","OXXO.OXXO"
"OXXO.OXXO","OOXX.XXOO","X","4","1","OXXOXOXXO"
"OXXO.X...","...O.XOXX","O","4","-1","OXXOOX..."
"OXXO.X...","...O.XOXX","O","6","1","OXXO.XO.."
"OXXO.X...","...O.XOXX","O","8","1","OXXO.X..O"
"OXXO.X...","...O.XOXX","O","7","-1","OXXO.X.O."
"OXXO.X..O","..OO.XOXX","X","4","-1","OXXOXX..O"
"OXXO.X..O","..OO.XOXX","X","6","-1","OXXO.XX.O"
"OXXO.X..O","..OO.XOXX","X","7","-1","OXXO.X.XO"
"OXXO.X.O.",".O.O.XOXX","X","4","-1","OXXOXX.O."
"OXXO.X.O.",".O.O.XOXX","X","6","1","OXXO.XXO."
"OXXO.X.O.",".O.O.XOXX","X","8","1","OXXO.X.OX"
"OXXO.X.XO",".OOX.XOXX","O","4","1","OXXOOX.XO"
"OXXO.X.XO",".OOX.XOXX","O","6","1","OXXO.XOXO"
"OXXO.XX.O","O.XX.OXXO","O","4","1","OXXOOXX.O"
"OXXO.XX.O","O.XX.OXXO","O","7","-1","OXXO.XXOO"
"OXXO.XXO.",".OXX.OXXO","O","4","-1","OXXOOXXO."
"OXXO.XXO.",".OXX.OXXO","O","8","-1","OXXO.XXOO"
"OXXO.XXOO","OOXX.OXXO","X","4","1","OXXOXXXOO"
"OXXOO...X","..XOO.OXX","X","6","-1","OXXOO.X.X"
"OXXOO...X","..XOO.OXX","X","5","1","OXXOOX..X"
"OXXOO...X","..XOO.OXX","X","7","-1","OXXOO..XX"
"OXXOO..X.","..XXOX.OO","X","6","-1","OXXOO.XX."
"OXXOO..X.","..XXOX.OO","X","8","-1","OXXOO..XX"
"OXXOO..X.","..XXOX.OO","X","5","-1","OXXOOX.X."
"OXXOO..XX",".OOXOXX.X","O","6","1","OXXOO.OXX"
"OXXOO..XX",".OOXOXX.X","O","5","1","OXXOOO.XX"
"OXXOO.X..","..X.OOXXO","X","8","-1","OXXOO.X.X"
"OXXOO.X..","..X.OOXXO","X","5","-1","OXXOOXX.."
"OXXOO.X..","..X.OOXXO","X","7","-1","OXXOO.XX."
"OXXOO.X.X","OOXXO.X.X","O","5","1","OXXOOOX.X"
"OXXOO.X.X","OOXXO.X.X","O","7","-1","OXXOO.XOX"
"OXXOO.XOX","OOXXOOX.X","X","5","1","OXXOOXXOX"
"OXXOO.XX.","..XXOXXOO","O","8","1","OXXOO.XXO"
"OXXOO.XX.","..XXOXXOO","O","5","1","OXXOOOXX."
"OXXOOX...","...OOXOXX","X","6","-1","OXXOOXX.."
"OXXOOX...","...OOXOXX","X","8","1","OXXOOX..X"
"OXXOOX...","...OOXOXX","X","7","-1","OXXOOX.X."
"OXXOOX.X.",".OOXOX.XX","O","6","1","OXXOOXOX."
"OXXOOX.X.",".OOXOX.XX","O","8","1","OXXOOX.XO"
"OXXOOXX..","..XXOOXXO","O","8","1","OXXOOXX.O"
"OXXOOXX..","..XXOOXXO","O","7","-1","OXXOOXXO."
"OXXOOXXO.",".OXXOOXXO","X","8","1","OXXOOXXOX"
"OXXOX....","....XOXXO","O","6","1","OXXOX.O.."
"OXXOX....","....XOXXO","O","8","-1","OXXOX...O"
"OXXOX....","....XOXXO","O","5","-1","OXXOXO..."
"OXXOX....","....XOXXO","O","7","-1","OXXOX..O."
"OXXOX...O","..OOX.OXX","X","6","1","OXXOX.X.O"
"OXXOX...O","..OOX.OXX","X","5","-1","OXXOXX..O"
"OXXOX...O","..OOX.OXX","X","7","1","OXXOX..XO"
"OXXOX..O.","..XOXX.OO","X","6","1","OXXOX.XO."
"OXXOX..O.","..XOXX.OO","X","8","-1","OXXOX..OX"
"OXXOX..O.","..XOXX.OO","X","5","-1","OXXOXX.O."
"OXXOX..OX",".OOOXXX.X","O","6","1","OXXOX.OOX"
"OXXOX..OX",".OOOXXX.X","O","5","-1","OXXOXO.OX"
"OXXOXO...","...OXOOXX","X","6","1","OXXOXOX.."
"OXXOXO...","...OXOOXX","X","8","-1","OXXOXO..X"
"OXXOXO...","...OXOOXX","X","7","1","OXXOXO.X."
"OXXOXO..X","..XOXOOXX","O","6","1","OXXOXOO.X"
"OXXOXO..X","..XOXOOXX","O","7","-1","OXXOXO.OX"
"OXXOXO.OX",".OOOXXXOX","X","6","1","OXXOXOXOX"
"OXXOXX..O","..OOXXOXX","O","6","1","OXXOXXO.O"
"OXXOXX..O","..OOXXOXX","O","7","-1","OXXOXX.OO"
"OXXOXX.O.",".O.OXXOXX","O","6","1","OXXOXXOO."
"OXXOXX.O.",".O.OXXOXX","O","8","-1","OXXOXX.OO"
"OXXOXX.OO",".OOOXXOXX","X","6","1","OXXOXXXOO"
"OXXX....O","..OX..OXX","O","4","1","OXXXO...O"
"OXXX....O","..OX..OXX","O","6","1","OXXX..O.O"
"OXXX....O","..OX..OXX","O","5","-1","OXXX.O..O"
"OXXX....O","..OX..OXX","O","7","1","OXXX...OO"
"OXXX...O.","..XO.X.XO","O","4","0","OXXXO..O."
"OXXX...O.","..XO.X.XO","O","6","0","OXXX..OO."
"OXXX...O.","..XO.X.XO","O","8","1","OXXX...OO"
"OXXX...O.","..XO.X.XO","O","5","0","OXXX.O.O."
"OXXX...OO",".OOX..OXX","X","4","-1","OXXXX..OO"
"OXXX...OO",".OOX..OXX","X","6","-1","OXXX..XOO"
"OXXX...OO",".OOX..OXX","X","5","-1","OXXX.X.OO"
"OXXX..O..","..O..XXXO","O","4","0","OXXXO.O.."
"OXXX..O..","..O..XXXO","O","8","1","OXXX..O.O"
"OXXX..O..","..O..XXXO","O","5","0","OXXX.OO.."
"OXXX..O..","..O..XXXO","O","7","0","OXXX..OO."
"OXXX..O.O","O.O..XXXO","X","4","-1","OXXXX.O.O"
"OXXX..O.O","O.O..XXXO","X","5","-1","OXXX.XO.O"
"OXXX..O.O","O.O..XXXO","X","7","-1","OXXX..OXO"
"OXXX..OO.","..XO.XOXO","X","4","-1","OXXXX.OO."
"OXXX..OO.","..XO.XOXO","X","8","0","OXXX..OOX"
"OXXX..OO.","..XO.XOXO","X","5","-1","OXXX.XOO."
"OXXX..OOX","OOXX..OXX","O","4","-1","OXXXO.OOX"
"OXXX..OOX","OOXX..OXX","O","5","0","OXXX.OOOX"
"OXXX..OXO","O.XX.XOXO","O","4","1","OXXXO.OXO"
"OXXX..OXO","O.XX.XOXO","O","5","-1","OXXX.OOXO"
"OXXX..XOO","O.XO.XXXO","O","4","1","OXXXO.XOO"
"OXXX..XOO","O.XO.XXXO","O","5","-1","OXXX.OXOO"
"OXXX.O...","...O.XXXO","O","4","0","OXXXOO..."
"OXXX.O...","...O.XXXO","O","6","0","OXXX.OO.."
"OXXX.O...","...O.XXXO","O","8","-1","OXXX.O..O"
"OXXX.O...","...O.XXXO","O","7","0","OXXX.O.O."
"OXXX.O..O","..OX.OOXX","X","4","1","OXXXXO..O"
"OXXX.O..O","..OX.OOXX","X","6","-1","OXXX.OX.O"
"OXXX.O..O","..OX.OOXX","X","7","-1","OXXX.O.XO"
"OXXX.O.O.",".O.O.XXXO","X","4","0","OXXXXO.O."
"OXXX.O.O.",".O.O.XXXO","X","6","0","OXXX.OXO."
"OXXX.O.O.",".O.O.XXXO","X","8","0","OXXX.O.OX"
"OXXX.O.OX",".OXX.OOXX","O","4","0","OXXXOO.OX"
"OXXX.O.OX",".OXX.OOXX","O","6","0","OXXX.OOOX"
"OXXX.O.XO",".XOX.OOXX","O","4","1","OXXXOO.XO"
"OXXX.O.XO",".XOX.OOXX","O","6","-1","OXXX.OOXO"
"OXXX.OO..","..OO.XXXO","X","4","0","OXXXXOO.."
"OXXX.OO..","..OO.XXXO","X","8","0","OXXX.OO.X"
"OXXX.OO..","..OO.XXXO","X","7","0","OXXX.OOX."
"OXXX.OO.X","O.XX.OOXX","O","4","0","OXXXOOO.X"
"OXXX.OO.X","O.XX.OOXX","O","7","0","OXXX.OOOX"
"OXXX.OOOX","OOXX.OOXX","X","4","0","OXXXXOOOX"
"OXXX.OOX.",".OXX.XOXO","O","4","0","OXXXOOOX."
"OXXX.OOX.",".OXX.XOXO","O","8","-1","OXXX.OOXO"
"OXXX.OOXO","OOXX.XOXO","X","4","1","OXXXXOOXO"
"OXXX.OX.O","O.XO.XXXO","O","4","1","OXXXOOX.O"
"OXXX.OX.O","O.XO.XXXO","O","7","-1","OXXX.OXOO"
"OXXX.OXO.",".OXO.XXXO","O","4","0","OXXXOOXO."
"OXXX.OXO.",".OXO.XXXO","O","8","-1","OXXX.OXOO"
"OXXX.OXOO","OOXO.XXXO","X","4","1","OXXXXOXOO"
"OXXX.X.OO",".OOX.XOXX","O","4","1","OXXXOX.OO"
"OXXX.X.OO",".OOX.XOXX","O","6","1","OXXX.XOOO"
"OXXX.XO.O","O.OX.XOXX","O","4","1","OXXXOXO.O"
"OXXX.XO.O","O.OX.XOXX","O","7","1","OXXX.XOOO"
"OXXX.XOO.",".OOX.XXXO","O","4","-1","OXXXOXOO."
"OXXX.XOO.",".OOX.XXXO","O","8","1","OXXX.XOOO"
"OXXXO....","....OXXXO","O","6","0","OXXXO.O.."
"OXXXO....","....OXXXO","O","8","1","OXXXO...O"
"OXXXO....","....OXXXO","O","5","0","OXXXOO..."
"OXXXO....","....OXXXO","O","7","0","OXXXO..O."
"OXXXO..O.","..XOOX.XO","X","6","-1","OXXXO.XO."
"OXXXO..O.","..XOOX.XO","X","8","0","OXXXO..OX"
"OXXXO..O.","..XOOX.XO","X","5","-1","OXXXOX.O."
"OXXXO..OX",".OXXO.OXX","O","6","-1","OXXXO.OOX"
"OXXXO..OX",".OXXO.OXX","O","5","0","OXXXOO.OX"
"OXXXO.O..","..O.OXXXO","X","8","0","OXXXO.O.X"
"OXXXO.O..","..O.OXXXO","X","5","-1","OXXXOXO.."
"OXXXO.O..","..O.OXXXO","X","7","-1","OXXXO.OX."
"OXXXO.O.X","O.XXO.OXX","O","5","0","OXXXOOO.X"
"OXXXO.O.X","O.XXO.OXX","O","7","-1","OXXXO.OOX"
"OXXXO.OOX","OOXXO.OXX","X","5","1","OXXXOXOOX"
"OXXXO.OX.","..XXOXOXO","O","8","1","OXXXO.OXO"
"OXXXO.OX.","..XXOXOXO","O","5","0","OXXXOOOX."
"OXXXO.XO.","..XOOXXXO","O","8","1","OXXXO.XOO"
"OXXXO.XO.","..XOOXXXO","O","5","0","OXXXOOXO."
"OXXXOO...","...OOXXXO","X","6","-1","OXXXOOX.."
"OXXXOO...","...OOXXXO","X","8","0","OXXXOO..X"
"OXXXOO...","...OOXXXO","X","7","-1","OXXXOO.X."
"OXXXOO..X","..XXOOOXX","O","6","0","OXXXOOO.X"
"OXXXOO..X","..XXOOOXX","O","7","0","OXXXOO.OX"
"OXXXOO.OX",".OXXOOOXX","X","6","0","OXXXOOXOX"
"OXXXOO.X.",".OXXOX.XO","O","6","0","OXXXOOOX."
"OXXXOO.X.",".OXXOX.XO","O","8","1","OXXXOO.XO"
"OXXXOOO.X","O.XXOOOXX","X","7","0","OXXXOOOXX"
"OXXXOOOX.",".OXXOXOXO","X","8","0","OXXXOOOXX"
"OXXXOOX..","..XOOXXXO","O","8","1","OXXXOOX.O"
"OXXXOOX..","..XOOXXXO","O","7","0","OXXXOOXO."
"OXXXOOXO.",".OXOOXXXO","X","8","0","OXXXOOXOX"
"OXXXOX.O.",".O.XOXOXX","O","6","-1","OXXXOXOO."
"OXXXOX.O.",".O.XOXOXX","O","8","1","OXXXOX.OO"
"OXXXOXO..","..OXOXXXO","O","8","1","OXXXOXO.O"
"OXXXOXO..","..OXOXXXO","O","7","-1","OXXXOXOO."
"OXXXOXOO.",".OOXOXXXO","X","8","1","OXXXOXOOX"
"OXXXX..OO",".OOXX.OXX","O","6","1","OXXXX.OOO"
"OXXXX..OO",".OOXX.OXX","O","5","-1","OXXXXO.OO"
"OXXXX.O.O","O.O.XXXXO","O","5","-1","OXXXXOO.O"
"OXXXX.O.O","O.O.XXXXO","O","7","1","OXXXX.OOO"
"OXXXX.OO.","..XOXXOXO","O","8","1","OXXXX.OOO"
"OXXXX.OO.","..XOXXOXO","O","5","0","OXXXXOOO."
"OXXXXO..O","..OXXOOXX","O","6","-1","OXXXXOO.O"
"OXXXXO..O","..OXXOOXX","O","7","-1","OXXXXO.OO"
"OXXXXO.O.",".O.OXXXXO","O","6","0","OXXXXOOO."
"OXXXXO.O.",".O.OXXXXO","O","8","-1","OXXXXO.OO"
"OXXXXO.OO",".OOXXOOXX","X","6","1","OXXXXOXOO"
"OXXXXOO..","..OOXXXXO","O","8","-1","OXXXXOO.O"
"OXXXXOO..","..OOXXXXO","O","7","0","OXXXXOOO."
"OXXXXOO.O","O.OOXXXXO","X","7","1","OXXXXOOXO"
"OXXXXOOO.",".OOOXXXXO","X","8","0","OXXXXOOOX"
"X........","........X","O","4","0","X...O...."
"X........","........X","O","2","-1","X.O......"
"X........","........X","O","6","-1","X.....O.."
"X........","........X","O","8","-1","X.......O"
"X........","........X","O","1","-1","XO......."
"X........","........X","O","3","-1","X..O....."
"X........","........X","O","5","-1","X....O..."
"X........","........X","O","7","-1","X......O."
"X.......O","..O...X..","X","4","0","X...X...O"
"X.......O","..O...X..","X","2","1","X.X.....O"
"X.......O","..O...X..","X","6","1","X.....X.O"
"X.......O","..O...X..","X","1","-1","XX......O"
"X.......O","..O...X..","X","3","-1","X..X....O"
"X.......O","..O...X..","X","5","0","X....X..O"
"X.......O","..O...X..","X","7","0","X......XO"
"X......O.",".....OX..","X","4","1","X...X..O."
"X......O.",".....OX..","X","2","1","X.X....O."
"X......O.",".....OX..","X","6","1","X.....XO."
"X......O.",".....OX..","X","8","0","X......OX"
"X......O.",".....OX..","X","1","0","XX.....O."
"X......O.",".....OX..","X","3","-1","X..X...O."
"X......O.",".....OX..","X","5","0","X....X.O."
"X......OX","..X...XO.","O","4","0","X...O..OX"
"X......OX","..X...XO.","O","2","-1","X.O....OX"
"X......OX","..X...XO.","O","6","-1","X.....OOX"
"X......OX","..X...XO.","O","1","-1","XO.....OX"
"X......OX","..X...XO.","O","3","-1","X..O...OX"
"X......OX","..X...XO.","O","5","-1","X....O.OX"
"X......XO","..O..XX..","O","4","0","X...O..XO"
"X......XO","..O..XX..","O","2","0","X.O....XO"
"X......XO","..O..XX..","O","6","-1","X.....OXO"
"X......XO","..O..XX..","O","1","0","XO.....XO"
"X......XO","..O..XX..","O","3","-1","X..O...XO"
"X......XO","..O..XX..","O","5","-1","X....O.XO"
"X.....O..","......O.X","X","4","0","X...X.O.."
"X.....O..","......O.X","X","2","1","X.X...O.."
"X.....O..","......O.X","X","8","1","X.....O.X"
"X.....O..","......O.X","X","1","1","XX....O.."
"X.....O..","......O.X","X","3","-1","X..X..O.."
"X.....O..","......O.X","X","5","0","X....XO.."
"X.....O..","......O.X","X","7","0","X.....OX."
"X.....O.X","..X...X.O","O","4","-1","X...O.O.X"
"X.....O.X","..X...X.O","O","2","-1","X.O...O.X"
"X.....O.X","..X...X.O","O","1","-1","XO....O.X"
"X.....O.X","..X...X.O","O","3","-1","X..O..O.X"
"X.....O.X","..X...X.O","O","5","-1","X....OO.X"
"X.....O.X","..X...X.O","O","7","-1","X.....OOX"
"X.....OOX","..X...XOO","X","4","1","X...X.OOX"
"X.....OOX","..X...XOO","X","2","1","X.X...OOX"
"X.....OOX","..X...XOO","X","1","1","XX....OOX"
"X.....OOX","..X...XOO","X","3","-1","X..X..OOX"
"X.....OOX","..X...XOO","X","5","1","X....XOOX"
"X.....OX.",".....XX.O","O","4","0","X...O.OX."
"X.....OX.",".....XX.O","O","2","-1","X.O...OX."
"X.....OX.",".....XX.O","O","8","-1","X.....OXO"
"X.....OX.",".....XX.O","O","1","0","XO....OX."
"X.....OX.",".....XX.O","O","3","-1","X..O..OX."
"X.....OX.",".....XX.O","O","5","-1","X....OOX."
"X.....OXO","..O..XX.O","X","4","0","X...X.OXO"
"X.....OXO","..O..XX.O","X","2","0","X.X...OXO"
"X.....OXO","..O..XX.O","X","1","1","XX....OXO"
"X.....OXO","..O..XX.O","X","3","-1","X..X..OXO"
"X.....OXO","..O..XX.O","X","5","0","X....XOXO"
"X.....X.O","..O...X.X","O","4","-1","X...O.X.O"
"X.....X.O","..O...X.X","O","2","-1","X.O...X.O"
"X.....X.O","..O...X.X","O","1","-1","XO....X.O"
"X.....X.O","..O...X.X","O","3","-1","X..O..X.O"
"X.....X.O","..O...X.X","O","5","-1","X....OX.O"
"X.....X.O","..O...X.X","O","7","-1","X.....XOO"
"X.....XO.",".....OX.X","O","4","-1","X...O.XO."
"X.....XO.",".....OX.X","O","2","-1","X.O...XO."
"X.....XO.",".....OX.X","O","8","-1","X.....XOO"
"X.....XO.",".....OX.X","O","1","-1","XO....XO."
"X.....XO.",".....OX.X","O","3","-1","X..O..XO."
"X.....XO.",".....OX.X","O","5","-1","X....OXO."
"X.....XOO","..O..OX.X","X","4","1","X...X.XOO"
"X.....XOO","..O..OX.X","X","2","1","X.X...XOO"
"X.....XOO","..O..OX.X","X","1","1","XX....XOO"
"X.....XOO","..O..OX.X","X","3","1","X..X..XOO"
"X.....XOO","..O..OX.X","X","5","1","X....XXOO"
"X....O...",".....OX..","X","4","1","X...XO..."
"X....O...",".....OX..","X","2","1","X.X..O..."
"X....O...",".....OX..","X","6","1","X....OX.."
"X....O...",".....OX..","X","8","0","X....O..X"
"X....O...",".....OX..","X","1","-1","XX...O..."
"X....O...",".....OX..","X","3","0","X..X.O..."
"X....O...",".....OX..","X","7","0","X....O.X."
"X....O..X","..X...XO.","O","4","0","X...OO..X"
"X....O..X","..X...XO.","O","2","-1","X.O..O..X"
"X....O..X","..X...XO.","O","6","-1","X....OO.X"
"X....O..X","..X...XO.","O","1","-1","XO...O..X"
"X....O..X","..X...XO.","O","3","-1","X..O.O..X"
"X....O..X","..X...XO.","O","7","-1","X....O.OX"
"X....O.OX","..XO..XO.","X","4","1","X...XO.OX"
"X....O.OX","..XO..XO.","X","2","1","X.X..O.OX"
"X....O.OX","..XO..XO.","X","6","1","X....OXOX"
"X....O.OX","..XO..XO.","X","1","1","XX...O.OX"
"X....O.OX","..XO..XO.","X","3","1","X..X.O.OX"
"X....O.X.","..XO...X.","O","4","0","X...OO.X."
"X....O.X.","..XO...X.","O","2","-1","X.O..O.X."
"X....O.X.","..XO...X.","O","6","-1","X....OOX."
"X....O.X.","..XO...X.","O","8","-1","X....O.XO"
"X....O.X.","..XO...X.","O","1","-1","XO...O.X."
"X....O.X.","..XO...X.","O","3","-1","X..O.O.X."
"X....O.XO","..XO..OX.","X","4","-1","X...XO.XO"
"X....O.XO","..XO..OX.","X","2","1","X.X..O.XO"
"X....O.XO","..XO..OX.","X","6","-1","X....OXXO"
"X....O.XO","..XO..OX.","X","1","-1","XX...O.XO"
"X....O.XO","..XO..OX.","X","3","-1","X..X.O.XO"
"X....OO.X","..XO..X.O","X","4","1","X...XOO.X"
"X....OO.X","..XO..X.O","X","2","1","X.X..OO.X"
"X....OO.X","..XO..X.O","X","1","1","XX...OO.X"
"X....OO.X","..XO..X.O","X","3","0","X..X.OO.X"
"X....OO.X","..XO..X.O","X","7","-1","X....OOXX"
"X....OOX.","..XO...XO","X","4","1","X...XOOX."
"X....OOX.","..XO...XO","X","2","0","X.X..OOX."
"X....OOX.","..XO...XO","X","8","-1","X....OOXX"
"X....OOX.","..XO...XO","X","1","1","XX...OOX."
"X....OOX.","..XO...XO","X","3","-1","X..X.OOX."
"X....OOXX","..XO..XXO","O","4","1","X...OOOXX"
"X....OOXX","..XO..XXO","O","2","-1","X.O..OOXX"
"X....OOXX","..XO..XXO","O","1","-1","XO...OOXX"
"X....OOXX","..XO..XXO","O","3","-1","X..O.OOXX"
"X....OX..","..XO....X","O","4","-1","X...OOX.."
"X....OX..","..XO....X","O","2","-1","X.O..OX.."
"X....OX..","..XO....X","O","8","-1","X....OX.O"
"X....OX..","..XO....X","O","1","-1","XO...OX.."
"X....OX..","..XO....X","O","3","-1","X..O.OX.."
"X....OX..","..XO....X","O","7","-1","X....OXO."
"X....OX.O","..XO..O.X","X","4","-1","X...XOX.O"
"X....OX.O","..XO..O.X","X","2","1","X.X..OX.O"
"X....OX.O","..XO..O.X","X","1","-1","XX...OX.O"
"X....OX.O","..XO..O.X","X","3","1","X..X.OX.O"
"X....OX.O","..XO..O.X","X","7","-1","X....OXXO"
"X....OXO.","..XO...OX","X","4","1","X...XOXO."
"X....OXO.","..XO...OX","X","2","1","X.X..OXO."
"X....OXO.","..XO...OX","X","8","1","X....OXOX"
"X....OXO.","..XO...OX","X","1","1","XX...OXO."
"X....OXO.","..XO...OX","X","3","1","X..X.OXO."
"X....OXOX","..XO..XOX","O","4","-1","X...OOXOX"
"X....OXOX","..XO..XOX","O","2","-1","X.O..OXOX"
"X....OXOX","..XO..XOX","O","1","-1","XO...OXOX"
"X....OXOX","..XO..XOX","O","3","-1","X..O.OXOX"
"X....OXXO","..XO..OXX","O","4","-1","X...OOXXO"
"X....OXXO","..XO..OXX","O","2","1","X.O..OXXO"
"X....OXXO","..XO..OXX","O","1","-1","XO...OXXO"
"X....OXXO","..XO..OXX","O","3","1","X..O.OXXO"
"X....X..O","..O..XX..","O","4","0","X...OX..O"
"X....X..O","..O..XX..","O","2","-1","X.O..X..O"
"X....X..O","..O..XX..","O","6","0","X....XO.O"
"X....X..O","..O..XX..","O","1","-1","XO...X..O"
"X....X..O","..O..XX..","O","3","0","X..O.X..O"
"X....X..O","..O..XX..","O","7","-1","X....X.OO"
"X....X.O.","..XO...X.","O","4","0","X...OX.O."
"X....X.O.","..XO...X.","O","2","-1","X.O..X.O."
"X....X.O.","..XO...X.","O","6","-1","X....XOO."
"X....X.O.","..XO...X.","O","8","-1","X....X.OO"
"X....X.O.","..XO...X.","O","1","-1","XO...X.O."
"X....X.O.","..XO...X.","O","3","-1","X..O.X.O."
"X....X.OO","..XO..OX.","X","4","-1","X...XX.OO"
"X....X.OO","..XO..OX.","X","2","-1","X.X..X.OO"
"X....X.OO","..XO..OX.","X","6","1","X....XXOO"
"X....X.OO","..XO..OX.","X","1","-1","XX...X.OO"
"X....X.OO","..XO..OX.","X","3","-1","X..X.X.OO"
"X....XO..","..OX....X","O","4","-1","X...OXO.."
"X....XO..","..OX....X","O","2","-1","X.O..XO.."
"X....XO..","..OX....X","O","8","0","X....XO.O"
"X....XO..","..OX....X","O","1","-1","XO...XO.."
"X....XO..","..OX....X","O","3","-1","X..O.XO.."
"X....XO..","..OX....X","O","7","-1","X....XOO."
"X....XO.O","..XX..O.O","X","4","-1","X...XXO.O"
"X....XO.O","..XX..O.O","X","2","-1","X.X..XO.O"
"X....XO.O","..XX..O.O","X","1","-1","XX...XO.O"
"X....XO.O","..XX..O.O","X","3","-1","X..X.XO.O"
"X....XO.O","..XX..O.O","X","7","0","X....XOXO"
"X....XOO.","..XX...OO","X","4","-1","X...XXOO."
"X....XOO.","..XX...OO","X","2","-1","X.X..XOO."
"X....XOO.","..XX...OO","X","8","1","X....XOOX"
"X....XOO.","..XX...OO","X","1","-1","XX...XOO."
"X....XOO.","..XX...OO","X","3","-1","X..X.XOO."
"X....XOOX","..XX..XOO","O","4","-1","X...OXOOX"
"X....XOOX","..XX..XOO","O","2","-1","X.O..XOOX"
"X....XOOX","..XX..XOO","O","1","-1","XO...XOOX"
"X....XOOX","..XX..XOO","O","3","-1","X..O.XOOX"
"X....XOXO","..XX..OXO","O","4","0","X...OXOXO"
"X....XOXO","..XX..OXO","O","2","-1","X.O..XOXO"
"X....XOXO","..XX..OXO","O","1","0","XO...XOXO"
"X....XOXO","..XX..OXO","O","3","-1","X..O.XOXO"
"X....XXOO","..XX..OOX","O","4","-1","X...OXXOO"
"X....XXOO","..XX..OOX","O","2","-1","X.O..XXOO"
"X....XXOO","..XX..OOX","O","1","-1","XO...XXOO"
"X....XXOO","..XX..OOX","O","3","-1","X..O.XXOO"
"X...O....","....O...X","X","2","0","X.X.O...."
"X...O....","....O...X","X","6","0","X...O.X.."
"X...O....","....O...X","X","8","0","X...O...X"
"X...O....","....O...X","X","1","0","XX..O...."
"X...O....","....O...X","X","3","0","X..XO...."
"X...O....","....O...X","X","5","0","X...OX..."
"X...O....","....O...X","X","7","0","X...O..X."
"X...O...X","..X.O.X..","O","2","-1","X.O.O...X"
"X...O...X","..X.O.X..","O","6","-1","X...O.O.X"
"X...O...X","..X.O.X..","O","1","0","XO..O...X"
"X...O...X","..X.O.X..","O","3","0","X..OO...X"
"X...O...X","..X.O.X..","O","5","0","X...OO..X"
"X...O...X","..X.O.X..","O","7","0","X...O..OX"
"X...O..OX","..X.O.XO.","X","2","-1","X.X.O..OX"
"X...O..OX","..X.O.XO.","X","6","-1","X...O.XOX"
"X...O..OX","..X.O.XO.","X","1","0","XX..O..OX"
"X...O..OX","..X.O.XO.","X","3","-1","X..XO..OX"
"X...O..OX","..X.O.XO.","X","5","-1","X...OX.OX"
"X...O..X.","....OXX..","O","2","-1","X.O.O..X."
"X...O..X.","....OXX..","O","6","0","X...O.OX."
"X...O..X.","....OXX..","O","8","0","X...O..XO"
"X...O..X.","....OXX..","O","1","-1","XO..O..X."
"X...O..X.","....OXX..","O","3","0","X..OO..X."
"X...O..X.","....OXX..","O","5","0","X...OO.X."
"X...O..XO","..O.OXX..","X","2","0","X.X.O..XO"
"X...O..XO","..O.OXX..","X","6","0","X...O.XXO"
"X...O..XO","..O.OXX..","X","1","-1","XX..O..XO"
"X...O..XO","..O.OXX..","X","3","0","X..XO..XO"
"X...O..XO","..O.OXX..","X","5","0","X...OX.XO"
"X...O.O.X","..X.O.X.O","X","2","1","X.X.O.O.X"
"X...O.O.X","..X.O.X.O","X","1","-1","XX..O.O.X"
"X...O.O.X","..X.O.X.O","X","3","-1","X..XO.O.X"
"X...O.O.X","..X.O.X.O","X","5","-1","X...OXO.X"
"X...O.O.X","..X.O.X.O","X","7","-1","X...O.OXX"
"X...O.OX.","....OXX.O","X","2","0","X.X.O.OX."
"X...O.OX.","....OXX.O","X","8","-1","X...O.OXX"
"X...O.OX.","....OXX.O","X","1","-1","XX..O.OX."
"X...O.OX.","....OXX.O","X","3","-1","X..XO.OX."
"X...O.OX.","....OXX.O","X","5","-1","X...OXOX."
"X...O.OXX","..X.O.XXO","O","2","1","X.O.O.OXX"
"X...O.OXX","..X.O.XXO","O","1","0","XO..O.OXX"
"X...O.OXX","..X.O.XXO","O","3","1","X..OO.OXX"
"X...O.OXX","..X.O.XXO","O","5","1","X...OOOXX"
"X...O.X..","....O.X.X","O","2","-1","X.O.O.X.."
"X...O.X..","....O.X.X","O","8","-1","X...O.X.O"
"X...O.X..","....O.X.X","O","1","-1","XO..O.X.."
"X...O.X..","....O.X.X","O","3","0","X..OO.X.."
"X...O.X..","....O.X.X","O","5","-1","X...OOX.."
"X...O.X..","....O.X.X","O","7","-1","X...O.XO."
"X...O.X.O","..O.O.X.X","X","2","1","X.X.O.X.O"
"X...O.X.O","..O.O.X.X","X","1","1","XX..O.X.O"
"X...O.X.O","..O.O.X.X","X","3","1","X..XO.X.O"
"X...O.X.O","..O.O.X.X","X","5","0","X...OXX.O"
"X...O.X.O","..O.O.X.X","X","7","0","X...O.XXO"
"X...O.XO.","....OOX.X","X","2","-1","X.X.O.XO."
"X...O.XO.","....OOX.X","X","8","-1","X...O.XOX"
"X...O.XO.","....OOX.X","X","1","1","XX..O.XO."
"X...O.XO.","....OOX.X","X","3","1","X..XO.XO."
"X...O.XO.","....OOX.X","X","5","-1","X...OXXO."
"X...O.XOX","..X.O.XOX","O","2","-1","X.O.O.XOX"
"X...O.XOX","..X.O.XOX","O","1","1","XO..O.XOX"
"X...O.XOX","..X.O.XOX","O","3","1","X..OO.XOX"
"X...O.XOX","..X.O.XOX","O","5","-1","X...OOXOX"
"X...O.XXO","..O.OXX.X","O","2","-1","X.O.O.XXO"
"X...O.XXO","..O.OXX.X","O","1","-1","XO..O.XXO"
"X...O.XXO","..O.OXX.X","O","3","0","X..OO.XXO"
"X...O.XXO","..O.OXX.X","O","5","-1","X...OOXXO"
"X...OO..X","..X.O.XO.","X","2","-1","X.X.OO..X"
"X...OO..X","..X.O.XO.","X","6","-1","X...OOX.X"
"X...OO..X","..X.O.XO.","X","1","-1","XX..OO..X"
"X...OO..X","..X.O.XO.","X","3","0","X..XOO..X"
"X...OO..X","..X.O.XO.","X","7","-1","X...OO.XX"
"X...OO.X.","..XOO..X.","X","2","-1","X.X.OO.X."
"X...OO.X.","..XOO..X.","X","6","-1","X...OOXX."
"X...OO.X.","..XOO..X.","X","8","-1","X...OO.XX"
"X...OO.X.","..XOO..X.","X","1","-1","XX..OO.X."
"X...OO.X.","..XOO..X.","X","3","0","X..XOO.X."
"X...OO.XX","..XOO.XX.","O","2","-1","X.O.OO.XX"
"X...OO.XX","..XOO.XX.","O","6","1","X...OOOXX"
"X...OO.XX","..XOO.XX.","O","1","-1","XO..OO.XX"
"X...OO.XX","..XOO.XX.","O","3","1","X..OOO.XX"
"X...OOOXX","..XOO.XXO","X","2","-1","X.X.OOOXX"
"X...OOOXX","..XOO.XXO","X","1","-1","XX..OOOXX"
"X...OOOXX","..XOO.XXO","X","3","-1","X..XOOOXX"
"X...OOX..","..XOO...X","X","2","-1","X.X.OOX.."
"X...OOX..","..XOO...X","X","8","-1","X...OOX.X"
"X...OOX..","..XOO...X","X","1","-1","XX..OOX.."
"X...OOX..","..XOO...X","X","3","1","X..XOOX.."
"X...OOX..","..XOO...X","X","7","-1","X...OOXX."
"X...OOX.X","..XOO.X.X","O","2","-1","X.O.OOX.X"
"X...OOX.X","..XOO.X.X","O","1","-1","XO..OOX.X"
"X...OOX.X","..XOO.X.X","O","3","1","X..OOOX.X"
"X...OOX.X","..XOO.X.X","O","7","-1","X...OOXOX"
"X...OOXOX","..XOO.XOX","X","2","-1","X.X.OOXOX"
"X...OOXOX","..XOO.XOX","X","1","-1","XX..OOXOX"
"X...OOXOX","..XOO.XOX","X","3","1","X..XOOXOX"
"X...OOXX.","..XOO..XX","O","2","-1","X.O.OOXX."
"X...OOXX.","..XOO..XX","O","8","-1","X...OOXXO"
"X...OOXX.","..XOO..XX","O","1","-1","XO..OOXX."
"X...OOXX.","..XOO..XX","O","3","1","X..OOOXX."
"X...OOXXO","..XOO.OXX","X","2","-1","X.X.OOXXO"
"X...OOXXO","..XOO.OXX","X","1","-1","XX..OOXXO"
"X...OOXXO","..XOO.OXX","X","3","1","X..XOOXXO"
"X...OX...","....OXX..","O","2","0","X.O.OX..."
"X...OX...","....OXX..","O","6","-1","X...OXO.."
"X...OX...","....OXX..","O","8","0","X...OX..O"
"X...OX...","....OXX..","O","1","0","XO..OX..."
"X...OX...","....OXX..","O","3","-1","X..OOX..."
"X...OX...","....OXX..","O","7","0","X...OX.O."
"X...OX..O","..O.OXX..","X","2","0","X.X.OX..O"
"X...OX..O","..O.OXX..","X","6","0","X...OXX.O"
"X...OX..O","..O.OXX..","X","1","0","XX..OX..O"
"X...OX..O","..O.OXX..","X","3","-1","X..XOX..O"
"X...OX..O","..O.OXX..","X","7","0","X...OX.XO"
"X...OX.O.","..XOO..X.","X","2","-1","X.X.OX.O."
"X...OX.O.","..XOO..X.","X","6","-1","X...OXXO."
"X...OX.O.","..XOO..X.","X","8","-1","X...OX.OX"
"X...OX.O.","..XOO..X.","X","1","0","XX..OX.O."
"X...OX.O.","..XOO..X.","X","3","-1","X..XOX.O."
"X...OX.OX","..XOO.XX.","O","2","1","X.O.OX.OX"
"X...OX.OX","..XOO.XX.","O","6","-1","X...OXOOX"
"X...OX.OX","..XOO.XX.","O","1","1","XO..OX.OX"
"X...OX.OX","..XOO.XX.","O","3","-1","X..OOX.OX"
"X...OX.XO","..XXO.OX.","O","2","0","X.O.OX.XO"
"X...OX.XO","..XXO.OX.","O","6","0","X...OXOXO"
"X...OX.XO","..XXO.OX.","O","1","0","XO..OX.XO"
"X...OX.XO","..XXO.OX.","O","3","0","X..OOX.XO"
"X...OXO..","..OXO...X","X","2","1","X.X.OXO.."
"X...OXO..","..OXO...X","X","8","-1","X...OXO.X"
"X...OXO..","..OXO...X","X","1","-1","XX..OXO.."
"X...OXO..","..OXO...X","X","3","-1","X..XOXO.."
"X...OXO..","..OXO...X","X","7","-1","X...OXOX."
"X...OXO.X","..XXO.X.O","O","2","1","X.O.OXO.X"
"X...OXO.X","..XXO.X.O","O","1","-1","XO..OXO.X"
"X...OXO.X","..XXO.X.O","O","3","-1","X..OOXO.X"
"X...OXO.X","..XXO.X.O","O","7","-1","X...OXOOX"
"X...OXOOX","..XXO.XOO","X","2","1","X.X.OXOOX"
"X...OXOOX","..XXO.XOO","X","1","-1","XX..OXOOX"
"X...OXOOX","..XXO.XOO","X","3","-1","X..XOXOOX"
"X...OXOX.","..XXO..XO","O","2","1","X.O.OXOX."
"X...OXOX.","..XXO..XO","O","8","0","X...OXOXO"
"X...OXOX.","..XXO..XO","O","1","0","XO..OXOX."
"X...OXOX.","..XXO..XO","O","3","-1","X..OOXOX."
"X...OXOXO","..XXO.OXO","X","2","0","X.X.OXOXO"
"X...OXOXO","..XXO.OXO","X","1","-1","XX..OXOXO"
"X...OXOXO","..XXO.OXO","X","3","-1","X..XOXOXO"
"X...OXX.O","..XXO.O.X","O","2","-1","X.O.OXX.O"
"X...OXX.O","..XXO.O.X","O","1","-1","XO..OXX.O"
"X...OXX.O","..XXO.O.X","O","3","0","X..OOXX.O"
"X...OXX.O","..XXO.O.X","O","7","-1","X...OXXOO"
"X...OXXO.","..XXO..OX","O","2","-1","X.O.OXXO."
"X...OXXO.","..XXO..OX","O","8","-1","X...OXXOO"
"X...OXXO.","..XXO..OX","O","1","1","XO..OXXO."
"X...OXXO.","..XXO..OX","O","3","0","X..OOXXO."
"X...OXXOO","..XXO.OOX","X","2","-1","X.X.OXXOO"
"X...OXXOO","..XXO.OOX","X","1","1","XX..OXXOO"
"X...OXXOO","..XXO.OOX","X","3","1","X..XOXXOO"
"X...X...O","..O.X.X..","O","2","0","X.O.X...O"
"X...X...O","..O.X.X..","O","6","0","X...X.O.O"
"X...X...O","..O.X.X..","O","1","-1","XO..X...O"
"X...X...O","..O.X.X..","O","3","-1","X..OX...O"
"X...X...O","..O.X.X..","O","5","-1","X...XO..O"
"X...X...O","..O.X.X..","O","7","-1","X...X..OO"
"X...X..O.","....XOX..","O","2","-1","X.O.X..O."
"X...X..O.","....XOX..","O","6","-1","X...X.OO."
"X...X..O.","....XOX..","O","8","-1","X...X..OO"
"X...X..O.","....XOX..","O","1","-1","XO..X..O."
"X...X..O.","....XOX..","O","3","-1","X..OX..O."
"X...X..O.","....XOX..","O","5","-1","X...XO.O."
"X...X..OO","..O.XOX..","X","2","-1","X.X.X..OO"
"X...X..OO","..O.XOX..","X","6","1","X...X.XOO"
"X...X..OO","..O.XOX..","X","1","-1","XX..X..OO"
"X...X..OO","..O.XOX..","X","3","-1","X..XX..OO"
"X...X..OO","..O.XOX..","X","5","-1","X...XX.OO"
"X...X.O..","....X.O.X","O","2","-1","X.O.X.O.."
"X...X.O..","....X.O.X","O","8","0","X...X.O.O"
"X...X.O..","....X.O.X","O","1","-1","XO..X.O.."
"X...X.O..","....X.O.X","O","3","-1","X..OX.O.."
"X...X.O..","....X.O.X","O","5","-1","X...XOO.."
"X...X.O..","....X.O.X","O","7","-1","X...X.OO."
"X...X.O.O","..O.X.X.O","X","2","-1","X.X.X.O.O"
"X...X.O.O","..O.X.X.O","X","1","-1","XX..X.O.O"
"X...X.O.O","..O.X.X.O","X","3","-1","X..XX.O.O"
"X...X.O.O","..O.X.X.O","X","5","-1","X...XXO.O"
"X...X.O.O","..O.X.X.O","X","7","0","X...X.OXO"
"X...X.OO.","....XOX.O","X","2","-1","X.X.X.OO."
"X...X.OO.","....XOX.O","X","8","1","X...X.OOX"
"X...X.OO.","....XOX.O","X","1","-1","XX..X.OO."
"X...X.OO.","....XOX.O","X","3","-1","X..XX.OO."
"X...X.OO.","....XOX.O","X","5","-1","X...XXOO."
"X...X.OXO","..O.XXX.O","O","2","-1","X.O.X.OXO"
"X...X.OXO","..O.XXX.O","O","1","0","XO..X.OXO"
"X...X.OXO","..O.XXX.O","O","3","-1","X..OX.OXO"
"X...X.OXO","..O.XXX.O","O","5","-1","X...XOOXO"
"X...X.XOO","..O.XOX.X","O","2","-1","X.O.X.XOO"
"X...X.XOO","..O.XOX.X","O","1","-1","XO..X.XOO"
"X...X.XOO","..O.XOX.X","O","3","-1","X..OX.XOO"
"X...X.XOO","..O.XOX.X","O","5","-1","X...XOXOO"
"X...XO...","....XOX..","O","2","-1","X.O.XO..."
"X...XO...","....XOX..","O","6","-1","X...XOO.."
"X...XO...","....XOX..","O","8","-1","X...XO..O"
"X...XO...","....XOX..","O","1","-1","XO..XO..."
"X...XO...","....XOX..","O","3","-1","X..OXO..."
"X...XO...","....XOX..","O","7","-1","X...XO.O."
"X...XO..O","..O.XOX..","X","2","1","X.X.XO..O"
"X...XO..O","..O.XOX..","X","6","-1","X...XOX.O"
"X...XO..O","..O.XOX..","X","1","-1","XX..XO..O"
"X...XO..O","..O.XOX..","X","3","-1","X..XXO..O"
"X...XO..O","..O.XOX..","X","7","-1","X...XO.XO"
"X...XO.O.","..XOX..O.","X","2","1","X.X.XO.O."
"X...XO.O.","..XOX..O.","X","6","1","X...XOXO."
"X...XO.O.","..XOX..O.","X","8","1","X...XO.OX"
"X...XO.O.","..XOX..O.","X","1","1","XX..XO.O."
"X...XO.O.","..XOX..O.","X","3","1","X..XXO.O."
"X...XO.XO","..XOX.OX.","O","2","1","X.O.XO.XO"
"X...XO.XO","..XOX.OX.","O","6","-1","X...XOOXO"
"X...XO.XO","..XOX.OX.","O","1","0","XO..XO.XO"
"X...XO.XO","..XOX.OX.","O","3","-1","X..OXO.XO"
"X...XOO..","..OOX...X","X","2","1","X.X.XOO.."
"X...XOO..","..OOX...X","X","8","1","X...XOO.X"
"X...XOO..","..OOX...X","X","1","1","XX..XOO.."
"X...XOO..","..OOX...X","X","3","-1","X..XXOO.."
"X...XOO..","..OOX...X","X","7","1","X...XOOX."
"X...XOOX.","..XOX..XO","O","2","-1","X.O.XOOX."
"X...XOOX.","..XOX..XO","O","8","-1","X...XOOXO"
"X...XOOX.","..XOX..XO","O","1","-1","XO..XOOX."
"X...XOOX.","..XOX..XO","O","3","-1","X..OXOOX."
"X...XOOXO","..XOX.OXO","X","2","0","X.X.XOOXO"
"X...XOOXO","..XOX.OXO","X","1","1","XX..XOOXO"
"X...XOOXO","..XOX.OXO","X","3","-1","X..XXOOXO"
"X...XOX.O","..XOX.O.X","O","2","1","X.O.XOX.O"
"X...XOX.O","..XOX.O.X","O","1","-1","XO..XOX.O"
"X...XOX.O","..XOX.O.X","O","3","-1","X..OXOX.O"
"X...XOX.O","..XOX.O.X","O","7","-1","X...XOXOO"
"X...XOXO.","..XOX..OX","O","2","-1","X.O.XOXO."
"X...XOXO.","..XOX..OX","O","8","-1","X...XOXOO"
"X...XOXO.","..XOX..OX","O","1","-1","XO..XOXO."
"X...XOXO.","..XOX..OX","O","3","-1","X..OXOXO."
"X...XOXOO","..XOX.OOX","X","2","1","X.X.XOXOO"
"X...XOXOO","..XOX.OOX","X","1","-1","XX..XOXOO"
"X...XOXOO","..XOX.OOX","X","3","1","X..XXOXOO"
"X...XX.OO","..XOX.OX.","O","2","-1","X.O.XX.OO"
"X...XX.OO","..XOX.OX.","O","6","1","X...XXOOO"
"X...XX.OO","..XOX.OX.","O","1","-1","XO..XX.OO"
"X...XX.OO","..XOX.OX.","O","3","0","X..OXX.OO"
"X...XXO.O","..XXX.O.O","O","2","-1","X.O.XXO.O"
"X...XXO.O","..XXX.O.O","O","1","-1","XO..XXO.O"
"X...XXO.O","..XXX.O.O","O","3","0","X..OXXO.O"
"X...XXO.O","..XXX.O.O","O","7","1","X...XXOOO"
"X...XXOO.","..XXX..OO","O","2","-1","X.O.XXOO."
"X...XXOO.","..XXX..OO","O","8","1","X...XXOOO"
"X...XXOO.","..XXX..OO","O","1","-1","XO..XXOO."
"X...XXOO.","..XXX..OO","O","3","-1","X..OXXOO."
"X..O.....",".......OX","X","4","1","X..OX...."
"X..O.....",".......OX","X","2","1","X.XO....."
"X..O.....",".......OX","X","6","0","X..O..X.."
"X..O.....",".......OX","X","8","0","X..O....X"
"X..O.....",".......OX","X","1","1","XX.O....."
"X..O.....",".......OX","X","5","0","X..O.X..."
"X..O.....",".......OX","X","7","0","X..O...X."
"X..O....X","..X...XO.","O","4","0","X..OO...X"
"X..O....X","..X...XO.","O","2","-1","X.OO....X"
"X..O....X","..X...XO.","O","6","-1","X..O..O.X"
"X..O....X","..X...XO.","O","1","-1","XO.O....X"
"X..O....X","..X...XO.","O","5","-1","X..O.O..X"
"X..O....X","..X...XO.","O","7","-1","X..O...OX"
"X..O...OX","..X..OXO.","X","4","1","X..OX..OX"
"X..O...OX","..X..OXO.","X","2","1","X.XO...OX"
"X..O...OX","..X..OXO.","X","6","-1","X..O..XOX"
"X..O...OX","..X..OXO.","X","1","1","XX.O...OX"
"X..O...OX","..X..OXO.","X","5","1","X..O.X.OX"
"X..O...X.",".....XXO.","O","4","0","X..OO..X."
"X..O...X.",".....XXO.","O","2","-1","X.OO...X."
"X..O...X.",".....XXO.","O","6","-1","X..O..OX."
"X..O...X.",".....XXO.","O","8","-1","X..O...XO"
"X..O...X.",".....XXO.","O","1","-1","XO.O...X."
"X..O...X.",".....XXO.","O","5","-1","X..O.O.X."
"X..O...XO","..O..XXO.","X","4","0","X..OX..XO"
"X..O...XO","..O..XXO.","X","2","0","X.XO...XO"
"X..O...XO","..O..XXO.","X","6","-1","X..O..XXO"
"X..O...XO","..O..XXO.","X","1","1","XX.O...XO"
"X..O...XO","..O..XXO.","X","5","0","X..O.X.XO"
"X..O..O.X","..X...XOO","X","4","1","X..OX.O.X"
"X..O..O.X","..X...XOO","X","2","1","X.XO..O.X"
"X..O..O.X","..X...XOO","X","1","1","XX.O..O.X"
"X..O..O.X","..X...XOO","X","5","1","X..O.XO.X"
"X..O..O.X","..X...XOO","X","7","-1","X..O..OXX"
"X..O..OX.",".....XXOO","X","4","1","X..OX.OX."
"X..O..OX.",".....XXOO","X","2","1","X.XO..OX."
"X..O..OX.",".....XXOO","X","8","-1","X..O..OXX"
"X..O..OX.",".....XXOO","X","1","1","XX.O..OX."
"X..O..OX.",".....XXOO","X","5","1","X..O.XOX."
"X..O..OXX","..X..OXXO","O","4","1","X..OO.OXX"
"X..O..OXX","..X..OXXO","O","2","-1","X.OO..OXX"
"X..O..OXX","..X..OXXO","O","1","-1","XO.O..OXX"
"X..O..OXX","..X..OXXO","O","5","-1","X..O.OOXX"
"X..O..X..","......XOX","O","4","0","X..OO.X.."
"X..O..X..","......XOX","O","2","-1","X.OO..X.."
"X..O..X..","......XOX","O","8","-1","X..O..X.O"
"X..O..X..","......XOX","O","1","-1","XO.O..X.."
"X..O..X..","......XOX","O","5","-1","X..O.OX.."
"X..O..X..","......XOX","O","7","-1","X..O..XO."
"X..O..X.O","..O...XOX","X","4","0","X..OX.X.O"
"X..O..X.O","..O...XOX","X","2","1","X.XO..X.O"
"X..O..X.O","..O...XOX","X","1","0","XX.O..X.O"
"X..O..X.O","..O...XOX","X","5","0","X..O.XX.O"
"X..O..X.O","..O...XOX","X","7","-1","X..O..XXO"
"X..O..XO.",".....OXOX","X","4","1","X..OX.XO."
"X..O..XO.",".....OXOX","X","2","1","X.XO..XO."
"X..O..XO.",".....OXOX","X","8","-1","X..O..XOX"
"X..O..XO.",".....OXOX","X","1","0","XX.O..XO."
"X..O..XO.",".....OXOX","X","5","0","X..O.XXO."
"X..O..XOX","..X..OXOX","O","4","1","X..OO.XOX"
"X..O..XOX","..X..OXOX","O","2","-1","X.OO..XOX"
"X..O..XOX","..X..OXOX","O","1","-1","XO.O..XOX"
"X..O..XOX","..X..OXOX","O","5","-1","X..O.OXOX"
"X..O..XXO","..O..XXOX","O","4","0","X..OO.XXO"
"X..O..XXO","..O..XXOX","O","2","0","X.OO..XXO"
"X..O..XXO","..O..XXOX","O","1","0","XO.O..XXO"
"X..O..XXO","..O..XXOX","O","5","1","X..O.OXXO"
"X..O.O..X","..XO.OX..","X","4","1","X..OXO..X"
"X..O.O..X","..XO.OX..","X","2","-1","X.XO.O..X"
"X..O.O..X","..XO.OX..","X","6","-1","X..O.OX.X"
"X..O.O..X","..XO.OX..","X","1","-1","XX.O.O..X"
"X..O.O..X","..XO.OX..","X","7","-1","X..O.O.XX"
"X..O.O.X.","..XO.O.X.","X","4","1","X..OXO.X."
"X..O.O.X.","..XO.O.X.","X","2","-1","X.XO.O.X."
"X..O.O.X.","..XO.O.X.","X","6","-1","X..O.OXX."
"X..O.O.X.","..XO.O.X.","X","8","-1","X..O.O.XX"
"X..O.O.X.","..XO.O.X.","X","1","-1","XX.O.O.X."
"X..O.O.XX","..XO.OXX.","O","4","1","X..OOO.XX"
"X..O.O.XX","..XO.OXX.","O","2","-1","X.OO.O.XX"
"X..O.O.XX","..XO.OXX.","O","6","-1","X..O.OOXX"
"X..O.O.XX","..XO.OXX.","O","1","-1","XO.O.O.XX"
"X..O.OOXX","..XO.OXXO","X","4","1","X..OXOOXX"
"X..O.OOXX","..XO.OXXO","X","2","-1","X.XO.OOXX"
"X..O.OOXX","..XO.OXXO","X","1","-1","XX.O.OOXX"
"X..O.OX..","..XO.O..X","X","4","1","X..OXOX.."
"X..O.OX..","..XO.O..X","X","2","-1","X.XO.OX.."
"X..O.OX..","..XO.O..X","X","8","-1","X..O.OX.X"
"X..O.OX..","..XO.O..X","X","1","-1","XX.O.OX.."
"X..O.OX..","..XO.O..X","X","7","-1","X..O.OXX."
"X..O.OX.X","..XO.OX.X","O","4","1","X..OOOX.X"
"X..O.OX.X","..XO.OX.X","O","2","-1","X.OO.OX.X"
"X..O.OX.X","..XO.OX.X","O","1","-1","XO.O.OX.X"
"X..O.OX.X","..XO.OX.X","O","7","-1","X..O.OXOX"
"X..O.OXOX","..XO.OXOX","X","4","1","X..OXOXOX"
"X..O.OXOX","..XO.OXOX","X","2","-1","X.XO.OXOX"
"X..O.OXOX","..XO.OXOX","X","1","-1","XX.O.OXOX"
"X..O.OXX.","..XO.O.XX","O","4","1","X..OOOXX."
"X..O.OXX.","..XO.O.XX","O","2","-1","X.OO.OXX."
"X..O.OXX.","..XO.O.XX","O","8","1","X..O.OXXO"
"X..O.OXX.","..XO.O.XX","O","1","-1","XO.O.OXX."
"X..O.OXXO","..XO.OOXX","X","4","-1","X..OXOXXO"
"X..O.OXXO","..XO.OOXX","X","2","-1","X.XO.OXXO"
"X..O.OXXO","..XO.OOXX","X","1","-1","XX.O.OXXO"
"X..O.X...","...O.XX..","O","4","-1","X..OOX..."
"X..O.X...","...O.XX..","O","2","0","X.OO.X..."
"X..O.X...","...O.XX..","O","6","-1","X..O.XO.."
"X..O.X...","...O.XX..","O","8","0","X..O.X..O"
"X..O.X...","...O.XX..","O","1","-1","XO.O.X..."
"X..O.X...","...O.XX..","O","7","-1","X..O.X.O."
"X..O.X..O","..OO.XX..","X","4","0","X..OXX..O"
"X..O.X..O","..OO.XX..","X","2","0","X.XO.X..O"
"X..O.X..O","..OO.XX..","X","6","0","X..O.XX.O"
"X..O.X..O","..OO.XX..","X","1","0","XX.O.X..O"
"X..O.X..O","..OO.XX..","X","7","0","X..O.X.XO"
"X..O.X.O.","..XX.O.O.","X","4","0","X..OXX.O."
"X..O.X.O.","..XX.O.O.","X","2","1","X.XO.X.O."
"X..O.X.O.","..XX.O.O.","X","6","0","X..O.XXO."
"X..O.X.O.","..XX.O.O.","X","8","1","X..O.X.OX"
"X..O.X.O.","..XX.O.O.","X","1","0","XX.O.X.O."
"X..O.X.OX","..XX.OXO.","O","4","-1","X..OOX.OX"
"X..O.X.OX","..XX.OXO.","O","2","-1","X.OO.X.OX"
"X..O.X.OX","..XX.OXO.","O","6","-1","X..O.XOOX"
"X..O.X.OX","..XX.OXO.","O","1","-1","XO.O.X.OX"
"X..O.X.XO","..XX.OOX.","O","4","0","X..OOX.XO"
"X..O.X.XO","..XX.OOX.","O","2","0","X.OO.X.XO"
"X..O.X.XO","..XX.OOX.","O","6","-1","X..O.XOXO"
"X..O.X.XO","..XX.OOX.","O","1","0","XO.O.X.XO"
"X..O.XO..","..OX.O..X","X","4","0","X..OXXO.."
"X..O.XO..","..OX.O..X","X","2","1","X.XO.XO.."
"X..O.XO..","..OX.O..X","X","8","1","X..O.XO.X"
"X..O.XO..","..OX.O..X","X","1","1","XX.O.XO.."
"X..O.XO..","..OX.O..X","X","7","1","X..O.XOX."
"X..O.XO.X","..XX.OX.O","O","4","-1","X..OOXO.X"
"X..O.XO.X","..XX.OX.O","O","2","-1","X.OO.XO.X"
"X..O.XO.X","..XX.OX.O","O","1","-1","XO.O.XO.X"
"X..O.XO.X","..XX.OX.O","O","7","-1","X..O.XOOX"
"X..O.XOOX","..XX.OXOO","X","4","1","X..OXXOOX"
"X..O.XOOX","..XX.OXOO","X","2","1","X.XO.XOOX"
"X..O.XOOX","..XX.OXOO","X","1","1","XX.O.XOOX"
"X..O.XOX.","..XX.O.XO","O","4","-1","X..OOXOX."
"X..O.XOX.","..XX.O.XO","O","2","-1","X.OO.XOX."
"X..O.XOX.","..XX.O.XO","O","8","-1","X..O.XOXO"
"X..O.XOX.","..XX.O.XO","O","1","-1","XO.O.XOX."
"X..O.XOXO","..XX.OOXO","X","4","0","X..OXXOXO"
"X..O.XOXO","..XX.OOXO","X","2","0","X.XO.XOXO"
"X..O.XOXO","..XX.OOXO","X","1","1","XX.O.XOXO"
"X..O.XX.O","..XX.OO.X","O","4","0","X..OOXX.O"
"X..O.XX.O","..XX.OO.X","O","2","0","X.OO.XX.O"
"X..O.XX.O","..XX.OO.X","O","1","0","XO.O.XX.O"
"X..O.XX.O","..XX.OO.X","O","7","-1","X..O.XXOO"
"X..O.XXO.","..XX.O.OX","O","4","0","X..OOXXO."
"X..O.XXO.","..XX.O.OX","O","2","0","X.OO.XXO."
"X..O.XXO.","..XX.O.OX","O","8","-1","X..O.XXOO"
"X..O.XXO.","..XX.O.OX","O","1","-1","XO.O.XXO."
"X..O.XXOO","..XX.OOOX","X","4","0","X..OXXXOO"
"X..O.XXOO","..XX.OOOX","X","2","1","X.XO.XXOO"
"X..O.XXOO","..XX.OOOX","X","1","0","XX.O.XXOO"
"X..OO...X","..X.O.XO.","X","2","-1","X.XOO...X"
"X..OO...X","..X.O.XO.","X","6","-1","X..OO.X.X"
"X..OO...X","..X.O.XO.","X","1","-1","XX.OO...X"
"X..OO...X","..X.O.XO.","X","5","0","X..OOX..X"
"X..OO...X","..X.O.XO.","X","7","-1","X..OO..XX"
"X..OO..X.","....OXXO.","X","2","-1","X.XOO..X."
"X..OO..X.","....OXXO.","X","6","-1","X..OO.XX."
"X..OO..X.","....OXXO.","X","8","-1","X..OO..XX"
"X..OO..X.","....OXXO.","X","1","-1","XX.OO..X."
"X..OO..X.","....OXXO.","X","5","0","X..OOX.X."
"X..OO..XX","..X.OOXX.","O","2","-1","X.OOO..XX"
"X..OO..XX","..X.OOXX.","O","6","1","X..OO.OXX"
"X..OO..XX","..X.OOXX.","O","1","-1","XO.OO..XX"
"X..OO..XX","..X.OOXX.","O","5","1","X..OOO.XX"
"X..OO.OXX","..X.OOXXO","X","2","-1","X.XOO.OXX"
"X..OO.OXX","..X.OOXXO","X","1","-1","XX.OO.OXX"
"X..OO.OXX","..X.OOXXO","X","5","-1","X..OOXOXX"
"X..OO.X..","....O.XOX","X","2","-1","X.XOO.X.."
"X..OO.X..","....O.XOX","X","8","-1","X..OO.X.X"
"X..OO.X..","....O.XOX","X","1","-1","XX.OO.X.."
"X..OO.X..","....O.XOX","X","5","0","X..OOXX.."
"X..OO.X..","....O.XOX","X","7","-1","X..OO.XX."
"X..OO.X.X","..X.O.XOX","O","2","-1","X.OOO.X.X"
"X..OO.X.X","..X.O.XOX","O","1","-1","XO.OO.X.X"
"X..OO.X.X","..X.O.XOX","O","5","1","X..OOOX.X"
"X..OO.X.X","..X.O.XOX","O","7","1","X..OO.XOX"
"X..OO.XOX","..X.OOXOX","X","2","-1","X.XOO.XOX"
"X..OO.XOX","..X.OOXOX","X","1","-1","XX.OO.XOX"
"X..OO.XOX","..X.OOXOX","X","5","-1","X..OOXXOX"
"X..OO.XX.","....OXXOX","O","2","-1","X.OOO.XX."
"X..OO.XX.","....OXXOX","O","8","0","X..OO.XXO"
"X..OO.XX.","....OXXOX","O","1","-1","XO.OO.XX."
"X..OO.XX.","....OXXOX","O","5","1","X..OOOXX."
"X..OO.XXO","..O.OXXOX","X","2","-1","X.XOO.XXO"
"X..OO.XXO","..O.OXXOX","X","1","-1","XX.OO.XXO"
"X..OO.XXO","..O.OXXOX","X","5","0","X..OOXXXO"
"X..OOX...","...OOXX..","X","2","1","X.XOOX..."
"X..OOX...","...OOXX..","X","6","0","X..OOXX.."
"X..OOX...","...OOXX..","X","8","0","X..OOX..X"
"X..OOX...","...OOXX..","X","1","0","XX.OOX..."
"X..OOX...","...OOXX..","X","7","0","X..OOX.X."
"X..OOX..X","..XOOXX..","O","2","0","X.OOOX..X"
"X..OOX..X","..XOOXX..","O","6","-1","X..OOXO.X"
"X..OOX..X","..XOOXX..","O","1","-1","XO.OOX..X"
"X..OOX..X","..XOOXX..","O","7","-1","X..OOX.OX"
"X..OOX.OX","..XXOOXO.","X","2","1","X.XOOX.OX"
"X..OOX.OX","..XXOOXO.","X","6","-1","X..OOXXOX"
"X..OOX.OX","..XXOOXO.","X","1","0","XX.OOX.OX"
"X..OOX.X.","..XXOO.X.","O","2","0","X.OOOX.X."
"X..OOX.X.","..XXOO.X.","O","6","-1","X..OOXOX."
"X..OOX.X.","..XXOO.X.","O","8","0","X..OOX.XO"
"X..OOX.X.","..XXOO.X.","O","1","-1","XO.OOX.X."
"X..OOX.XO","..XXOOOX.","X","2","0","X.XOOX.XO"
"X..OOX.XO","..XXOOOX.","X","6","0","X..OOXXXO"
"X..OOX.XO","..XXOOOX.","X","1","0","XX.OOX.XO"
"X..OOXO.X","..XXOOX.O","X","2","1","X.XOOXO.X"
"X..OOXO.X","..XXOOX.O","X","1","-1","XX.OOXO.X"
"X..OOXO.X","..XXOOX.O","X","7","-1","X..OOXOXX"
"X..OOXOX.","..XXOO.XO","X","2","1","X.XOOXOX."
"X..OOXOX.","..XXOO.XO","X","8","-1","X..OOXOXX"
"X..OOXOX.","..XXOO.XO","X","1","-1","XX.OOXOX."
"X..OOXOXX","..XXOOXXO","O","2","1","X.OOOXOXX"
"X..OOXOXX","..XXOOXXO","O","1","-1","XO.OOXOXX"
"X..OOXX..","..XXOO..X","O","2","0","X.OOOXX.."
"X..OOXX..","..XXOO..X","O","8","0","X..OOXX.O"
"X..OOXX..","..XXOO..X","O","1","0","XO.OOXX.."
"X..OOXX..","..XXOO..X","O","7","0","X..OOXXO."
"X..OOXX.O","..XXOOO.X","X","2","0","X.XOOXX.O"
"X..OOXX.O","..XXOOO.X","X","1","0","XX.OOXX.O"
"X..OOXX.O","..XXOOO.X","X","7","0","X..OOXXXO"
"X..OOXXO.","..XXOO.OX","X","2","-1","X.XOOXXO."
"X..OOXXO.","..XXOO.OX","X","8","-1","X..OOXXOX"
"X..OOXXO.","..XXOO.OX","X","1","0","XX.OOXXO."
"X..OOXXOX","..XXOOXOX","O","2","0","X.OOOXXOX"
"X..OOXXOX","..XXOOXOX","O","1","1","XO.OOXXOX"
"X..OOXXXO","..XXOOOXX","O","2","0","X.OOOXXXO"
"X..OOXXXO","..XXOOOXX","O","1","0","XO.OOXXXO"
"X..OX....","....X..OX","O","2","-1","X.OOX...."
"X..OX....","....X..OX","O","6","-1","X..OX.O.."
"X..OX....","....X..OX","O","8","-1","X..OX...O"
"X..OX....","....X..OX","O","1","-1","XO.OX...."
"X..OX....","....X..OX","O","5","-1","X..OXO..."
"X..OX....","....X..OX","O","7","-1","X..OX..O."
"X..OX...O","..O.X.XO.","X","2","1","X.XOX...O"
"X..OX...O","..O.X.XO.","X","6","0","X..OX.X.O"
"X..OX...O","..O.X.XO.","X","1","1","XX.OX...O"
"X..OX...O","..O.X.XO.","X","5","0","X..OXX..O"
"X..OX...O","..O.X.XO.","X","7","0","X..OX..XO"
"X..OX..O.","....XOXO.","X","2","1","X.XOX..O."
"X..OX..O.","....XOXO.","X","6","1","X..OX.XO."
"X..OX..O.","....XOXO.","X","8","1","X..OX..OX"
"X..OX..O.","....XOXO.","X","1","1","XX.OX..O."
"X..OX..O.","....XOXO.","X","5","0","X..OXX.O."
"X..OX..XO","..O.XXXO.","O","2","-1","X.OOX..XO"
"X..OX..XO","..O.XXXO.","O","6","-1","X..OX.OXO"
"X..OX..XO","..O.XXXO.","O","1","0","XO.OX..XO"
"X..OX..XO","..O.XXXO.","O","5","-1","X..OXO.XO"
"X..OX.O..","....X.OOX","X","2","1","X.XOX.O.."
"X..OX.O..","....X.OOX","X","8","1","X..OX.O.X"
"X..OX.O..","....X.OOX","X","1","1","XX.OX.O.."
"X..OX.O..","....X.OOX","X","5","0","X..OXXO.."
"X..OX.O..","....X.OOX","X","7","1","X..OX.OX."
"X..OX.OX.","....XXXOO","O","2","-1","X.OOX.OX."
"X..OX.OX.","....XXXOO","O","8","-1","X..OX.OXO"
"X..OX.OX.","....XXXOO","O","1","-1","XO.OX.OX."
"X..OX.OX.","....XXXOO","O","5","-1","X..OXOOX."
"X..OX.OXO","..O.XXXOO","X","2","0","X.XOX.OXO"
"X..OX.OXO","..O.XXXOO","X","1","1","XX.OX.OXO"
"X..OX.OXO","..O.XXXOO","X","5","0","X..OXXOXO"
"X..OX.X.O","..O.X.XOX","O","2","0","X.OOX.X.O"
"X..OX.X.O","..O.X.XOX","O","1","-1","XO.OX.X.O"
"X..OX.X.O","..O.X.XOX","O","5","-1","X..OXOX.O"
"X..OX.X.O","..O.X.XOX","O","7","-1","X..OX.XOO"
"X..OX.XO.","....XOXOX","O","2","-1","X.OOX.XO."
"X..OX.XO.","....XOXOX","O","8","-1","X..OX.XOO"
"X..OX.XO.","....XOXOX","O","1","-1","XO.OX.XO."
"X..OX.XO.","....XOXOX","O","5","-1","X..OXOXO."
"X..OX.XOO","..O.XOXOX","X","2","1","X.XOX.XOO"
"X..OX.XOO","..O.XOXOX","X","1","0","XX.OX.XOO"
"X..OX.XOO","..O.XOXOX","X","5","0","X..OXXXOO"
"X..OXO...","...OXO..X","X","2","1","X.XOXO..."
"X..OXO...","...OXO..X","X","6","1","X..OXOX.."
"X..OXO...","...OXO..X","X","8","1","X..OXO..X"
"X..OXO...","...OXO..X","X","1","1","XX.OXO..."
"X..OXO...","...OXO..X","X","7","1","X..OXO.X."
"X..OXO.X.","..XOXO.X.","O","2","-1","X.OOXO.X."
"X..OXO.X.","..XOXO.X.","O","6","-1","X..OXOOX."
"X..OXO.X.","..XOXO.X.","O","8","-1","X..OXO.XO"
"X..OXO.X.","..XOXO.X.","O","1","-1","XO.OXO.X."
"X..OXO.XO","..XOXOOX.","X","2","1","X.XOXO.XO"
"X..OXO.XO","..XOXOOX.","X","6","-1","X..OXOXXO"
"X..OXO.XO","..XOXOOX.","X","1","1","XX.OXO.XO"
"X..OXOOX.","..XOXO.XO","X","2","1","X.XOXOOX."
"X..OXOOX.","..XOXO.XO","X","8","1","X..OXOOXX"
"X..OXOOX.","..XOXO.XO","X","1","1","XX.OXOOX."
"X..OXOX..","..XOXO..X","O","2","-1","X.OOXOX.."
"X..OXOX..","..XOXO..X","O","8","-1","X..OXOX.O"
"X..OXOX..","..XOXO..X","O","1","-1","XO.OXOX.."
"X..OXOX..","..XOXO..X","O","7","-1","X..OXOXO."
"X..OXOX.O","..XOXOO.X","X","2","1","X.XOXOX.O"
"X..OXOX.O","..XOXOO.X","X","1","-1","XX.OXOX.O"
"X..OXOX.O","..XOXOO.X","X","7","-1","X..OXOXXO"
"X..OXOXO.","..XOXO.OX","X","2","1","X.XOXOXO."
"X..OXOXO.","..XOXO.OX","X","8","1","X..OXOXOX"
"X..OXOXO.","..XOXO.OX","X","1","1","XX.OXOXO."
"X..OXOXXO","..XOXOOXX","O","2","1","X.OOXOXXO"
"X..OXOXXO","..XOXOOXX","O","1","-1","XO.OXOXXO"
"X..OXX..O","..OOXXX..","O","2","0","X.OOXX..O"
"X..OXX..O","..OOXXX..","O","6","0","X..OXXO.O"
"X..OXX..O","..OOXXX..","O","1","0","XO.OXX..O"
"X..OXX..O","..OOXXX..","O","7","0","X..OXX.OO"
"X..OXX.O.","..XXXO.O.","O","2","-1","X.OOXX.O."
"X..OXX.O.","..XXXO.O.","O","6","-1","X..OXXOO."
"X..OXX.O.","..XXXO.O.","O","8","0","X..OXX.OO"
"X..OXX.O.","..XXXO.O.","O","1","-1","XO.OXX.O."
"X..OXX.OO","..XXXOOO.","X","2","-1","X.XOXX.OO"
"X..OXX.OO","..XXXOOO.","X","6","0","X..OXXXOO"
"X..OXX.OO","..XXXOOO.","X","1","-1","XX.OXX.OO"
"X..OXXO..","..OXXO..X","O","2","-1","X.OOXXO.."
"X..OXXO..","..OXXO..X","O","8","0","X..OXXO.O"
"X..OXXO..","..OXXO..X","O","1","-1","XO.OXXO.."
"X..OXXO..","..OXXO..X","O","7","-1","X..OXXOO."
"X..OXXO.O","..XXXOO.O","X","2","-1","X.XOXXO.O"
"X..OXXO.O","..XXXOO.O","X","1","-1","XX.OXXO.O"
"X..OXXO.O","..XXXOO.O","X","7","0","X..OXXOXO"
"X..OXXOO.","..XXXO.OO","X","2","-1","X.XOXXOO."
"X..OXXOO.","..XXXO.OO","X","8","1","X..OXXOOX"
"X..OXXOO.","..XXXO.OO","X","1","-1","XX.OXXOO."
"X..OXXOXO","..XXXOOXO","O","2","-1","X.OOXXOXO"
"X..OXXOXO","..XXXOOXO","O","1","0","XO.OXXOXO"
"X..OXXXOO","..XXXOOOX","O","2","0","X.OOXXXOO"
"X..OXXXOO","..XXXOOOX","O","1","-1","XO.OXXXOO"
"X..X....O","..O...XX.","O","4","-1","X..XO...O"
"X..X....O","..O...XX.","O","2","-1","X.OX....O"
"X..X....O","..O...XX.","O","6","1","X..X..O.O"
"X..X....O","..O...XX.","O","1","-1","XO.X....O"
"X..X....O","..O...XX.","O","5","-1","X..X.O..O"
"X..X....O","..O...XX.","O","7","-1","X..X...OO"
"X..X...O.",".....OXX.","O","4","-1","X..XO..O."
"X..X...O.",".....OXX.","O","2","-1","X.OX...O."
"X..X...O.",".....OXX.","O","6","1","X..X..OO."
"X..X...O.",".....OXX.","O","8","-1","X..X...OO"
"X..X...O.",".....OXX.","O","1","-1","XO.X...O."
"X..X...O.",".....OXX.","O","5","-1","X..X.O.O."
"X..X...OO","..O..OXX.","X","4","-1","X..XX..OO"
"X..X...OO","..O..OXX.","X","2","-1","X.XX...OO"
"X..X...OO","..O..OXX.","X","6","1","X..X..XOO"
"X..X...OO","..O..OXX.","X","1","-1","XX.X...OO"
"X..X...OO","..O..OXX.","X","5","-1","X..X.X.OO"
"X..X..O..","......OXX","O","4","0","X..XO.O.."
"X..X..O..","......OXX","O","2","-1","X.OX..O.."
"X..X..O..","......OXX","O","8","1","X..X..O.O"
"X..X..O..","......OXX","O","1","-1","XO.X..O.."
"X..X..O..","......OXX","O","5","0","X..X.OO.."
"X..X..O..","......OXX","O","7","1","X..X..OO."
"X..X..O.O","..O...XXO","X","4","-1","X..XX.O.O"
"X..X..O.O","..O...XXO","X","2","-1","X.XX..O.O"
"X..X..O.O","..O...XXO","X","1","-1","XX.X..O.O"
"X..X..O.O","..O...XXO","X","5","-1","X..X.XO.O"
"X..X..O.O","..O...XXO","X","7","-1","X..X..OXO"
"X..X..OO.",".....OXXO","X","4","-1","X..XX.OO."
"X..X..OO.",".....OXXO","X","2","-1","X.XX..OO."
"X..X..OO.",".....OXXO","X","8","-1","X..X..OOX"
"X..X..OO.",".....OXXO","X","1","-1","XX.X..OO."
"X..X..OO.",".....OXXO","X","5","-1","X..X.XOO."
"X..X..OOX","..X..OXXO","O","4","1","X..XO.OOX"
"X..X..OOX","..X..OXXO","O","2","-1","X.OX..OOX"
"X..X..OOX","..X..OXXO","O","1","-1","XO.X..OOX"
"X..X..OOX","..X..OXXO","O","5","-1","X..X.OOOX"
"X..X..OXO","..O..XXXO","O","4","0","X..XO.OXO"
"X..X..OXO","..O..XXXO","O","2","1","X.OX..OXO"
"X..X..OXO","..O..XXXO","O","1","0","XO.X..OXO"
"X..X..OXO","..O..XXXO","O","5","0","X..X.OOXO"
"X..X.O...","...O.X..X","O","4","-1","X..XOO..."
"X..X.O...","...O.X..X","O","2","-1","X.OX.O..."
"X..X.O...","...O.X..X","O","6","0","X..X.OO.."
"X..X.O...","...O.X..X","O","8","-1","X..X.O..O"
"X..X.O...","...O.X..X","O","1","-1","XO.X.O..."
"X..X.O...","...O.X..X","O","7","-1","X..X.O.O."
"X..X.O..O","..OX.OX..","X","4","-1","X..XXO..O"
"X..X.O..O","..OX.OX..","X","2","1","X.XX.O..O"
"X..X.O..O","..OX.OX..","X","6","1","X..X.OX.O"
"X..X.O..O","..OX.OX..","X","1","-1","XX.X.O..O"
"X..X.O..O","..OX.OX..","X","7","-1","X..X.O.XO"
"X..X.O.O.","..XO.X.O.","X","4","1","X..XXO.O."
"X..X.O.O.","..XO.X.O.","X","2","1","X.XX.O.O."
"X..X.O.O.","..XO.X.O.","X","6","1","X..X.OXO."
"X..X.O.O.","..XO.X.O.","X","8","1","X..X.O.OX"
"X..X.O.O.","..XO.X.O.","X","1","1","XX.X.O.O."
"X..X.O.OX","..XO.XXO.","O","4","-1","X..XOO.OX"
"X..X.O.OX","..XO.XXO.","O","2","-1","X.OX.O.OX"
"X..X.O.OX","..XO.XXO.","O","6","-1","X..X.OOOX"
"X..X.O.OX","..XO.XXO.","O","1","-1","XO.X.O.OX"
"X..X.O.XO","..XO.XOX.","O","4","-1","X..XOO.XO"
"X..X.O.XO","..XO.XOX.","O","2","1","X.OX.O.XO"
"X..X.O.XO","..XO.XOX.","O","6","0","X..X.OOXO"
"X..X.O.XO","..XO.XOX.","O","1","-1","XO.X.O.XO"
"X..X.OO..","..OO.X..X","X","4","-1","X..XXOO.."
"X..X.OO..","..OO.X..X","X","2","0","X.XX.OO.."
"X..X.OO..","..OO.X..X","X","8","0","X..X.OO.X"
"X..X.OO..","..OO.X..X","X","1","-1","XX.X.OO.."
"X..X.OO..","..OO.X..X","X","7","-1","X..X.OOX."
"X..X.OO.X","..XO.XX.O","O","4","0","X..XOOO.X"
"X..X.OO.X","..XO.XX.O","O","2","-1","X.OX.OO.X"
"X..X.OO.X","..XO.XX.O","O","1","-1","XO.X.OO.X"
"X..X.OO.X","..XO.XX.O","O","7","-1","X..X.OOOX"
"X..X.OOOX","..XO.XXOO","X","4","1","X..XXOOOX"
"X..X.OOOX","..XO.XXOO","X","2","1","X.XX.OOOX"
"X..X.OOOX","..XO.XXOO","X","1","1","XX.X.OOOX"
"X..X.OOX.","..XO.X.XO","O","4","0","X..XOOOX."
"X..X.OOX.","..XO.X.XO","O","2","1","X.OX.OOX."
"X..X.OOX.","..XO.X.XO","O","8","0","X..X.OOXO"
"X..X.OOX.","..XO.X.XO","O","1","0","XO.X.OOX."
"X..X.OOXO","..XO.XOXO","X","4","-1","X..XXOOXO"
"X..X.OOXO","..XO.XOXO","X","2","0","X.XX.OOXO"
"X..X.OOXO","..XO.XOXO","X","1","-1","XX.X.OOXO"
"X..X.X.OO","..XX.XOO.","O","4","-1","X..XOX.OO"
"X..X.X.OO","..XX.XOO.","O","2","-1","X.OX.X.OO"
"X..X.X.OO","..XX.XOO.","O","6","1","X..X.XOOO"
"X..X.X.OO","..XX.XOO.","O","1","-1","XO.X.X.OO"
"X..X.XO.O","..XX.XO.O","O","4","1","X..XOXO.O"
"X..X.XO.O","..XX.XO.O","O","2","-1","X.OX.XO.O"
"X..X.XO.O","..XX.XO.O","O","1","-1","XO.X.XO.O"
"X..X.XO.O","..XX.XO.O","O","7","1","X..X.XOOO"
"X..X.XOO.","..XX.X.OO","O","4","1","X..XOXOO."
"X..X.XOO.","..XX.X.OO","O","2","-1","X.OX.XOO."
"X..X.XOO.","..XX.X.OO","O","8","1","X..X.XOOO"
"X..X.XOO.","..XX.X.OO","O","1","-1","XO.X.XOO."
"X..XO....","....O..XX","O","2","-1","X.OXO...."
"X..XO....","....O..XX","O","6","0","X..XO.O.."
"X..XO....","....O..XX","O","8","-1","X..XO...O"
"X..XO....","....O..XX","O","1","-1","XO.XO...."
"X..XO....","....O..XX","O","5","-1","X..XOO..."
"X..XO....","....O..XX","O","7","-1","X..XO..O."
"X..XO...O","..O.O.XX.","X","2","1","X.XXO...O"
"X..XO...O","..O.O.XX.","X","6","1","X..XO.X.O"
"X..XO...O","..O.O.XX.","X","1","1","XX.XO...O"
"X..XO...O","..O.O.XX.","X","5","-1","X..XOX..O"
"X..XO...O","..O.O.XX.","X","7","0","X..XO..XO"
"X..XO..O.","....OOXX.","X","2","-1","X.XXO..O."
"X..XO..O.","....OOXX.","X","6","1","X..XO.XO."
"X..XO..O.","....OOXX.","X","8","-1","X..XO..OX"
"X..XO..O.","....OOXX.","X","1","1","XX.XO..O."
"X..XO..O.","....OOXX.","X","5","-1","X..XOX.O."
"X..XO..OX","..X.OOXX.","O","2","-1","X.OXO..OX"
"X..XO..OX","..X.OOXX.","O","6","1","X..XO.OOX"
"X..XO..OX","..X.OOXX.","O","1","1","XO.XO..OX"
"X..XO..OX","..X.OOXX.","O","5","-1","X..XOO.OX"
"X..XO..XO","..O.OXXX.","O","2","-1","X.OXO..XO"
"X..XO..XO","..O.OXXX.","O","6","0","X..XO.OXO"
"X..XO..XO","..O.OXXX.","O","1","-1","XO.XO..XO"
"X..XO..XO","..O.OXXX.","O","5","-1","X..XOO.XO"
"X..XO.O..","....O.OXX","X","2","0","X.XXO.O.."
"X..XO.O..","....O.OXX","X","8","-1","X..XO.O.X"
"X..XO.O..","....O.OXX","X","1","-1","XX.XO.O.."
"X..XO.O..","....O.OXX","X","5","-1","X..XOXO.."
"X..XO.O..","....O.OXX","X","7","-1","X..XO.OX."
"X..XO.O.X","..X.O.XXO","O","2","1","X.OXO.O.X"
"X..XO.O.X","..X.O.XXO","O","1","1","XO.XO.O.X"
"X..XO.O.X","..X.O.XXO","O","5","0","X..XOOO.X"
"X..XO.O.X","..X.O.XXO","O","7","1","X..XO.OOX"
"X..XO.OOX","..X.OOXXO","X","2","-1","X.XXO.OOX"
"X..XO.OOX","..X.OOXXO","X","1","-1","XX.XO.OOX"
"X..XO.OOX","..X.OOXXO","X","5","-1","X..XOXOOX"
"X..XO.OX.","....OXXXO","O","2","1","X.OXO.OX."
"X..XO.OX.","....OXXXO","O","8","0","X..XO.OXO"
"X..XO.OX.","....OXXXO","O","1","0","XO.XO.OX."
"X..XO.OX.","....OXXXO","O","5","0","X..XOOOX."
"X..XO.OXO","..O.OXXXO","X","2","0","X.XXO.OXO"
"X..XO.OXO","..O.OXXXO","X","1","-1","XX.XO.OXO"
"X..XO.OXO","..O.OXXXO","X","5","-1","X..XOXOXO"
"X..XOO...","...OOX..X","X","2","1","X.XXOO..."
"X..XOO...","...OOX..X","X","6","1","X..XOOX.."
"X..XOO...","...OOX..X","X","8","0","X..XOO..X"
"X..XOO...","...OOX..X","X","1","1","XX.XOO..."
"X..XOO...","...OOX..X","X","7","0","X..XOO.X."
"X..XOO..X","..XOOXX..","O","2","-1","X.OXOO..X"
"X..XOO..X","..XOOXX..","O","6","0","X..XOOO.X"
"X..XOO..X","..XOOXX..","O","1","-1","XO.XOO..X"
"X..XOO..X","..XOOXX..","O","7","-1","X..XOO.OX"
"X..XOO.OX","..XOOXXO.","X","2","-1","X.XXOO.OX"
"X..XOO.OX","..XOOXXO.","X","6","1","X..XOOXOX"
"X..XOO.OX","..XOOXXO.","X","1","1","XX.XOO.OX"
"X..XOO.X.","..XOOX.X.","O","2","-1","X.OXOO.X."
"X..XOO.X.","..XOOX.X.","O","6","0","X..XOOOX."
"X..XOO.X.","..XOOX.X.","O","8","-1","X..XOO.XO"
"X..XOO.X.","..XOOX.X.","O","1","-1","XO.XOO.X."
"X..XOO.XO","..XOOXOX.","X","2","1","X.XXOO.XO"
"X..XOO.XO","..XOOXOX.","X","6","1","X..XOOXXO"
"X..XOO.XO","..XOOXOX.","X","1","-1","XX.XOO.XO"
"X..XOOO.X","..XOOXX.O","X","2","0","X.XXOOO.X"
"X..XOOO.X","..XOOXX.O","X","1","-1","XX.XOOO.X"
"X..XOOO.X","..XOOXX.O","X","7","-1","X..XOOOXX"
"X..XOOOX.","..XOOX.XO","X","2","0","X.XXOOOX."
"X..XOOOX.","..XOOX.XO","X","8","-1","X..XOOOXX"
"X..XOOOX.","..XOOX.XO","X","1","-1","XX.XOOOX."
"X..XOOOXX","..XOOXXXO","O","2","1","X.OXOOOXX"
"X..XOOOXX","..XOOXXXO","O","1","0","XO.XOOOXX"
"X..XOX..O","..OXOXX..","O","2","-1","X.OXOX..O"
"X..XOX..O","..OXOXX..","O","6","1","X..XOXO.O"
"X..XOX..O","..OXOXX..","O","1","-1","XO.XOX..O"
"X..XOX..O","..OXOXX..","O","7","-1","X..XOX.OO"
"X..XOX.O.","..XXOX.O.","O","2","-1","X.OXOX.O."
"X..XOX.O.","..XXOX.O.","O","6","1","X..XOXOO."
"X..XOX.O.","..XXOX.O.","O","8","-1","X..XOX.OO"
"X..XOX.O.","..XXOX.O.","O","1","1","XO.XOX.O."
"X..XOX.OO","..XXOXOO.","X","2","-1","X.XXOX.OO"
"X..XOX.OO","..XXOXOO.","X","6","1","X..XOXXOO"
"X..XOX.OO","..XXOXOO.","X","1","-1","XX.XOX.OO"
"X..XOXO..","..OXOX..X","O","2","1","X.OXOXO.."
"X..XOXO..","..OXOX..X","O","8","1","X..XOXO.O"
"X..XOXO..","..OXOX..X","O","1","1","XO.XOXO.."
"X..XOXO..","..OXOX..X","O","7","1","X..XOXOO."
"X..XOXO.O","..XXOXO.O","X","2","-1","X.XXOXO.O"
"X..XOXO.O","..XXOXO.O","X","1","-1","XX.XOXO.O"
"X..XOXO.O","..XXOXO.O","X","7","-1","X..XOXOXO"
"X..XOXOO.","..XXOX.OO","X","2","-1","X.XXOXOO."
"X..XOXOO.","..XXOX.OO","X","8","-1","X..XOXOOX"
"X..XOXOO.","..XXOX.OO","X","1","-1","XX.XOXOO."
"X..XOXOOX","..XXOXXOO","O","2","1","X.OXOXOOX"
"X..XOXOOX","..XXOXXOO","O","1","1","XO.XOXOOX"
"X..XOXOXO","..XXOXOXO","O","2","1","X.OXOXOXO"
"X..XOXOXO","..XXOXOXO","O","1","0","XO.XOXOXO"
"X..XX..OO","..O.XOXX.","O","2","-1","X.OXX..OO"
"X..XX..OO","..O.XOXX.","O","6","1","X..XX.OOO"
"X..XX..OO","..O.XOXX.","O","1","-1","XO.XX..OO"
"X..XX..OO","..O.XOXX.","O","5","-1","X..XXO.OO"
"X..XX.O.O","..O.X.XXO","O","2","-1","X.OXX.O.O"
"X..XX.O.O","..O.X.XXO","O","1","-1","XO.XX.O.O"
"X..XX.O.O","..O.X.XXO","O","5","1","X..XXOO.O"
"X..XX.O.O","..O.X.XXO","O","7","1","X..XX.OOO"
"X..XX.OO.","....XOXXO","O","2","-1","X.OXX.OO."
"X..XX.OO.","....XOXXO","O","8","1","X..XX.OOO"
"X..XX.OO.","....XOXXO","O","1","-1","XO.XX.OO."
"X..XX.OO.","....XOXXO","O","5","-1","X..XXOOO."
"X..XXO..O","..OXXOX..","O","2","1","X.OXXO..O"
"X..XXO..O","..OXXOX..","O","6","1","X..XXOO.O"
"X..XXO..O","..OXXOX..","O","1","-1","XO.XXO..O"
"X..XXO..O","..OXXOX..","O","7","-1","X..XXO.OO"
"X..XXO.O.","..XOXX.O.","O","2","-1","X.OXXO.O."
"X..XXO.O.","..XOXX.O.","O","6","-1","X..XXOOO."
"X..XXO.O.","..XOXX.O.","O","8","-1","X..XXO.OO"
"X..XXO.O.","..XOXX.O.","O","1","-1","XO.XXO.O."
"X..XXO.OO","..XOXXOO.","X","2","-1","X.XXXO.OO"
"X..XXO.OO","..XOXXOO.","X","6","1","X..XXOXOO"
"X..XXO.OO","..XOXXOO.","X","1","-1","XX.XXO.OO"
"X..XXOO..","..OOXX..X","O","2","-1","X.OXXOO.."
"X..XXOO..","..OOXX..X","O","8","1","X..XXOO.O"
"X..XXOO..","..OOXX..X","O","1","-1","XO.XXOO.."
"X..XXOO..","..OOXX..X","O","7","-1","X..XXOOO."
"X..XXOO.O","..XOXXO.O","X","2","-1","X.XXXOO.O"
"X..XXOO.O","..XOXXO.O","X","1","-1","XX.XXOO.O"
"X..XXOO.O","..XOXXO.O","X","7","-1","X..XXOOXO"
"X..XXOOO.","..XOXX.OO","X","2","-1","X.XXXOOO."
"X..XXOOO.","..XOXX.OO","X","8","1","X..XXOOOX"
"X..XXOOO.","..XOXX.OO","X","1","-1","XX.XXOOO."
"X..XXOOXO","..XOXXOXO","O","2","1","X.OXXOOXO"
"X..XXOOXO","..XOXXOXO","O","1","0","XO.XXOOXO"
"X.O......","......O.X","X","4","0","X.O.X...."
"X.O......","......O.X","X","6","1","X.O...X.."
"X.O......","......O.X","X","8","1","X.O.....X"
"X.O......","......O.X","X","1","-1","XXO......"
"X.O......","......O.X","X","3","1","X.OX....."
"X.O......","......O.X","X","5","0","X.O..X..."
"X.O......","......O.X","X","7","0","X.O....X."
"X.O.....X","..X...X.O","O","4","-1","X.O.O...X"
"X.O.....X","..X...X.O","O","6","-1","X.O...O.X"
"X.O.....X","..X...X.O","O","1","-1","XOO.....X"
"X.O.....X","..X...X.O","O","3","-1","X.OO....X"
"X.O.....X","..X...X.O","O","5","-1","X.O..O..X"
"X.O.....X","..X...X.O","O","7","-1","X.O....OX"
"X.O....OX","..XO..X.O","X","4","1","X.O.X..OX"
"X.O....OX","..XO..X.O","X","6","1","X.O...XOX"
"X.O....OX","..XO..X.O","X","1","0","XXO....OX"
"X.O....OX","..XO..X.O","X","3","1","X.OX...OX"
"X.O....OX","..XO..X.O","X","5","-1","X.O..X.OX"
"X.O....X.","..OX....X","O","4","-1","X.O.O..X."
"X.O....X.","..OX....X","O","6","-1","X.O...OX."
"X.O....X.","..OX....X","O","8","0","X.O....XO"
"X.O....X.","..OX....X","O","1","-1","XOO....X."
"X.O....X.","..OX....X","O","3","-1","X.OO...X."
"X.O....X.","..OX....X","O","5","-1","X.O..O.X."
"X.O....XO","..XX..O.O","X","4","-1","X.O.X..XO"
"X.O....XO","..XX..O.O","X","6","-1","X.O...XXO"
"X.O....XO","..XX..O.O","X","1","-1","XXO....XO"
"X.O....XO","..XX..O.O","X","3","-1","X.OX...XO"
"X.O....XO","..XX..O.O","X","5","0","X.O..X.XO"
"X.O...O.X","O.X...X.O","X","4","1","X.O.X.O.X"
"X.O...O.X","O.X...X.O","X","1","-1","XXO...O.X"
"X.O...O.X","O.X...X.O","X","3","-1","X.OX..O.X"
"X.O...O.X","O.X...X.O","X","5","-1","X.O..XO.X"
"X.O...O.X","O.X...X.O","X","7","-1","X.O...OXX"
"X.O...OX.","..OX..O.X","X","4","1","X.O.X.OX."
"X.O...OX.","..OX..O.X","X","8","-1","X.O...OXX"
"X.O...OX.","..OX..O.X","X","1","-1","XXO...OX."
"X.O...OX.","..OX..O.X","X","3","-1","X.OX..OX."
"X.O...OX.","..OX..O.X","X","5","-1","X.O..XOX."
"X.O...OXX","O.X...XXO","O","4","1","X.O.O.OXX"
"X.O...OXX","O.X...XXO","O","1","-1","XOO...OXX"
"X.O...OXX","O.X...XXO","O","3","-1","X.OO..OXX"
"X.O...OXX","O.X...XXO","O","5","-1","X.O..OOXX"
"X.O...X..","..O...X.X","O","4","-1","X.O.O.X.."
"X.O...X..","..O...X.X","O","8","-1","X.O...X.O"
"X.O...X..","..O...X.X","O","1","-1","XOO...X.."
"X.O...X..","..O...X.X","O","3","-1","X.OO..X.."
"X.O...X..","..O...X.X","O","5","-1","X.O..OX.."
"X.O...X..","..O...X.X","O","7","-1","X.O...XO."
"X.O...X.O","O.O...X.X","X","4","-1","X.O.X.X.O"
"X.O...X.O","O.O...X.X","X","1","-1","XXO...X.O"
"X.O...X.O","O.O...X.X","X","3","1","X.OX..X.O"
"X.O...X.O","O.O...X.X","X","5","0","X.O..XX.O"
"X.O...X.O","O.O...X.X","X","7","-1","X.O...XXO"
"X.O...XO.","..OO..X.X","X","4","1","X.O.X.XO."
"X.O...XO.","..OO..X.X","X","8","1","X.O...XOX"
"X.O...XO.","..OO..X.X","X","1","0","XXO...XO."
"X.O...XO.","..OO..X.X","X","3","1","X.OX..XO."
"X.O...XO.","..OO..X.X","X","5","0","X.O..XXO."
"X.O...XOX","O.X...XOX","O","4","-1","X.O.O.XOX"
"X.O...XOX","O.X...XOX","O","1","-1","XOO...XOX"
"X.O...XOX","O.X...XOX","O","3","-1","X.OO..XOX"
"X.O...XOX","O.X...XOX","O","5","-1","X.O..OXOX"
"X.O...XXO","O.O..XX.X","O","4","-1","X.O.O.XXO"
"X.O...XXO","O.O..XX.X","O","1","-1","XOO...XXO"
"X.O...XXO","O.O..XX.X","O","3","0","X.OO..XXO"
"X.O...XXO","O.O..XX.X","O","5","1","X.O..OXXO"
"X.O..O..X","..X...XOO","X","4","1","X.O.XO..X"
"X.O..O..X","..X...XOO","X","6","1","X.O..OX.X"
"X.O..O..X","..X...XOO","X","1","-1","XXO..O..X"
"X.O..O..X","..X...XOO","X","3","1","X.OX.O..X"
"X.O..O..X","..X...XOO","X","7","1","X.O..O.XX"
"X.O..O.X.","..XX...OO","X","4","-1","X.O.XO.X."
"X.O..O.X.","..XX...OO","X","6","-1","X.O..OXX."
"X.O..O.X.","..XX...OO","X","8","1","X.O..O.XX"
"X.O..O.X.","..XX...OO","X","1","-1","XXO..O.X."
"X.O..O.X.","..XX...OO","X","3","-1","X.OX.O.X."
"X.O..O.XX","..XX..XOO","O","4","-1","X.O.OO.XX"
"X.O..O.XX","..XX..XOO","O","6","-1","X.O..OOXX"
"X.O..O.XX","..XX..XOO","O","1","-1","XOO..O.XX"
"X.O..O.XX","..XX..XOO","O","3","-1","X.OO.O.XX"
"X.O..OOXX","O.XO..XXO","X","4","1","X.O.XOOXX"
"X.O..OOXX","O.XO..XXO","X","1","-1","XXO..OOXX"
"X.O..OOXX","O.XO..XXO","X","3","-1","X.OX.OOXX"
"X.O..OX..","..XO..O.X","X","4","-1","X.O.XOX.."
"X.O..OX..","..XO..O.X","X","8","1","X.O..OX.X"
"X.O..OX..","..XO..O.X","X","1","-1","XXO..OX.."
"X.O..OX..","..XO..O.X","X","3","1","X.OX.OX.."
"X.O..OX..","..XO..O.X","X","7","-1","X.O..OXX."
"X.O..OX.X","O.XO..X.X","O","4","-1","X.O.OOX.X"
"X.O..OX.X","O.XO..X.X","O","1","-1","XOO..OX.X"
"X.O..OX.X","O.XO..X.X","O","3","-1","X.OO.OX.X"
"X.O..OX.X","O.XO..X.X","O","7","-1","X.O..OXOX"
"X.O..OXOX","O.XO..XOX","X","4","1","X.O.XOXOX"
"X.O..OXOX","O.XO..XOX","X","1","1","XXO..OXOX"
"X.O..OXOX","O.XO..XOX","X","3","1","X.OX.OXOX"
"X.O..OXX.",".OOX..X.X","O","4","-1","X.O.OOXX."
"X.O..OXX.",".OOX..X.X","O","8","1","X.O..OXXO"
"X.O..OXX.",".OOX..X.X","O","1","-1","XOO..OXX."
"X.O..OXX.",".OOX..X.X","O","3","-1","X.OO.OXX."
"X.O..X...",".....XX.O","O","4","0","X.O.OX..."
"X.O..X...",".....XX.O","O","6","-1","X.O..XO.."
"X.O..X...",".....XX.O","O","8","-1","X.O..X..O"
"X.O..X...",".....XX.O","O","1","-1","XOO..X..."
"X.O..X...",".....XX.O","O","3","0","X.OO.X..."
"X.O..X...",".....XX.O","O","7","-1","X.O..X.O."
"X.O..X..O","..O..XX.O","X","4","0","X.O.XX..O"
"X.O..X..O","..O..XX.O","X","6","0","X.O..XX.O"
"X.O..X..O","..O..XX.O","X","1","-1","XXO..X..O"
"X.O..X..O","..O..XX.O","X","3","1","X.OX.X..O"
"X.O..X..O","..O..XX.O","X","7","0","X.O..X.XO"
"X.O..X.O.","..XO...XO","X","4","1","X.O.XX.O."
"X.O..X.O.","..XO...XO","X","6","0","X.O..XXO."
"X.O..X.O.","..XO...XO","X","8","-1","X.O..X.OX"
"X.O..X.O.","..XO...XO","X","1","-1","XXO..X.O."
"X.O..X.O.","..XO...XO","X","3","1","X.OX.X.O."
"X.O..X.OX","..XO..XXO","O","4","1","X.O.OX.OX"
"X.O..X.OX","..XO..XXO","O","6","-1","X.O..XOOX"
"X.O..X.OX","..XO..XXO","O","1","-1","XOO..X.OX"
"X.O..X.OX","..XO..XXO","O","3","-1","X.OO.X.OX"
"X.O..X.XO","..XX..OXO","O","4","0","X.O.OX.XO"
"X.O..X.XO","..XX..OXO","O","6","-1","X.O..XOXO"
"X.O..X.XO","..XX..OXO","O","1","-1","XOO..X.XO"
"X.O..X.XO","..XX..OXO","O","3","0","X.OO.X.XO"
"X.O..XO..","..OX..O.X","X","4","1","X.O.XXO.."
"X.O..XO..","..OX..O.X","X","8","-1","X.O..XO.X"
"X.O..XO..","..OX..O.X","X","1","-1","XXO..XO.."
"X.O..XO..","..OX..O.X","X","3","-1","X.OX.XO.."
"X.O..XO..","..OX..O.X","X","7","-1","X.O..XOX."
"X.O..XO.X","O.X...XXO","O","4","1","X.O.OXO.X"
"X.O..XO.X","O.X...XXO","O","1","-1","XOO..XO.X"
"X.O..XO.X","O.X...XXO","O","3","-1","X.OO.XO.X"
"X.O..XO.X","O.X...XXO","O","7","-1","X.O..XOOX"
"X.O..XOOX","O.XO..XXO","X","4","1","X.O.XXOOX"
"X.O..XOOX","O.XO..XXO","X","1","-1","XXO..XOOX"
"X.O..XOOX","O.XO..XXO","X","3","-1","X.OX.XOOX"
"X.O..XOX.",".XOX..O.X","O","4","1","X.O.OXOX."
"X.O..XOX.",".XOX..O.X","O","8","-1","X.O..XOXO"
"X.O..XOX.",".XOX..O.X","O","1","-1","XOO..XOX."
"X.O..XOX.",".XOX..O.X","O","3","-1","X.OO.XOX."
"X.O..XOXO","O.XX..OXO","X","4","1","X.O.XXOXO"
"X.O..XOXO","O.XX..OXO","X","1","-1","XXO..XOXO"
"X.O..XOXO","O.XX..OXO","X","3","-1","X.OX.XOXO"
"X.O..XX.O","O.XX..O.X","O","4","-1","X.O.OXX.O"
"X.O..XX.O","O.XX..O.X","O","1","-1","XOO..XX.O"
"X.O..XX.O","O.XX..O.X","O","3","0","X.OO.XX.O"
"X.O..XX.O","O.XX..O.X","O","7","-1","X.O..XXOO"
"X.O..XXO.",".OXX..O.X","O","4","-1","X.O.OXXO."
"X.O..XXO.",".OXX..O.X","O","8","-1","X.O..XXOO"
"X.O..XXO.",".OXX..O.X","O","1","-1","XOO..XXO."
"X.O..XXO.",".OXX..O.X","O","3","0","X.OO.XXO."
"X.O..XXOO","O.XX..OOX","X","4","0","X.O.XXXOO"
"X.O..XXOO","O.XX..OOX","X","1","0","XXO..XXOO"
"X.O..XXOO","O.XX..OOX","X","3","1","X.OX.XXOO"
"X.O.O...X","..X.O.X.O","X","6","1","X.O.O.X.X"
"X.O.O...X","..X.O.X.O","X","1","-1","XXO.O...X"
"X.O.O...X","..X.O.X.O","X","3","-1","X.OXO...X"
"X.O.O...X","..X.O.X.O","X","5","-1","X.O.OX..X"
"X.O.O...X","..X.O.X.O","X","7","-1","X.O.O..XX"
"X.O.O..X.","..OXO...X","X","6","1","X.O.O.XX."
"X.O.O..X.","..OXO...X","X","8","-1","X.O.O..XX"
"X.O.O..X.","..OXO...X","X","1","-1","XXO.O..X."
"X.O.O..X.","..OXO...X","X","3","-1","X.OXO..X."
"X.O.O..X.","..OXO...X","X","5","-1","X.O.OX.X."
"X.O.O..XX","..XXO.X.O","O","6","1","X.O.O.OXX"
"X.O.O..XX","..XXO.X.O","O","1","-1","XOO.O..XX"
"X.O.O..XX","..XXO.X.O","O","3","-1","X.OOO..XX"
"X.O.O..XX","..XXO.X.O","O","5","-1","X.O.OO.XX"
"X.O.O.X..","..O.O.X.X","X","8","1","X.O.O.X.X"
"X.O.O.X..","..O.O.X.X","X","1","0","XXO.O.X.."
"X.O.O.X..","..O.O.X.X","X","3","1","X.OXO.X.."
"X.O.O.X..","..O.O.X.X","X","5","0","X.O.OXX.."
"X.O.O.X..","..O.O.X.X","X","7","1","X.O.O.XX."
"X.O.O.X.X","O.X.O.X.X","O","1","-1","XOO.O.X.X"
"X.O.O.X.X","O.X.O.X.X","O","3","-1","X.OOO.X.X"
"X.O.O.X.X","O.X.O.X.X","O","5","-1","X.O.OOX.X"
"X.O.O.X.X","O.X.O.X.X","O","7","-1","X.O.O.XOX"
"X.O.O.XOX","O.X.O.XOX","X","1","0","XXO.O.XOX"
"X.O.O.XOX","O.X.O.XOX","X","3","1","X.OXO.XOX"
"X.O.O.XOX","O.X.O.XOX","X","5","-1","X.O.OXXOX"
"X.O.O.XX.","..OXO.X.X","O","8","-1","X.O.O.XXO"
"X.O.O.XX.","..OXO.X.X","O","1","-1","XOO.O.XX."
"X.O.O.XX.","..OXO.X.X","O","3","-1","X.OOO.XX."
"X.O.O.XX.","..OXO.X.X","O","5","-1","X.O.OOXX."
"X.O.O.XXO","O.O.OXX.X","X","1","-1","XXO.O.XXO"
"X.O.O.XXO","O.O.OXX.X","X","3","1","X.OXO.XXO"
"X.O.O.XXO","O.O.OXX.X","X","5","0","X.O.OXXXO"
"X.O.OO.XX","..XXO.XOO","X","6","1","X.O.OOXXX"
"X.O.OO.XX","..XXO.XOO","X","1","-1","XXO.OO.XX"
"X.O.OO.XX","..XXO.XOO","X","3","-1","X.OXOO.XX"
"X.O.OOX.X","O.XOO.X.X","X","1","-1","XXO.OOX.X"
"X.O.OOX.X","O.XOO.X.X","X","3","1","X.OXOOX.X"
"X.O.OOX.X","O.XOO.X.X","X","7","1","X.O.OOXXX"
"X.O.OOXX.",".OOXO.X.X","X","8","1","X.O.OOXXX"
"X.O.OOXX.",".OOXO.X.X","X","1","-1","XXO.OOXX."
"X.O.OOXX.",".OOXO.X.X","X","3","1","X.OXOOXX."
"X.O.OX...","....OXX.O","X","6","0","X.O.OXX.."
"X.O.OX...","....OXX.O","X","8","-1","X.O.OX..X"
"X.O.OX...","....OXX.O","X","1","-1","XXO.OX..."
"X.O.OX...","....OXX.O","X","3","-1","X.OXOX..."
"X.O.OX...","....OXX.O","X","7","-1","X.O.OX.X."
"X.O.OX..X","..X.O.XXO","O","6","1","X.O.OXO.X"
"X.O.OX..X","..X.O.XXO","O","1","1","XOO.OX..X"
"X.O.OX..X","..X.O.XXO","O","3","0","X.OOOX..X"
"X.O.OX..X","..X.O.XXO","O","7","1","X.O.OX.OX"
"X.O.OX.OX","..XOO.XXO","X","6","-1","X.O.OXXOX"
"X.O.OX.OX","..XOO.XXO","X","1","-1","XXO.OX.OX"
"X.O.OX.OX","..XOO.XXO","X","3","-1","X.OXOX.OX"
"X.O.OX.X.","..XXO..XO","O","6","1","X.O.OXOX."
"X.O.OX.X.","..XXO..XO","O","8","0","X.O.OX.XO"
"X.O.OX.X.","..XXO..XO","O","1","-1","XOO.OX.X."
"X.O.OX.X.","..XXO..XO","O","3","0","X.OOOX.X."
"X.O.OX.XO","..XXO.OXO","X","6","0","X.O.OXXXO"
"X.O.OX.XO","..XXO.OXO","X","1","-1","XXO.OX.XO"
"X.O.OX.XO","..XXO.OXO","X","3","-1","X.OXOX.XO"
"X.O.OXX..","..XXO.O.X","O","8","-1","X.O.OXX.O"
"X.O.OXX..","..XXO.O.X","O","1","-1","XOO.OXX.."
"X.O.OXX..","..XXO.O.X","O","3","0","X.OOOXX.."
"X.O.OXX..","..XXO.O.X","O","7","-1","X.O.OXXO."
"X.O.OXX.O","O.XXO.O.X","X","1","0","XXO.OXX.O"
"X.O.OXX.O","O.XXO.O.X","X","3","1","X.OXOXX.O"
"X.O.OXX.O","O.XXO.O.X","X","7","0","X.O.OXXXO"
"X.O.OXXO.",".OXXO.O.X","X","8","-1","X.O.OXXOX"
"X.O.OXXO.",".OXXO.O.X","X","1","0","XXO.OXXO."
"X.O.OXXO.",".OXXO.O.X","X","3","1","X.OXOXXO."
"X.O.OXXOX","O.XXO.XOX","O","1","1","XOO.OXXOX"
"X.O.OXXOX","O.XXO.XOX","O","3","0","X.OOOXXOX"
"X.O.OXXXO","O.XXO.OXX","O","1","-1","XOO.OXXXO"
"X.O.OXXXO","O.XXO.OXX","O","3","0","X.OOOXXXO"
"X.O.X....","....X.O.X","O","6","-1","X.O.X.O.."
"X.O.X....","....X.O.X","O","8","0","X.O.X...O"
"X.O.X....","....X.O.X","O","1","-1","XOO.X...."
"X.O.X....","....X.O.X","O","3","-1","X.OOX...."
"X.O.X....","....X.O.X","O","5","-1","X.O.XO..."
"X.O.X....","....X.O.X","O","7","-1","X.O.X..O."
"X.O.X...O","..O.X.X.O","X","6","-1","X.O.X.X.O"
"X.O.X...O","..O.X.X.O","X","1","-1","XXO.X...O"
"X.O.X...O","..O.X.X.O","X","3","-1","X.OXX...O"
"X.O.X...O","..O.X.X.O","X","5","0","X.O.XX..O"
"X.O.X...O","..O.X.X.O","X","7","-1","X.O.X..XO"
"X.O.X..O.","..OOX...X","X","6","1","X.O.X.XO."
"X.O.X..O.","..OOX...X","X","8","1","X.O.X..OX"
"X.O.X..O.","..OOX...X","X","1","-1","XXO.X..O."
"X.O.X..O.","..OOX...X","X","3","1","X.OXX..O."
"X.O.X..O.","..OOX...X","X","5","1","X.O.XX.O."
"X.O.X..XO","..XXX.O.O","O","6","-1","X.O.X.OXO"
"X.O.X..XO","..XXX.O.O","O","1","0","XOO.X..XO"
"X.O.X..XO","..XXX.O.O","O","3","-1","X.OOX..XO"
"X.O.X..XO","..XXX.O.O","O","5","1","X.O.XO.XO"
"X.O.X.O..","..O.X.O.X","X","8","1","X.O.X.O.X"
"X.O.X.O..","..O.X.O.X","X","1","1","XXO.X.O.."
"X.O.X.O..","..O.X.O.X","X","3","1","X.OXX.O.."
"X.O.X.O..","..O.X.O.X","X","5","1","X.O.XXO.."
"X.O.X.O..","..O.X.O.X","X","7","1","X.O.X.OX."
"X.O.X.OX.","..OXX.O.X","O","8","-1","X.O.X.OXO"
"X.O.X.OX.","..OXX.O.X","O","1","-1","XOO.X.OX."
"X.O.X.OX.","..OXX.O.X","O","3","-1","X.OOX.OX."
"X.O.X.OX.","..OXX.O.X","O","5","-1","X.O.XOOX."
"X.O.X.OXO","O.O.XXX.O","X","1","1","XXO.X.OXO"
"X.O.X.OXO","O.O.XXX.O","X","3","-1","X.OXX.OXO"
"X.O.X.OXO","O.O.XXX.O","X","5","1","X.O.XXOXO"
"X.O.X.X.O","O.O.X.X.X","O","1","-1","XOO.X.X.O"
"X.O.X.X.O","O.O.X.X.X","O","3","0","X.OOX.X.O"
"X.O.X.X.O","O.O.X.X.X","O","5","1","X.O.XOX.O"
"X.O.X.X.O","O.O.X.X.X","O","7","-1","X.O.X.XOO"
"X.O.X.XO.","..OOX.X.X","O","8","-1","X.O.X.XOO"
"X.O.X.XO.","..OOX.X.X","O","1","-1","XOO.X.XO."
"X.O.X.XO.","..OOX.X.X","O","3","-1","X.OOX.XO."
"X.O.X.XO.","..OOX.X.X","O","5","-1","X.O.XOXO."
"X.O.X.XOO","O.O.XOX.X","X","1","-1","XXO.X.XOO"
"X.O.X.XOO","O.O.XOX.X","X","3","1","X.OXX.XOO"
"X.O.X.XOO","O.O.XOX.X","X","5","0","X.O.XXXOO"
"X.O.XO...","....XOX.O","X","6","-1","X.O.XOX.."
"X.O.XO...","....XOX.O","X","8","1","X.O.XO..X"
"X.O.XO...","....XOX.O","X","1","-1","XXO.XO..."
"X.O.XO...","....XOX.O","X","3","-1","X.OXXO..."
"X.O.XO...","....XOX.O","X","7","-1","X.O.XO.X."
"X.O.XO.X.","..XXX..OO","O","6","-1","X.O.XOOX."
"X.O.XO.X.","..XXX..OO","O","8","1","X.O.XO.XO"
"X.O.XO.X.","..XXX..OO","O","1","-1","XOO.XO.X."
"X.O.XO.X.","..XXX..OO","O","3","-1","X.OOXO.X."
"X.O.XOOX.",".OOXX.O.X","X","8","1","X.O.XOOXX"
"X.O.XOOX.",".OOXX.O.X","X","1","1","XXO.XOOX."
"X.O.XOOX.",".OOXX.O.X","X","3","-1","X.OXXOOX."
"X.O.XOX..","..XOX.O.X","O","8","1","X.O.XOX.O"
"X.O.XOX..","..XOX.O.X","O","1","-1","XOO.XOX.."
"X.O.XOX..","..XOX.O.X","O","3","-1","X.OOXOX.."
"X.O.XOX..","..XOX.O.X","O","7","-1","X.O.XOXO."
"X.O.XOXO.",".OOOX.X.X","X","8","1","X.O.XOXOX"
"X.O.XOXO.",".OOOX.X.X","X","1","-1","XXO.XOXO."
"X.O.XOXO.",".OOOX.X.X","X","3","1","X.OXXOXO."
"X.O.XX..O","..O.XXX.O","O","6","-1","X.O.XXO.O"
"X.O.XX..O","..O.XXX.O","O","1","-1","XOO.XX..O"
"X.O.XX..O","..O.XXX.O","O","3","0","X.OOXX..O"
"X.O.XX..O","..O.XXX.O","O","7","-1","X.O.XX.OO"
"X.O.XX.O.","..XOX..XO","O","6","-1","X.O.XXOO."
"X.O.XX.O.","..XOX..XO","O","8","-1","X.O.XX.OO"
"X.O.XX.O.","..XOX..XO","O","1","-1","XOO.XX.O."
"X.O.XX.O.","..XOX..XO","O","3","-1","X.OOXX.O."
"X.O.XX.OO","..XOX.OXO","X","6","0","X.O.XXXOO"
"X.O.XX.OO","..XOX.OXO","X","1","-1","XXO.XX.OO"
"X.O.XX.OO","..XOX.OXO","X","3","1","X.OXXX.OO"
"X.O.XXO..","..OXX.O.X","O","8","-1","X.O.XXO.O"
"X.O.XXO..","..OXX.O.X","O","1","-1","XOO.XXO.."
"X.O.XXO..","..OXX.O.X","O","3","-1","X.OOXXO.."
"X.O.XXO..","..OXX.O.X","O","7","-1","X.O.XXOO."
"X.O.XXO.O","O.O.XXX.O","X","1","-1","XXO.XXO.O"
"X.O.XXO.O","O.O.XXX.O","X","3","1","X.OXXXO.O"
"X.O.XXO.O","O.O.XXX.O","X","7","1","X.O.XXOXO"
"X.O.XXOO.",".OOXX.O.X","X","8","1","X.O.XXOOX"
"X.O.XXOO.",".OOXX.O.X","X","1","-1","XXO.XXOO."
"X.O.XXOO.",".OOXX.O.X","X","3","1","X.OXXXOO."
"X.O.XXOXO","O.XXX.OXO","O","1","-1","XOO.XXOXO"
"X.O.XXOXO","O.XXX.OXO","O","3","-1","X.OOXXOXO"
"X.O.XXXOO","O.XXX.OOX","O","1","-1","XOO.XXXOO"
"X.O.XXXOO","O.XXX.OOX","O","3","0","X.OOXXXOO"
"X.OO....X","..XO..X.O","X","4","1","X.OOX...X"
"X.OO....X","..XO..X.O","X","6","1","X.OO..X.X"
"X.OO....X","..XO..X.O","X","1","-1","XXOO....X"
"X.OO....X","..XO..X.O","X","5","0","X.OO.X..X"
"X.OO....X","..XO..X.O","X","7","1","X.OO...XX"
"X.OO...X.","..OX...OX","X","4","1","X.OOX..X."
"X.OO...X.","..OX...OX","X","6","0","X.OO..XX."
"X.OO...X.","..OX...OX","X","8","1","X.OO...XX"
"X.OO...X.","..OX...OX","X","1","-1","XXOO...X."
"X.OO...X.","..OX...OX","X","5","0","X.OO.X.X."
"X.OO...XX",".OXX..X.O","O","4","-1","X.OOO..XX"
"X.OO...XX",".OXX..X.O","O","6","-1","X.OO..OXX"
"X.OO...XX",".OXX..X.O","O","1","-1","XOOO...XX"
"X.OO...XX",".OXX..X.O","O","5","-1","X.OO.O.XX"
"X.OO..OXX","O.X..OXXO","X","4","1","X.OOX.OXX"
"X.OO..OXX","O.X..OXXO","X","1","-1","XXOO..OXX"
"X.OO..OXX","O.X..OXXO","X","5","-1","X.OO.XOXX"
"X.OO..X..","..O...XOX","X","4","0","X.OOX.X.."
"X.OO..X..","..O...XOX","X","8","1","X.OO..X.X"
"X.OO..X..","..O...XOX","X","1","-1","XXOO..X.."
"X.OO..X..","..O...XOX","X","5","0","X.OO.XX.."
"X.OO..X..","..O...XOX","X","7","0","X.OO..XX."
"X.OO..X.X","O.X...XOX","O","4","-1","X.OOO.X.X"
"X.OO..X.X","O.X...XOX","O","1","-1","XOOO..X.X"
"X.OO..X.X","O.X...XOX","O","5","-1","X.OO.OX.X"
"X.OO..X.X","O.X...XOX","O","7","-1","X.OO..XOX"
"X.OO..XOX","O.X..OXOX","X","4","1","X.OOX.XOX"
"X.OO..XOX","O.X..OXOX","X","1","0","XXOO..XOX"
"X.OO..XOX","O.X..OXOX","X","5","0","X.OO.XXOX"
"X.OO..XX.","..OX..XOX","O","4","-1","X.OOO.XX."
"X.OO..XX.","..OX..XOX","O","8","0","X.OO..XXO"
"X.OO..XX.","..OX..XOX","O","1","-1","XOOO..XX."
"X.OO..XX.","..OX..XOX","O","5","-1","X.OO.OXX."
"X.OO..XXO","O.O..XXOX","X","4","-1","X.OOX.XXO"
"X.OO..XXO","O.O..XXOX","X","1","-1","XXOO..XXO"
"X.OO..XXO","O.O..XXOX","X","5","0","X.OO.XXXO"
"X.OO.O.XX",".OXX..XOO","X","4","1","X.OOXO.XX"
"X.OO.O.XX",".OXX..XOO","X","6","1","X.OO.OXXX"
"X.OO.O.XX",".OXX..XOO","X","1","-1","XXOO.O.XX"
"X.OO.OX.X","O.XO.OX.X","X","4","1","X.OOXOX.X"
"X.OO.OX.X","O.XO.OX.X","X","1","-1","XXOO.OX.X"
"X.OO.OX.X","O.XO.OX.X","X","7","1","X.OO.OXXX"
"X.OO.OXX.",".OOX..XOX","X","4","-1","X.OOXOXX."
"X.OO.OXX.",".OOX..XOX","X","8","1","X.OO.OXXX"
"X.OO.OXX.",".OOX..XOX","X","1","-1","XXOO.OXX."
"X.OO.X...","...O.XX.O","X","4","0","X.OOXX..."
"X.OO.X...","...O.XX.O","X","6","0","X.OO.XX.."
"X.OO.X...","...O.XX.O","X","8","0","X.OO.X..X"
"X.OO.X...","...O.XX.O","X","1","0","XXOO.X..."
"X.OO.X...","...O.XX.O","X","7","0","X.OO.X.X."
"X.OO.X..X","..XO.XX.O","O","4","0","X.OOOX..X"
"X.OO.X..X","..XO.XX.O","O","6","-1","X.OO.XO.X"
"X.OO.X..X","..XO.XX.O","O","1","-1","XOOO.X..X"
"X.OO.X..X","..XO.XX.O","O","7","-1","X.OO.X.OX"
"X.OO.X.OX",".OXO..XXO","X","4","1","X.OOXX.OX"
"X.OO.X.OX",".OXO..XXO","X","6","0","X.OO.XXOX"
"X.OO.X.OX",".OXO..XXO","X","1","0","XXOO.X.OX"
"X.OO.X.X.",".OXX...XO","O","4","0","X.OOOX.X."
"X.OO.X.X.",".OXX...XO","O","6","-1","X.OO.XOX."
"X.OO.X.X.",".OXX...XO","O","8","0","X.OO.X.XO"
"X.OO.X.X.",".OXX...XO","O","1","-1","XOOO.X.X."
"X.OO.X.XO",".OXX..OXO","X","4","0","X.OOXX.XO"
"X.OO.X.XO",".OXX..OXO","X","6","0","X.OO.XXXO"
"X.OO.X.XO",".OXX..OXO","X","1","0","XXOO.X.XO"
"X.OO.XO.X","O.XO.XX.O","X","4","1","X.OOXXO.X"
"X.OO.XO.X","O.XO.XX.O","X","1","-1","XXOO.XO.X"
"X.OO.XO.X","O.XO.XX.O","X","7","-1","X.OO.XOXX"
"X.OO.XOX.",".XOX..OOX","X","4","1","X.OOXXOX."
"X.OO.XOX.",".XOX..OOX","X","8","-1","X.OO.XOXX"
"X.OO.XOX.",".XOX..OOX","X","1","-1","XXOO.XOX."
"X.OO.XOXX","O.XX.OXXO","O","4","1","X.OOOXOXX"
"X.OO.XOXX","O.XX.OXXO","O","1","-1","XOOO.XOXX"
"X.OO.XX..","..XX.OO.X","O","4","0","X.OOOXX.."
"X.OO.XX..","..XX.OO.X","O","8","0","X.OO.XX.O"
"X.OO.XX..","..XX.OO.X","O","1","-1","XOOO.XX.."
"X.OO.XX..","..XX.OO.X","O","7","0","X.OO.XXO."
"X.OO.XX.O","O.XX.OO.X","X","4","0","X.OOXXX.O"
"X.OO.XX.O","O.XX.OO.X","X","1","0","XXOO.XX.O"
"X.OO.XX.O","O.XX.OO.X","X","7","0","X.OO.XXXO"
"X.OO.XXO.",".OXX.OO.X","X","4","0","X.OOXXXO."
"X.OO.XXO.",".OXX.OO.X","X","8","0","X.OO.XXOX"
"X.OO.XXO.",".OXX.OO.X","X","1","0","XXOO.XXO."
"X.OO.XXOX","O.XX.OXOX","O","4","0","X.OOOXXOX"
"X.OO.XXOX","O.XX.OXOX","O","1","-1","XOOO.XXOX"
"X.OO.XXXO","O.XX.OOXX","O","4","0","X.OOOXXXO"
"X.OO.XXXO","O.XX.OOXX","O","1","0","XOOO.XXXO"
"X.OOO..XX",".OXXO.X.O","X","6","1","X.OOO.XXX"
"X.OOO..XX",".OXXO.X.O","X","1","-1","XXOOO..XX"
"X.OOO..XX",".OXXO.X.O","X","5","-1","X.OOOX.XX"
"X.OOO.X.X","O.X.O.XOX","X","1","-1","XXOOO.X.X"
"X.OOO.X.X","O.X.O.XOX","X","5","0","X.OOOXX.X"
"X.OOO.X.X","O.X.O.XOX","X","7","1","X.OOO.XXX"
"X.OOO.XX.","..OXO.XOX","X","8","1","X.OOO.XXX"
"X.OOO.XX.","..OXO.XOX","X","1","-1","XXOOO.XX."
"X.OOO.XX.","..OXO.XOX","X","5","0","X.OOOXXX."
"X.OOOX..X","..XOOXX.O","X","6","0","X.OOOXX.X"
"X.OOOX..X","..XOOXX.O","X","1","-1","XXOOOX..X"
"X.OOOX..X","..XOOXX.O","X","7","-1","X.OOOX.XX"
"X.OOOX.X.",".OXXO..XO","X","6","0","X.OOOXXX."
"X.OOOX.X.",".OXXO..XO","X","8","-1","X.OOOX.XX"
"X.OOOX.X.",".OXXO..XO","X","1","-1","XXOOOX.X."
"X.OOOX.XX",".OXXO.XXO","O","6","1","X.OOOXOXX"
"X.OOOX.XX",".OXXO.XXO","O","1","-1","XOOOOX.XX"
"X.OOOXX..","..XXOOO.X","X","8","0","X.OOOXX.X"
"X.OOOXX..","..XXOOO.X","X","1","0","XXOOOXX.."
"X.OOOXX..","..XXOOO.X","X","7","0","X.OOOXXX."
"X.OOOXX.X","O.XXOOX.X","O","1","-1","XOOOOXX.X"
"X.OOOXX.X","O.XXOOX.X","O","7","0","X.OOOXXOX"
"X.OOOXXOX","O.XXOOXOX","X","1","0","XXOOOXXOX"
"X.OOOXXX.",".XOXO.XOX","O","8","0","X.OOOXXXO"
"X.OOOXXX.",".XOXO.XOX","O","1","-1","XOOOOXXX."
"X.OOOXXXO","O.XXOOOXX","X","1","0","XXOOOXXXO"
"X.OOX....","....XOO.X","X","6","0","X.OOX.X.."
"X.OOX....","....XOO.X","X","8","1","X.OOX...X"
"X.OOX....","....XOO.X","X","1","1","XXOOX...."
"X.OOX....","....XOO.X","X","5","0","X.OOXX..."
"X.OOX....","....XOO.X","X","7","1","X.OOX..X."
"X.OOX..X.","..OXX..OX","O","6","-1","X.OOX.OX."
"X.OOX..X.","..OXX..OX","O","8","-1","X.OOX..XO"
"X.OOX..X.","..OXX..OX","O","1","-1","XOOOX..X."
"X.OOX..X.","..OXX..OX","O","5","-1","X.OOXO.X."
"X.OOX..XO",".OXXX.O.O","X","6","-1","X.OOX.XXO"
"X.OOX..XO",".OXXX.O.O","X","1","1","XXOOX..XO"
"X.OOX..XO",".OXXX.O.O","X","5","0","X.OOXX.XO"
"X.OOX.OX.","..OXX.OOX","X","8","1","X.OOX.OXX"
"X.OOX.OX.","..OXX.OOX","X","1","1","XXOOX.OX."
"X.OOX.OX.","..OXX.OOX","X","5","1","X.OOXXOX."
"X.OOX.X..","..O.X.XOX","O","8","0","X.OOX.X.O"
"X.OOX.X..","..O.X.XOX","O","1","-1","XOOOX.X.."
"X.OOX.X..","..O.X.XOX","O","5","-1","X.OOXOX.."
"X.OOX.X..","..O.X.XOX","O","7","-1","X.OOX.XO."
"X.OOX.X.O","O.O.X.XOX","X","1","-1","XXOOX.X.O"
"X.OOX.X.O","O.O.X.XOX","X","5","0","X.OOXXX.O"
"X.OOX.X.O","O.O.X.XOX","X","7","-1","X.OOX.XXO"
"X.OOX.XO.","..OOX.XOX","X","8","1","X.OOX.XOX"
"X.OOX.XO.","..OOX.XOX","X","1","0","XXOOX.XO."
"X.OOX.XO.","..OOX.XOX","X","5","0","X.OOXXXO."
"X.OOX.XXO","O.O.XXXOX","O","1","0","XOOOX.XXO"
"X.OOX.XXO","O.O.XXXOX","O","5","1","X.OOXOXXO"
"X.OOXO.X.",".OOXX..OX","X","6","-1","X.OOXOXX."
"X.OOXO.X.",".OOXX..OX","X","8","1","X.OOXO.XX"
"X.OOXO.X.",".OOXX..OX","X","1","1","XXOOXO.X."
"X.OOXOX..","..XOXOO.X","X","8","1","X.OOXOX.X"
"X.OOXOX..","..XOXOO.X","X","1","-1","XXOOXOX.."
"X.OOXOX..","..XOXOO.X","X","7","-1","X.OOXOXX."
"X.OOXOXX.",".OOXX.XOX","O","8","1","X.OOXOXXO"
"X.OOXOXX.",".OOXX.XOX","O","1","-1","XOOOXOXX."
"X.OOXX...","...OXXX.O","O","6","-1","X.OOXXO.."
"X.OOXX...","...OXXX.O","O","8","0","X.OOXX..O"
"X.OOXX...","...OXXX.O","O","1","-1","XOOOXX..."
"X.OOXX...","...OXXX.O","O","7","-1","X.OOXX.O."
"X.OOXX..O","..OOXXX.O","X","6","0","X.OOXXX.O"
"X.OOXX..O","..OOXXX.O","X","1","0","XXOOXX..O"
"X.OOXX..O","..OOXXX.O","X","7","0","X.OOXX.XO"
"X.OOXX.O.",".O.OXXX.O","X","6","0","X.OOXXXO."
"X.OOXX.O.",".O.OXXX.O","X","8","1","X.OOXX.OX"
"X.OOXX.O.",".O.OXXX.O","X","1","0","XXOOXX.O."
"X.OOXX.XO",".OXXX.OXO","O","6","-1","X.OOXXOXO"
"X.OOXX.XO",".OXXX.OXO","O","1","0","XOOOXX.XO"
"X.OOXXO..","..OXXOO.X","X","8","1","X.OOXXO.X"
"X.OOXXO..","..OXXOO.X","X","1","1","XXOOXXO.."
"X.OOXXO..","..OXXOO.X","X","7","1","X.OOXXOX."
"X.OOXXOX.",".XOXX.OOX","O","8","-1","X.OOXXOXO"
"X.OOXXOX.",".XOXX.OOX","O","1","-1","XOOOXXOX."
"X.OOXXOXO","O.XXXOOXO","X","1","1","XXOOXXOXO"
"X.OOXXX.O","O.XXXOO.X","O","1","0","XOOOXXX.O"
"X.OOXXX.O","O.XXXOO.X","O","7","0","X.OOXXXOO"
"X.OOXXXO.",".OXXXOO.X","O","8","0","X.OOXXXOO"
"X.OOXXXO.",".OXXXOO.X","O","1","-1","XOOOXXXO."
"X.OOXXXOO","O.XXXOOOX","X","1","0","XXOOXXXOO"
"X.OX.....",".....XO.X","O","4","-1","X.OXO...."
"X.OX.....",".....XO.X","O","6","-1","X.OX..O.."
"X.OX.....",".....XO.X","O","8","-1","X.OX....O"
"X.OX.....",".....XO.X","O","1","-1","XOOX....."
"X.OX.....",".....XO.X","O","5","-1","X.OX.O..."
"X.OX.....",".....XO.X","O","7","-1","X.OX...O."
"X.OX....O","..OX..X.O","X","4","-1","X.OXX...O"
"X.OX....O","..OX..X.O","X","6","1","X.OX..X.O"
"X.OX....O","..OX..X.O","X","1","-1","XXOX....O"
"X.OX....O","..OX..X.O","X","5","1","X.OX.X..O"
"X.OX....O","..OX..X.O","X","7","-1","X.OX...XO"
"X.OX...O.","..OO...XX","X","4","1","X.OXX..O."
"X.OX...O.","..OO...XX","X","6","1","X.OX..XO."
"X.OX...O.","..OO...XX","X","8","1","X.OX...OX"
"X.OX...O.","..OO...XX","X","1","-1","XXOX...O."
"X.OX...O.","..OO...XX","X","5","1","X.OX.X.O."
"X.OX...OX",".OXX..X.O","O","4","-1","X.OXO..OX"
"X.OX...OX",".OXX..X.O","O","6","-1","X.OX..OOX"
"X.OX...OX",".OXX..X.O","O","1","-1","XOOX...OX"
"X.OX...OX",".OXX..X.O","O","5","-1","X.OX.O.OX"
"X.OX...XO",".XOX..X.O","O","4","-1","X.OXO..XO"
"X.OX...XO",".XOX..X.O","O","6","1","X.OX..OXO"
"X.OX...XO",".XOX..X.O","O","1","-1","XOOX...XO"
"X.OX...XO",".XOX..X.O","O","5","1","X.OX.O.XO"
"X.OX..O..","..O...OXX","X","4","1","X.OXX.O.."
"X.OX..O..","..O...OXX","X","8","-1","X.OX..O.X"
"X.OX..O..","..O...OXX","X","1","-1","XXOX..O.."
"X.OX..O..","..O...OXX","X","5","-1","X.OX.XO.."
"X.OX..O..","..O...OXX","X","7","-1","X.OX..OX."
"X.OX..O.X","O.X...XXO","O","4","1","X.OXO.O.X"
"X.OX..O.X","O.X...XXO","O","1","-1","XOOX..O.X"
"X.OX..O.X","O.X...XXO","O","5","-1","X.OX.OO.X"
"X.OX..O.X","O.X...XXO","O","7","-1","X.OX..OOX"
"X.OX..OOX","O.X..OXXO","X","4","1","X.OXX.OOX"
"X.OX..OOX","O.X..OXXO","X","1","-1","XXOX..OOX"
"X.OX..OOX","O.X..OXXO","X","5","-1","X.OX.XOOX"
"X.OX..OX.","..OX..OXX","O","4","1","X.OXO.OX."
"X.OX..OX.","..OX..OXX","O","8","1","X.OX..OXO"
"X.OX..OX.","..OX..OXX","O","1","-1","XOOX..OX."
"X.OX..OX.","..OX..OXX","O","5","1","X.OX.OOX."
"X.OX..OXO","O.O..XXXO","X","4","-1","X.OXX.OXO"
"X.OX..OXO","O.O..XXXO","X","1","-1","XXOX..OXO"
"X.OX..OXO","O.O..XXXO","X","5","-1","X.OX.XOXO"
"X.OX.O...","...O.XO.X","X","4","-1","X.OXXO..."
"X.OX.O...","...O.XO.X","X","6","1","X.OX.OX.."
"X.OX.O...","...O.XO.X","X","8","1","X.OX.O..X"
"X.OX.O...","...O.XO.X","X","1","-1","XXOX.O..."
"X.OX.O...","...O.XO.X","X","7","-1","X.OX.O.X."
"X.OX.O..X","..XX.OX.O","O","4","-1","X.OXOO..X"
"X.OX.O..X","..XX.OX.O","O","6","-1","X.OX.OO.X"
"X.OX.O..X","..XX.OX.O","O","1","-1","XOOX.O..X"
"X.OX.O..X","..XX.OX.O","O","7","-1","X.OX.O.OX"
"X.OX.O.OX",".OXX.OX.O","X","4","1","X.OXXO.OX"
"X.OX.O.OX",".OXX.OX.O","X","6","1","X.OX.OXOX"
"X.OX.O.OX",".OXX.OX.O","X","1","1","XXOX.O.OX"
"X.OX.O.X.",".OOX...XX","O","4","-1","X.OXOO.X."
"X.OX.O.X.",".OOX...XX","O","6","1","X.OX.OOX."
"X.OX.O.X.",".OOX...XX","O","8","1","X.OX.O.XO"
"X.OX.O.X.",".OOX...XX","O","1","-1","XOOX.O.X."
"X.OX.OO.X","O.XO.XX.O","X","4","1","X.OXXOO.X"
"X.OX.OO.X","O.XO.XX.O","X","1","-1","XXOX.OO.X"
"X.OX.OO.X","O.XO.XX.O","X","7","-1","X.OX.OOXX"
"X.OX.OOX.",".OOX..OXX","X","4","-1","X.OXXOOX."
"X.OX.OOX.",".OOX..OXX","X","8","-1","X.OX.OOXX"
"X.OX.OOX.",".OOX..OXX","X","1","-1","XXOX.OOX."
"X.OX.OOXX","O.XO.XXXO","O","4","1","X.OXOOOXX"
"X.OX.OOXX","O.XO.XXXO","O","1","-1","XOOX.OOXX"
"X.OX.X..O","..OX.XX.O","O","4","-1","X.OXOX..O"
"X.OX.X..O","..OX.XX.O","O","6","-1","X.OX.XO.O"
"X.OX.X..O","..OX.XX.O","O","1","-1","XOOX.X..O"
"X.OX.X..O","..OX.XX.O","O","7","-1","X.OX.X.OO"
"X.OX.X.O.",".O.X.XO.X","O","4","-1","X.OXOX.O."
"X.OX.X.O.",".O.X.XO.X","O","6","-1","X.OX.XOO."
"X.OX.X.O.",".O.X.XO.X","O","8","-1","X.OX.X.OO"
"X.OX.X.O.",".O.X.XO.X","O","1","-1","XOOX.X.O."
"X.OX.X.OO",".OOX.XX.O","X","4","1","X.OXXX.OO"
"X.OX.X.OO",".OOX.XX.O","X","6","1","X.OX.XXOO"
"X.OX.X.OO",".OOX.XX.O","X","1","-1","XXOX.X.OO"
"X.OX.XO..","..OX.XO.X","O","4","1","X.OXOXO.."
"X.OX.XO..","..OX.XO.X","O","8","-1","X.OX.XO.O"
"X.OX.XO..","..OX.XO.X","O","1","-1","XOOX.XO.."
"X.OX.XO..","..OX.XO.X","O","7","-1","X.OX.XOO."
"X.OX.XO.O","O.OX.XO.X","X","4","1","X.OXXXO.O"
"X.OX.XO.O","O.OX.XO.X","X","1","-1","XXOX.XO.O"
"X.OX.XO.O","O.OX.XO.X","X","7","-1","X.OX.XOXO"
"X.OX.XOO.",".OOX.XO.X","X","4","1","X.OXXXOO."
"X.OX.XOO.",".OOX.XO.X","X","8","-1","X.OX.XOOX"
"X.OX.XOO.",".OOX.XO.X","X","1","-1","XXOX.XOO."
"X.OX.XOOX","O.XX.XXOO","O","4","1","X.OXOXOOX"
"X.OX.XOOX","O.XX.XXOO","O","1","-1","XOOX.XOOX"
"X.OX.XOXO","O.XX.XOXO","O","4","1","X.OXOXOXO"
"X.OX.XOXO","O.XX.XOXO","O","1","-1","XOOX.XOXO"
"X.OXO....","....OXO.X","X","6","1","X.OXO.X.."
"X.OXO....","....OXO.X","X","8","-1","X.OXO...X"
"X.OXO....","....OXO.X","X","1","-1","XXOXO...."
"X.OXO....","....OXO.X","X","5","-1","X.OXOX..."
"X.OXO....","....OXO.X","X","7","-1","X.OXO..X."
"X.OXO...X","..XXO.X.O","O","6","1","X.OXO.O.X"
"X.OXO...X","..XXO.X.O","O","1","-1","XOOXO...X"
"X.OXO...X","..XXO.X.O","O","5","-1","X.OXOO..X"
"X.OXO...X","..XXO.X.O","O","7","-1","X.OXO..OX"
"X.OXO..OX",".OXXO.X.O","X","6","1","X.OXO.XOX"
"X.OXO..OX",".OXXO.X.O","X","1","-1","XXOXO..OX"
"X.OXO..OX",".OXXO.X.O","X","5","-1","X.OXOX.OX"
"X.OXO..X.","..OXO..XX","O","6","1","X.OXO.OX."
"X.OXO..X.","..OXO..XX","O","8","-1","X.OXO..XO"
"X.OXO..X.","..OXO..XX","O","1","-1","XOOXO..X."
"X.OXO..X.","..OXO..XX","O","5","-1","X.OXOO.X."
"X.OXO..XO",".XOXO.X.O","X","6","1","X.OXO.XXO"
"X.OXO..XO",".XOXO.X.O","X","1","-1","XXOXO..XO"
"X.OXO..XO",".XOXO.X.O","X","5","-1","X.OXOX.XO"
"X.OXOO..X","..XXOOX.O","X","6","1","X.OXOOX.X"
"X.OXOO..X","..XXOOX.O","X","1","-1","XXOXOO..X"
"X.OXOO..X","..XXOOX.O","X","7","-1","X.OXOO.XX"
"X.OXOO.X.",".OOXO..XX","X","6","1","X.OXOOXX."
"X.OXOO.X.",".OOXO..XX","X","8","-1","X.OXOO.XX"
"X.OXOO.X.",".OOXO..XX","X","1","-1","XXOXOO.X."
"X.OXOO.XX",".XXXO.XOO","O","6","1","X.OXOOOXX"
"X.OXOO.XX",".XXXO.XOO","O","1","-1","XOOXOO.XX"
"X.OXOX...","...XOXO.X","O","6","1","X.OXOXO.."
"X.OXOX...","...XOXO.X","O","8","-1","X.OXOX..O"
"X.OXOX...","...XOXO.X","O","1","-1","XOOXOX..."
"X.OXOX...","...XOXO.X","O","7","-1","X.OXOX.O."
"X.OXOX..O","..OXOXX.O","X","6","1","X.OXOXX.O"
"X.OXOX..O","..OXOXX.O","X","1","-1","XXOXOX..O"
"X.OXOX..O","..OXOXX.O","X","7","-1","X.OXOX.XO"
"X.OXOX.O.",".O.XOXO.X","X","6","1","X.OXOXXO."
"X.OXOX.O.",".O.XOXO.X","X","8","-1","X.OXOX.OX"
"X.OXOX.O.",".O.XOXO.X","X","1","-1","XXOXOX.O."
"X.OXOX.OX",".OXXOXX.O","O","6","1","X.OXOXOOX"
"X.OXOX.OX",".OXXOXX.O","O","1","1","XOOXOX.OX"
"X.OXOX.XO",".XOXOXX.O","O","6","1","X.OXOXOXO"
"X.OXOX.XO",".XOXOXX.O","O","1","-1","XOOXOX.XO"
"X.OXX...O","..OXX.X.O","O","6","-1","X.OXX.O.O"
"X.OXX...O","..OXX.X.O","O","1","-1","XOOXX...O"
"X.OXX...O","..OXX.X.O","O","5","1","X.OXXO..O"
"X.OXX...O","..OXX.X.O","O","7","-1","X.OXX..OO"
"X.OXX..O.","..OOX..XX","O","6","-1","X.OXX.OO."
"X.OXX..O.","..OOX..XX","O","8","-1","X.OXX..OO"
"X.OXX..O.","..OOX..XX","O","1","-1","XOOXX..O."
"X.OXX..O.","..OOX..XX","O","5","-1","X.OXXO.O."
"X.OXX..OO",".OOXX.X.O","X","6","1","X.OXX.XOO"
"X.OXX..OO",".OOXX.X.O","X","1","-1","XXOXX..OO"
"X.OXX..OO",".OOXX.X.O","X","5","1","X.OXXX.OO"
"X.OXX.O..","..O.X.OXX","O","8","-1","X.OXX.O.O"
"X.OXX.O..","..O.X.OXX","O","1","-1","XOOXX.O.."
"X.OXX.O..","..O.X.OXX","O","5","-1","X.OXXOO.."
"X.OXX.O..","..O.X.OXX","O","7","-1","X.OXX.OO."
"X.OXX.O.O","O.O.X.OXX","X","1","-1","XXOXX.O.O"
"X.OXX.O.O","O.O.X.OXX","X","5","1","X.OXXXO.O"
"X.OXX.O.O","O.O.X.OXX","X","7","-1","X.OXX.OXO"
"X.OXX.OO.","..OOX.OXX","X","8","1","X.OXX.OOX"
"X.OXX.OO.","..OOX.OXX","X","1","-1","XXOXX.OO."
"X.OXX.OO.","..OOX.OXX","X","5","1","X.OXXXOO."
"X.OXX.OXO","O.O.XXXXO","O","1","-1","XOOXX.OXO"
"X.OXX.OXO","O.O.XXXXO","O","5","1","X.OXXOOXO"
"X.OXXO...","...OXXO.X","O","6","-1","X.OXXOO.."
"X.OXXO...","...OXXO.X","O","8","1","X.OXXO..O"
"X.OXXO...","...OXXO.X","O","1","-1","XOOXXO..."
"X.OXXO...","...OXXO.X","O","7","-1","X.OXXO.O."
"X.OXXO.O.",".O.OXXO.X","X","6","1","X.OXXOXO."
"X.OXXO.O.",".O.OXXO.X","X","8","1","X.OXXO.OX"
"X.OXXO.O.",".O.OXXO.X","X","1","-1","XXOXXO.O."
"X.OXXOO..","..OOXXO.X","X","8","1","X.OXXOO.X"
"X.OXXOO..","..OOXXO.X","X","1","-1","XXOXXOO.."
"X.OXXOO..","..OOXXO.X","X","7","-1","X.OXXOOX."
"X.OXXOOX.",".OOXX.OXX","O","8","1","X.OXXOOXO"
"X.OXXOOX.",".OOXX.OXX","O","1","-1","XOOXXOOX."
"X.X.....O","..O...X.X","O","4","-1","X.X.O...O"
"X.X.....O","..O...X.X","O","6","-1","X.X...O.O"
"X.X.....O","..O...X.X","O","1","-1","XOX.....O"
"X.X.....O","..O...X.X","O","3","-1","X.XO....O"
"X.X.....O","..O...X.X","O","5","-1","X.X..O..O"
"X.X.....O","..O...X.X","O","7","-1","X.X....OO"
"X.X....O.","..XO....X","O","4","-1","X.X.O..O."
"X.X....O.","..XO....X","O","6","-1","X.X...OO."
"X.X....O.","..XO....X","O","8","-1","X.X....OO"
"X.X....O.","..XO....X","O","1","-1","XOX....O."
"X.X....O.","..XO....X","O","3","-1","X.XO...O."
"X.X....O.","..XO....X","O","5","-1","X.X..O.O."
"X.X....OO","..XO..O.X","X","4","-1","X.X.X..OO"
"X.X....OO","..XO..O.X","X","6","1","X.X...XOO"
"X.X....OO","..XO..O.X","X","1","1","XXX....OO"
"X.X....OO","..XO..O.X","X","3","-1","X.XX...OO"
"X.X....OO","..XO..O.X","X","5","-1","X.X..X.OO"
"X.X...O..","..O...X.X","O","4","-1","X.X.O.O.."
"X.X...O..","..O...X.X","O","8","-1","X.X...O.O"
"X.X...O..","..O...X.X","O","1","-1","XOX...O.."
"X.X...O..","..O...X.X","O","3","-1","X.XO..O.."
"X.X...O..","..O...X.X","O","5","-1","X.X..OO.."
"X.X...O..","..O...X.X","O","7","-1","X.X...OO."
"X.X...O.O","O.O...X.X","X","4","-1","X.X.X.O.O"
"X.X...O.O","O.O...X.X","X","1","1","XXX...O.O"
"X.X...O.O","O.O...X.X","X","3","-1","X.XX..O.O"
"X.X...O.O","O.O...X.X","X","5","-1","X.X..XO.O"
"X.X...O.O","O.O...X.X","X","7","0","X.X...OXO"
"X.X...OO.","..XO..O.X","X","4","-1","X.X.X.OO."
"X.X...OO.","..XO..O.X","X","8","1","X.X...OOX"
"X.X...OO.","..XO..O.X","X","1","1","XXX...OO."
"X.X...OO.","..XO..O.X","X","3","-1","X.XX..OO."
"X.X...OO.","..XO..O.X","X","5","-1","X.X..XOO."
"X.X...OOX","O.XO..X.X","O","4","-1","X.X.O.OOX"
"X.X...OOX","O.XO..X.X","O","1","-1","XOX...OOX"
"X.X...OOX","O.XO..X.X","O","3","-1","X.XO..OOX"
"X.X...OOX","O.XO..X.X","O","5","-1","X.X..OOOX"
"X.X...OXO","O.XX..O.X","O","4","-1","X.X.O.OXO"
"X.X...OXO","O.XX..O.X","O","1","0","XOX...OXO"
"X.X...OXO","O.XX..O.X","O","3","-1","X.XO..OXO"
"X.X...OXO","O.XX..O.X","O","5","-1","X.X..OOXO"
"X.X...XOO","O.XO..X.X","O","4","-1","X.X.O.XOO"
"X.X...XOO","O.XO..X.X","O","1","-1","XOX...XOO"
"X.X...XOO","O.XO..X.X","O","3","-1","X.XO..XOO"
"X.X...XOO","O.XO..X.X","O","5","-1","X.X..OXOO"
"X.X..O...",".....OX.X","O","4","-1","X.X.OO..."
"X.X..O...",".....OX.X","O","6","-1","X.X..OO.."
"X.X..O...",".....OX.X","O","8","-1","X.X..O..O"
"X.X..O...",".....OX.X","O","1","-1","XOX..O..."
"X.X..O...",".....OX.X","O","3","-1","X.XO.O..."
"X.X..O...",".....OX.X","O","7","-1","X.X..O.O."
"X.X..O..O","..O..OX.X","X","4","1","X.X.XO..O"
"X.X..O..O","..O..OX.X","X","6","1","X.X..OX.O"
"X.X..O..O","..O..OX.X","X","1","1","XXX..O..O"
"X.X..O..O","..O..OX.X","X","3","1","X.XX.O..O"
"X.X..O..O","..O..OX.X","X","7","1","X.X..O.XO"
"X.X..O.O.","..XO...OX","X","4","1","X.X.XO.O."
"X.X..O.O.","..XO...OX","X","6","1","X.X..OXO."
"X.X..O.O.","..XO...OX","X","8","1","X.X..O.OX"
"X.X..O.O.","..XO...OX","X","1","1","XXX..O.O."
"X.X..O.O.","..XO...OX","X","3","1","X.XX.O.O."
"X.X..O.OX","..XO..XOX","O","4","-1","X.X.OO.OX"
"X.X..O.OX","..XO..XOX","O","6","-1","X.X..OOOX"
"X.X..O.OX","..XO..XOX","O","1","-1","XOX..O.OX"
"X.X..O.OX","..XO..XOX","O","3","-1","X.XO.O.OX"
"X.X..O.XO","..XX..OOX","O","4","-1","X.X.OO.XO"
"X.X..O.XO","..XX..OOX","O","6","-1","X.X..OOXO"
"X.X..O.XO","..XX..OOX","O","1","-1","XOX..O.XO"
"X.X..O.XO","..XX..OOX","O","3","-1","X.XO.O.XO"
"X.X..OO..","..OO..X.X","X","4","1","X.X.XOO.."
"X.X..OO..","..OO..X.X","X","8","1","X.X..OO.X"
"X.X..OO..","..OO..X.X","X","1","1","XXX..OO.."
"X.X..OO..","..OO..X.X","X","3","0","X.XX.OO.."
"X.X..OO..","..OO..X.X","X","7","0","X.X..OOX."
"X.X..OO.X","O.X...XOX","O","4","-1","X.X.OOO.X"
"X.X..OO.X","O.X...XOX","O","1","-1","XOX..OO.X"
"X.X..OO.X","O.X...XOX","O","3","-1","X.XO.OO.X"
"X.X..OO.X","O.X...XOX","O","7","-1","X.X..OOOX"
"X.X..OOOX","O.XO..XOX","X","4","1","X.X.XOOOX"
"X.X..OOOX","O.XO..XOX","X","1","1","XXX..OOOX"
"X.X..OOOX","O.XO..XOX","X","3","1","X.XX.OOOX"
"X.X..OOX.",".OXX..O.X","O","4","-1","X.X.OOOX."
"X.X..OOX.",".OXX..O.X","O","8","-1","X.X..OOXO"
"X.X..OOX.",".OXX..O.X","O","1","0","XOX..OOX."
"X.X..OOX.",".OXX..O.X","O","3","-1","X.XO.OOX."
"X.X..OOXO","O.XX..OOX","X","4","0","X.X.XOOXO"
"X.X..OOXO","O.XX..OOX","X","1","1","XXX..OOXO"
"X.X..OOXO","O.XX..OOX","X","3","0","X.XX.OOXO"
"X.X..OX.O","O.XO..X.X","O","4","-1","X.X.OOX.O"
"X.X..OX.O","O.XO..X.X","O","1","-1","XOX..OX.O"
"X.X..OX.O","O.XO..X.X","O","3","-1","X.XO.OX.O"
"X.X..OX.O","O.XO..X.X","O","7","-1","X.X..OXOO"
"X.X..OXO.",".OXO..X.X","O","4","-1","X.X.OOXO."
"X.X..OXO.",".OXO..X.X","O","8","-1","X.X..OXOO"
"X.X..OXO.",".OXO..X.X","O","1","-1","XOX..OXO."
"X.X..OXO.",".OXO..X.X","O","3","-1","X.XO.OXO."
"X.X..OXOO","OOXO..X.X","X","4","1","X.X.XOXOO"
"X.X..OXOO","OOXO..X.X","X","1","1","XXX..OXOO"
"X.X..OXOO","OOXO..X.X","X","3","1","X.XX.OXOO"
"X.X..X.OO","..XO..OXX","O","4","-1","X.X.OX.OO"
"X.X..X.OO","..XO..OXX","O","6","1","X.X..XOOO"
"X.X..X.OO","..XO..OXX","O","1","1","XOX..X.OO"
"X.X..X.OO","..XO..OXX","O","3","-1","X.XO.X.OO"
"X.X..XO.O","O.O..XX.X","O","4","-1","X.X.OXO.O"
"X.X..XO.O","O.O..XX.X","O","1","0","XOX..XO.O"
"X.X..XO.O","O.O..XX.X","O","3","-1","X.XO.XO.O"
"X.X..XO.O","O.O..XX.X","O","7","1","X.X..XOOO"
"X.X..XOO.",".OOX..X.X","O","4","-1","X.X.OXOO."
"X.X..XOO.",".OOX..X.X","O","8","1","X.X..XOOO"
"X.X..XOO.",".OOX..X.X","O","1","-1","XOX..XOO."
"X.X..XOO.",".OOX..X.X","O","3","-1","X.XO.XOO."
"X.X.O....","....O.X.X","O","6","-1","X.X.O.O.."
"X.X.O....","....O.X.X","O","8","-1","X.X.O...O"
"X.X.O....","....O.X.X","O","1","0","XOX.O...."
"X.X.O....","....O.X.X","O","3","-1","X.XOO...."
"X.X.O....","....O.X.X","O","5","-1","X.X.OO..."
"X.X.O....","....O.X.X","O","7","-1","X.X.O..O."
"X.X.O...O","..O.O.X.X","X","6","1","X.X.O.X.O"
"X.X.O...O","..O.O.X.X","X","1","1","XXX.O...O"
"X.X.O...O","..O.O.X.X","X","3","1","X.XXO...O"
"X.X.O...O","..O.O.X.X","X","5","0","X.X.OX..O"
"X.X.O...O","..O.O.X.X","X","7","0","X.X.O..XO"
"X.X.O..O.","..XOO...X","X","6","-1","X.X.O.XO."
"X.X.O..O.","..XOO...X","X","8","-1","X.X.O..OX"
"X.X.O..O.","..XOO...X","X","1","1","XXX.O..O."
"X.X.O..O.","..XOO...X","X","3","-1","X.XXO..O."
"X.X.O..O.","..XOO...X","X","5","-1","X.X.OX.O."
"X.X.O..OX","..XOO.X.X","O","6","-1","X.X.O.OOX"
"X.X.O..OX","..XOO.X.X","O","1","1","XOX.O..OX"
"X.X.O..OX","..XOO.X.X","O","3","-1","X.XOO..OX"
"X.X.O..OX","..XOO.X.X","O","5","-1","X.X.OO.OX"
"X.X.O..XO","..XXO.O.X","O","6","-1","X.X.O.OXO"
"X.X.O..XO","..XXO.O.X","O","1","0","XOX.O..XO"
"X.X.O..XO","..XXO.O.X","O","3","-1","X.XOO..XO"
"X.X.O..XO","..XXO.O.X","O","5","-1","X.X.OO.XO"
"X.X.O.O..","..O.O.X.X","X","8","1","X.X.O.O.X"
"X.X.O.O..","..O.O.X.X","X","1","1","XXX.O.O.."
"X.X.O.O..","..O.O.X.X","X","3","0","X.XXO.O.."
"X.X.O.O..","..O.O.X.X","X","5","1","X.X.OXO.."
"X.X.O.O..","..O.O.X.X","X","7","0","X.X.O.OX."
"X.X.O.O.X","O.X.O.X.X","O","1","-1","XOX.O.O.X"
"X.X.O.O.X","O.X.O.X.X","O","3","-1","X.XOO.O.X"
"X.X.O.O.X","O.X.O.X.X","O","5","-1","X.X.OOO.X"
"X.X.O.O.X","O.X.O.X.X","O","7","-1","X.X.O.OOX"
"X.X.O.OOX","O.XOO.X.X","X","1","1","XXX.O.OOX"
"X.X.O.OOX","O.XOO.X.X","X","3","-1","X.XXO.OOX"
"X.X.O.OOX","O.XOO.X.X","X","5","1","X.X.OXOOX"
"X.X.O.OX.","..XXO.O.X","O","8","-1","X.X.O.OXO"
"X.X.O.OX.","..XXO.O.X","O","1","0","XOX.O.OX."
"X.X.O.OX.","..XXO.O.X","O","3","-1","X.XOO.OX."
"X.X.O.OX.","..XXO.O.X","O","5","-1","X.X.OOOX."
"X.X.O.OXO","O.XXO.O.X","X","1","1","XXX.O.OXO"
"X.X.O.OXO","O.XXO.O.X","X","3","0","X.XXO.OXO"
"X.X.O.OXO","O.XXO.O.X","X","5","0","X.X.OXOXO"
"X.X.O.X.O","O.X.O.X.X","O","1","-1","XOX.O.X.O"
"X.X.O.X.O","O.X.O.X.X","O","3","-1","X.XOO.X.O"
"X.X.O.X.O","O.X.O.X.X","O","5","-1","X.X.OOX.O"
"X.X.O.X.O","O.X.O.X.X","O","7","-1","X.X.O.XOO"
"X.X.O.XO.","..XOO.X.X","O","8","-1","X.X.O.XOO"
"X.X.O.XO.","..XOO.X.X","O","1","1","XOX.O.XO."
"X.X.O.XO.","..XOO.X.X","O","3","-1","X.XOO.XO."
"X.X.O.XO.","..XOO.X.X","O","5","-1","X.X.OOXO."
"X.X.O.XOO","O.XOO.X.X","X","1","1","XXX.O.XOO"
"X.X.O.XOO","O.XOO.X.X","X","3","1","X.XXO.XOO"
"X.X.O.XOO","O.XOO.X.X","X","5","-1","X.X.OXXOO"
"X.X.OO...","....OOX.X","X","6","-1","X.X.OOX.."
"X.X.OO...","....OOX.X","X","8","-1","X.X.OO..X"
"X.X.OO...","....OOX.X","X","1","1","XXX.OO..."
"X.X.OO...","....OOX.X","X","3","1","X.XXOO..."
"X.X.OO...","....OOX.X","X","7","-1","X.X.OO.X."
"X.X.OO..X","..X.O.XOX","O","6","-1","X.X.OOO.X"
"X.X.OO..X","..X.O.XOX","O","1","1","XOX.OO..X"
"X.X.OO..X","..X.O.XOX","O","3","1","X.XOOO..X"
"X.X.OO..X","..X.O.XOX","O","7","-1","X.X.OO.OX"
"X.X.OO.OX","..XOO.XOX","X","6","-1","X.X.OOXOX"
"X.X.OO.OX","..XOO.XOX","X","1","1","XXX.OO.OX"
"X.X.OO.OX","..XOO.XOX","X","3","-1","X.XXOO.OX"
"X.X.OO.X.","..XXO..OX","O","6","-1","X.X.OOOX."
"X.X.OO.X.","..XXO..OX","O","8","-1","X.X.OO.XO"
"X.X.OO.X.","..XXO..OX","O","1","0","XOX.OO.X."
"X.X.OO.X.","..XXO..OX","O","3","1","X.XOOO.X."
"X.X.OO.XO","..XXO.OOX","X","6","-1","X.X.OOXXO"
"X.X.OO.XO","..XXO.OOX","X","1","1","XXX.OO.XO"
"X.X.OO.XO","..XXO.OOX","X","3","1","X.XXOO.XO"
"X.X.OOO.X","O.X.O.XOX","X","1","1","XXX.OOO.X"
"X.X.OOO.X","O.X.O.XOX","X","3","0","X.XXOOO.X"
"X.X.OOO.X","O.X.O.XOX","X","7","-1","X.X.OOOXX"
"X.X.OOOX.",".OXXO.O.X","X","8","-1","X.X.OOOXX"
"X.X.OOOX.",".OXXO.O.X","X","1","1","XXX.OOOX."
"X.X.OOOX.",".OXXO.O.X","X","3","0","X.XXOOOX."
"X.X.OOOXX","O.XXO.XOX","O","1","0","XOX.OOOXX"
"X.X.OOOXX","O.XXO.XOX","O","3","1","X.XOOOOXX"
"X.X.OOX..","..XOO.X.X","O","8","-1","X.X.OOX.O"
"X.X.OOX..","..XOO.X.X","O","1","-1","XOX.OOX.."
"X.X.OOX..","..XOO.X.X","O","3","1","X.XOOOX.."
"X.X.OOX..","..XOO.X.X","O","7","-1","X.X.OOXO."
"X.X.OOX.O","O.XOO.X.X","X","1","1","XXX.OOX.O"
"X.X.OOX.O","O.XOO.X.X","X","3","1","X.XXOOX.O"
"X.X.OOX.O","O.XOO.X.X","X","7","-1","X.X.OOXXO"
"X.X.OOXO.",".OXOO.X.X","X","8","-1","X.X.OOXOX"
"X.X.OOXO.",".OXOO.X.X","X","1","1","XXX.OOXO."
"X.X.OOXO.",".OXOO.X.X","X","3","1","X.XXOOXO."
"X.X.OOXOX","X.X.OOXOX","O","1","1","XOX.OOXOX"
"X.X.OOXOX","X.X.OOXOX","O","3","1","X.XOOOXOX"
"X.X.OOXXO","OOXXO.X.X","O","1","-1","XOX.OOXXO"
"X.X.OOXXO","OOXXO.X.X","O","3","1","X.XOOOXXO"
"X.X.OX..O","..O.OXX.X","O","6","-1","X.X.OXO.O"
"X.X.OX..O","..O.OXX.X","O","1","0","XOX.OX..O"
"X.X.OX..O","..O.OXX.X","O","3","-1","X.XOOX..O"
"X.X.OX..O","..O.OXX.X","O","7","-1","X.X.OX.OO"
"X.X.OX.O.","..XOO..XX","O","6","-1","X.X.OXOO."
"X.X.OX.O.","..XOO..XX","O","8","-1","X.X.OX.OO"
"X.X.OX.O.","..XOO..XX","O","1","1","XOX.OX.O."
"X.X.OX.O.","..XOO..XX","O","3","-1","X.XOOX.O."
"X.X.OX.OO","..XOO.OXX","X","6","-1","X.X.OXXOO"
"X.X.OX.OO","..XOO.OXX","X","1","1","XXX.OX.OO"
"X.X.OX.OO","..XOO.OXX","X","3","-1","X.XXOX.OO"
"X.X.OXO..","..OXO.X.X","O","8","-1","X.X.OXO.O"
"X.X.OXO..","..OXO.X.X","O","1","-1","XOX.OXO.."
"X.X.OXO..","..OXO.X.X","O","3","-1","X.XOOXO.."
"X.X.OXO..","..OXO.X.X","O","7","-1","X.X.OXOO."
"X.X.OXO.O","O.O.OXX.X","X","1","1","XXX.OXO.O"
"X.X.OXO.O","O.O.OXX.X","X","3","-1","X.XXOXO.O"
"X.X.OXO.O","O.O.OXX.X","X","7","0","X.X.OXOXO"
"X.X.OXOO.",".OOXO.X.X","X","8","1","X.X.OXOOX"
"X.X.OXOO.",".OOXO.X.X","X","1","1","XXX.OXOO."
"X.X.OXOO.",".OOXO.X.X","X","3","-1","X.XXOXOO."
"X.X.OXOXO","O.XXO.OXX","O","1","0","XOX.OXOXO"
"X.X.OXOXO","O.XXO.OXX","O","3","-1","X.XOOXOXO"
"X.X.OXXOO","OOXXO.X.X","O","1","1","XOX.OXXOO"
"X.X.OXXOO","OOXXO.X.X","O","3","-1","X.XOOXXOO"
"X.X.X..OO","..XOX.O.X","O","6","1","X.X.X.OOO"
"X.X.X..OO","..XOX.O.X","O","1","-1","XOX.X..OO"
"X.X.X..OO","..XOX.O.X","O","3","-1","X.XOX..OO"
"X.X.X..OO","..XOX.O.X","O","5","-1","X.X.XO.OO"
"X.X.X.O.O","O.O.X.X.X","O","1","0","XOX.X.O.O"
"X.X.X.O.O","O.O.X.X.X","O","3","-1","X.XOX.O.O"
"X.X.X.O.O","O.O.X.X.X","O","5","-1","X.X.XOO.O"
"X.X.X.O.O","O.O.X.X.X","O","7","1","X.X.X.OOO"
"X.X.X.OO.","..XOX.O.X","O","8","1","X.X.X.OOO"
"X.X.X.OO.","..XOX.O.X","O","1","-1","XOX.X.OO."
"X.X.X.OO.","..XOX.O.X","O","3","-1","X.XOX.OO."
"X.X.X.OO.","..XOX.O.X","O","5","-1","X.X.XOOO."
"X.X.XO..O","..O.XOX.X","O","6","-1","X.X.XOO.O"
"X.X.XO..O","..O.XOX.X","O","1","-1","XOX.XO..O"
"X.X.XO..O","..O.XOX.X","O","3","-1","X.XOXO..O"
"X.X.XO..O","..O.XOX.X","O","7","-1","X.X.XO.OO"
"X.X.XO.O.","..XOX..OX","O","6","-1","X.X.XOOO."
"X.X.XO.O.","..XOX..OX","O","8","-1","X.X.XO.OO"
"X.X.XO.O.","..XOX..OX","O","1","-1","XOX.XO.O."
"X.X.XO.O.","..XOX..OX","O","3","-1","X.XOXO.O."
"X.X.XO.OO","..XOX.OOX","X","6","1","X.X.XOXOO"
"X.X.XO.OO","..XOX.OOX","X","1","1","XXX.XO.OO"
"X.X.XO.OO","..XOX.OOX","X","3","-1","X.XXXO.OO"
"X.X.XOO..","..OOX.X.X","O","8","-1","X.X.XOO.O"
"X.X.XOO..","..OOX.X.X","O","1","-1","XOX.XOO.."
"X.X.XOO..","..OOX.X.X","O","3","-1","X.XOXOO.."
"X.X.XOO..","..OOX.X.X","O","7","-1","X.X.XOOO."
"X.X.XOO.O","O.O.XOX.X","X","1","1","XXX.XOO.O"
"X.X.XOO.O","O.O.XOX.X","X","3","-1","X.XXXOO.O"
"X.X.XOO.O","O.O.XOX.X","X","7","0","X.X.XOOXO"
"X.X.XOOO.",".OOOX.X.X","X","8","1","X.X.XOOOX"
"X.X.XOOO.",".OOOX.X.X","X","1","1","XXX.XOOO."
"X.X.XOOO.",".OOOX.X.X","X","3","-1","X.XXXOOO."
"X.X.XOOXO","O.XXX.OOX","O","1","0","XOX.XOOXO"
"X.X.XOOXO","O.XXX.OOX","O","3","-1","X.XOXOOXO"
"X.XO.....",".....OX.X","O","4","-1","X.XOO...."
"X.XO.....",".....OX.X","O","6","-1","X.XO..O.."
"X.XO.....",".....OX.X","O","8","-1","X.XO....O"
"X.XO.....",".....OX.X","O","1","-1","XOXO....."
"X.XO.....",".....OX.X","O","5","-1","X.XO.O..."
"X.XO.....",".....OX.X","O","7","-1","X.XO...O."
"X.XO....O","..OO..X.X","X","4","1","X.XOX...O"
"X.XO....O","..OO..X.X","X","6","1","X.XO..X.O"
"X.XO....O","..OO..X.X","X","1","1","XXXO....O"
"X.XO....O","..OO..X.X","X","5","0","X.XO.X..O"
"X.XO....O","..OO..X.X","X","7","0","X.XO...XO"
"X.XO...O.","..XO...OX","X","4","1","X.XOX..O."
"X.XO...O.","..XO...OX","X","6","1","X.XO..XO."
"X.XO...O.","..XO...OX","X","8","1","X.XO...OX"
"X.XO...O.","..XO...OX","X","1","1","XXXO...O."
"X.XO...O.","..XO...OX","X","5","1","X.XO.X.O."
"X.XO...OX",".OXO..X.X","O","4","-1","X.XOO..OX"
"X.XO...OX",".OXO..X.X","O","6","-1","X.XO..OOX"
"X.XO...OX",".OXO..X.X","O","1","-1","XOXO...OX"
"X.XO...OX",".OXO..X.X","O","5","-1","X.XO.O.OX"
"X.XO...XO",".OXX..O.X","O","4","-1","X.XOO..XO"
"X.XO...XO",".OXX..O.X","O","6","-1","X.XO..OXO"
"X.XO...XO",".OXX..O.X","O","1","0","XOXO...XO"
"X.XO...XO",".OXX..O.X","O","5","-1","X.XO.O.XO"
"X.XO..O..","..O..OX.X","X","4","1","X.XOX.O.."
"X.XO..O..","..O..OX.X","X","8","1","X.XO..O.X"
"X.XO..O..","..O..OX.X","X","1","1","XXXO..O.."
"X.XO..O..","..O..OX.X","X","5","1","X.XO.XO.."
"X.XO..O..","..O..OX.X","X","7","1","X.XO..OX."
"X.XO..O.X","O.XO..X.X","O","4","-1","X.XOO.O.X"
"X.XO..O.X","O.XO..X.X","O","1","-1","XOXO..O.X"
"X.XO..O.X","O.XO..X.X","O","5","-1","X.XO.OO.X"
"X.XO..O.X","O.XO..X.X","O","7","-1","X.XO..OOX"
"X.XO..OOX","OOXO..X.X","X","4","1","X.XOX.OOX"
"X.XO..OOX","OOXO..X.X","X","1","1","XXXO..OOX"
"X.XO..OOX","OOXO..X.X","X","5","1","X.XO.XOOX"
"X.XO..OX.","..XX..OOX","O","4","-1","X.XOO.OX."
"X.XO..OX.","..XX..OOX","O","8","-1","X.XO..OXO"
"X.XO..OX.","..XX..OOX","O","1","-1","XOXO..OX."
"X.XO..OX.","..XX..OOX","O","5","-1","X.XO.OOX."
"X.XO..OXO","O.XX..OOX","X","4","0","X.XOX.OXO"
"X.XO..OXO","O.XX..OOX","X","1","1","XXXO..OXO"
"X.XO..OXO","O.XX..OOX","X","5","0","X.XO.XOXO"
"X.XO..X.O","O.X...XOX","O","4","-1","X.XOO.X.O"
"X.XO..X.O","O.X...XOX","O","1","-1","XOXO..X.O"
"X.XO..X.O","O.X...XOX","O","5","-1","X.XO.OX.O"
"X.XO..X.O","O.X...XOX","O","7","-1","X.XO..XOO"
"X.XO..XO.","..XO..XOX","O","4","-1","X.XOO.XO."
"X.XO..XO.","..XO..XOX","O","8","-1","X.XO..XOO"
"X.XO..XO.","..XO..XOX","O","1","-1","XOXO..XO."
"X.XO..XO.","..XO..XOX","O","5","-1","X.XO.OXO."
"X.XO..XOO","O.XO..XOX","X","4","1","X.XOX.XOO"
"X.XO..XOO","O.XO..XOX","X","1","1","XXXO..XOO"
"X.XO..XOO","O.XO..XOX","X","5","1","X.XO.XXOO"
"X.XO.O...","...O.OX.X","X","4","1","X.XOXO..."
"X.XO.O...","...O.OX.X","X","6","-1","X.XO.OX.."
"X.XO.O...","...O.OX.X","X","8","-1","X.XO.O..X"
"X.XO.O...","...O.OX.X","X","1","1","XXXO.O..."
"X.XO.O...","...O.OX.X","X","7","-1","X.XO.O.X."
"X.XO.O..X","..XO.OX.X","O","4","1","X.XOOO..X"
"X.XO.O..X","..XO.OX.X","O","6","-1","X.XO.OO.X"
"X.XO.O..X","..XO.OX.X","O","1","-1","XOXO.O..X"
"X.XO.O..X","..XO.OX.X","O","7","-1","X.XO.O.OX"
"X.XO.O.OX",".OXO..XOX","X","4","1","X.XOXO.OX"
"X.XO.O.OX",".OXO..XOX","X","6","-1","X.XO.OXOX"
"X.XO.O.OX",".OXO..XOX","X","1","1","XXXO.O.OX"
"X.XO.O.X.",".OXX...OX","O","4","1","X.XOOO.X."
"X.XO.O.X.",".OXX...OX","O","6","-1","X.XO.OOX."
"X.XO.O.X.",".OXX...OX","O","8","-1","X.XO.O.XO"
"X.XO.O.X.",".OXX...OX","O","1","-1","XOXO.O.X."
"X.XO.O.XO",".OXX..OOX","X","4","1","X.XOXO.XO"
"X.XO.O.XO",".OXX..OOX","X","6","-1","X.XO.OXXO"
"X.XO.O.XO",".OXX..OOX","X","1","1","XXXO.O.XO"
"X.XO.OO.X","O.XO.OX.X","X","4","1","X.XOXOO.X"
"X.XO.OO.X","O.XO.OX.X","X","1","1","XXXO.OO.X"
"X.XO.OO.X","O.XO.OX.X","X","7","-1","X.XO.OOXX"
"X.XO.OOX.",".OXX..OOX","X","4","1","X.XOXOOX."
"X.XO.OOX.",".OXX..OOX","X","8","-1","X.XO.OOXX"
"X.XO.OOX.",".OXX..OOX","X","1","1","XXXO.OOX."
"X.XO.OOXX","OOXX..XOX","O","4","1","X.XOOOOXX"
"X.XO.OOXX","OOXX..XOX","O","1","-1","XOXO.OOXX"
"X.XO.OX..","..XO.OX.X","O","4","1","X.XOOOX.."
"X.XO.OX..","..XO.OX.X","O","8","-1","X.XO.OX.O"
"X.XO.OX..","..XO.OX.X","O","1","-1","XOXO.OX.."
"X.XO.OX..","..XO.OX.X","O","7","-1","X.XO.OXO."
"X.XO.OX.O","O.XO.OX.X","X","4","1","X.XOXOX.O"
"X.XO.OX.O","O.XO.OX.X","X","1","1","XXXO.OX.O"
"X.XO.OX.O","O.XO.OX.X","X","7","-1","X.XO.OXXO"
"X.XO.OXO.",".OXO..XOX","X","4","1","X.XOXOXO."
"X.XO.OXO.",".OXO..XOX","X","8","-1","X.XO.OXOX"
"X.XO.OXO.",".OXO..XOX","X","1","1","XXXO.OXO."
"X.XO.OXOX","X.XO.OXOX","O","4","1","X.XOOOXOX"
"X.XO.OXOX","X.XO.OXOX","O","1","-1","XOXO.OXOX"
"X.XO.OXXO","OOXX..XOX","O","4","1","X.XOOOXXO"
"X.XO.OXXO","OOXX..XOX","O","1","-1","XOXO.OXXO"
"X.XO.X..O","..OO.XX.X","O","4","-1","X.XOOX..O"
"X.XO.X..O","..OO.XX.X","O","6","-1","X.XO.XO.O"
"X.XO.X..O","..OO.XX.X","O","1","0","XOXO.X..O"
"X.XO.X..O","..OO.XX.X","O","7","-1","X.XO.X.OO"
"X.XO.X.O.",".O.O.XX.X","O","4","-1","X.XOOX.O."
"X.XO.X.O.",".O.O.XX.X","O","6","-1","X.XO.XOO."
"X.XO.X.O.",".O.O.XX.X","O","8","-1","X.XO.X.OO"
"X.XO.X.O.",".O.O.XX.X","O","1","-1","XOXO.X.O."
"X.XO.X.OO",".OOO.XX.X","X","4","-1","X.XOXX.OO"
"X.XO.X.OO",".OOO.XX.X","X","6","1","X.XO.XXOO"
"X.XO.X.OO",".OOO.XX.X","X","1","1","XXXO.X.OO"
"X.XO.XO..","..OX.OX.X","O","4","-1","X.XOOXO.."
"X.XO.XO..","..OX.OX.X","O","8","-1","X.XO.XO.O"
"X.XO.XO..","..OX.OX.X","O","1","-1","XOXO.XO.."
"X.XO.XO..","..OX.OX.X","O","7","-1","X.XO.XOO."
"X.XO.XO.O","O.OO.XX.X","X","4","-1","X.XOXXO.O"
"X.XO.XO.O","O.OO.XX.X","X","1","1","XXXO.XO.O"
"X.XO.XO.O","O.OO.XX.X","X","7","0","X.XO.XOXO"
"X.XO.XOO.",".OOX.OX.X","X","4","-1","X.XOXXOO."
"X.XO.XOO.",".OOX.OX.X","X","8","1","X.XO.XOOX"
"X.XO.XOO.",".OOX.OX.X","X","1","1","XXXO.XOO."
"X.XO.XOXO","OOXX..OXX","O","4","-1","X.XOOXOXO"
"X.XO.XOXO","OOXX..OXX","O","1","0","XOXO.XOXO"
"X.XO.XXOO","OOXX.OX.X","O","4","-1","X.XOOXXOO"
"X.XO.XXOO","OOXX.OX.X","O","1","-1","XOXO.XXOO"
"X.XOO....","....OOX.X","X","6","-1","X.XOO.X.."
"X.XOO....","....OOX.X","X","8","-1","X.XOO...X"
"X.XOO....","....OOX.X","X","1","1","XXXOO...."
"X.XOO....","....OOX.X","X","5","1","X.XOOX..."
"X.XOO....","....OOX.X","X","7","-1","X.XOO..X."
"X.XOO...X","..XOO.X.X","O","6","-1","X.XOO.O.X"
"X.XOO...X","..XOO.X.X","O","1","-1","XOXOO...X"
"X.XOO...X","..XOO.X.X","O","5","1","X.XOOO..X"
"X.XOO...X","..XOO.X.X","O","7","-1","X.XOO..OX"
"X.XOO..OX",".OXOO.X.X","X","6","-1","X.XOO.XOX"
"X.XOO..OX",".OXOO.X.X","X","1","1","XXXOO..OX"
"X.XOO..OX",".OXOO.X.X","X","5","1","X.XOOX.OX"
"X.XOO..X.","..XXO..OX","O","6","-1","X.XOO.OX."
"X.XOO..X.","..XXO..OX","O","8","-1","X.XOO..XO"
"X.XOO..X.","..XXO..OX","O","1","0","XOXOO..X."
"X.XOO..X.","..XXO..OX","O","5","1","X.XOOO.X."
"X.XOO..XO",".OXXO.O.X","X","6","-1","X.XOO.XXO"
"X.XOO..XO",".OXXO.O.X","X","1","1","XXXOO..XO"
"X.XOO..XO",".OXXO.O.X","X","5","0","X.XOOX.XO"
"X.XOO.O.X","O.XOO.X.X","X","1","1","XXXOO.O.X"
"X.XOO.O.X","O.XOO.X.X","X","5","1","X.XOOXO.X"
"X.XOO.O.X","O.XOO.X.X","X","7","-1","X.XOO.OXX"
"X.XOO.OX.","..XXO.OOX","X","8","-1","X.XOO.OXX"
"X.XOO.OX.","..XXO.OOX","X","1","1","XXXOO.OX."
"X.XOO.OX.","..XXO.OOX","X","5","1","X.XOOXOX."
"X.XOO.OXX","OOXXO.X.X","O","1","-1","XOXOO.OXX"
"X.XOO.OXX","OOXXO.X.X","O","5","1","X.XOOOOXX"
"X.XOO.X..","..X.O.XOX","O","8","-1","X.XOO.X.O"
"X.XOO.X..","..X.O.XOX","O","1","1","XOXOO.X.."
"X.XOO.X..","..X.O.XOX","O","5","1","X.XOOOX.."
"X.XOO.X..","..X.O.XOX","O","7","-1","X.XOO.XO."
"X.XOO.X.O","O.X.O.XOX","X","1","1","XXXOO.X.O"
"X.XOO.X.O","O.X.O.XOX","X","5","0","X.XOOXX.O"
"X.XOO.X.O","O.X.O.XOX","X","7","-1","X.XOO.XXO"
"X.XOO.XO.","..XOO.XOX","X","8","-1","X.XOO.XOX"
"X.XOO.XO.","..XOO.XOX","X","1","1","XXXOO.XO."
"X.XOO.XO.","..XOO.XOX","X","5","-1","X.XOOXXO."
"X.XOO.XOX","X.X.OOXOX","O","1","1","XOXOO.XOX"
"X.XOO.XOX","X.X.OOXOX","O","5","1","X.XOOOXOX"
"X.XOO.XXO","O.XXO.XOX","O","1","0","XOXOO.XXO"
"X.XOO.XXO","O.XXO.XOX","O","5","1","X.XOOOXXO"
"X.XOOX...","...OOXX.X","O","6","-1","X.XOOXO.."
"X.XOOX...","...OOXX.X","O","8","-1","X.XOOX..O"
"X.XOOX...","...OOXX.X","O","1","-1","XOXOOX..."
"X.XOOX...","...OOXX.X","O","7","-1","X.XOOX.O."
"X.XOOX..O","..OOOXX.X","X","6","0","X.XOOXX.O"
"X.XOOX..O","..OOOXX.X","X","1","1","XXXOOX..O"
"X.XOOX..O","..OOOXX.X","X","7","0","X.XOOX.XO"
"X.XOOX.O.",".O.OOXX.X","X","6","-1","X.XOOXXO."
"X.XOOX.O.",".O.OOXX.X","X","8","1","X.XOOX.OX"
"X.XOOX.O.",".O.OOXX.X","X","1","1","XXXOOX.O."
"X.XOOX.XO",".OXXO.OXX","O","6","-1","X.XOOXOXO"
"X.XOOX.XO",".OXXO.OXX","O","1","0","XOXOOX.XO"
"X.XOOXO..","..OXOOX.X","X","8","1","X.XOOXO.X"
"X.XOOXO..","..OXOOX.X","X","1","1","XXXOOXO.."
"X.XOOXO..","..OXOOX.X","X","7","1","X.XOOXOX."
"X.XOOXOX.",".XOXOOX.X","O","8","-1","X.XOOXOXO"
"X.XOOXOX.",".XOXOOX.X","O","1","-1","XOXOOXOX."
"X.XOOXOXO","OOXXO.OXX","X","1","1","XXXOOXOXO"
"X.XOOXX.O","O.XXOOX.X","O","1","0","XOXOOXX.O"
"X.XOOXX.O","O.XXOOX.X","O","7","-1","X.XOOXXOO"
"X.XOOXXO.",".OXXOOX.X","O","8","-1","X.XOOXXOO"
"X.XOOXXO.",".OXXOOX.X","O","1","1","XOXOOXXO."
"X.XOOXXOO","OOXXOOX.X","X","1","1","XXXOOXXOO"
"X.XOX...O","..OOX.X.X","O","6","-1","X.XOX.O.O"
"X.XOX...O","..OOX.X.X","O","1","-1","XOXOX...O"
"X.XOX...O","..OOX.X.X","O","5","-1","X.XOXO..O"
"X.XOX...O","..OOX.X.X","O","7","-1","X.XOX..OO"
"X.XOX..O.","..XOX..OX","O","6","-1","X.XOX.OO."
"X.XOX..O.","..XOX..OX","O","8","-1","X.XOX..OO"
"X.XOX..O.","..XOX..OX","O","1","-1","XOXOX..O."
"X.XOX..O.","..XOX..OX","O","5","-1","X.XOXO.O."
"X.XOX..OO",".OOOX.X.X","X","6","1","X.XOX.XOO"
"X.XOX..OO",".OOOX.X.X","X","1","1","XXXOX..OO"
"X.XOX..OO",".OOOX.X.X","X","5","-1","X.XOXX.OO"
"X.XOX.O..","..O.XOX.X","O","8","-1","X.XOX.O.O"
"X.XOX.O..","..O.XOX.X","O","1","-1","XOXOX.O.."
"X.XOX.O..","..O.XOX.X","O","5","-1","X.XOXOO.."
"X.XOX.O..","..O.XOX.X","O","7","-1","X.XOX.OO."
"X.XOX.O.O","O.O.XOX.X","X","1","1","XXXOX.O.O"
"X.XOX.O.O","O.O.XOX.X","X","5","-1","X.XOXXO.O"
"X.XOX.O.O","O.O.XOX.X","X","7","0","X.XOX.OXO"
"X.XOX.OO.","..XOX.OOX","X","8","1","X.XOX.OOX"
"X.XOX.OO.","..XOX.OOX","X","1","1","XXXOX.OO."
"X.XOX.OO.","..XOX.OOX","X","5","-1","X.XOXXOO."
"X.XOX.OXO","O.XXX.OOX","O","1","0","XOXOX.OXO"
"X.XOX.OXO","O.XXX.OOX","O","5","-1","X.XOXOOXO"
"X.XOXO...","...OXOX.X","O","6","-1","X.XOXOO.."
"X.XOXO...","...OXOX.X","O","8","-1","X.XOXO..O"
"X.XOXO...","...OXOX.X","O","1","-1","XOXOXO..."
"X.XOXO...","...OXOX.X","O","7","-1","X.XOXO.O."
"X.XOXO..O","..OOXOX.X","X","6","1","X.XOXOX.O"
"X.XOXO..O","..OOXOX.X","X","1","1","XXXOXO..O"
"X.XOXO..O","..OOXOX.X","X","7","1","X.XOXO.XO"
"X.XOXO.O.",".O.OXOX.X","X","6","1","X.XOXOXO."
"X.XOXO.O.",".O.OXOX.X","X","8","1","X.XOXO.OX"
"X.XOXO.O.",".O.OXOX.X","X","1","1","XXXOXO.O."
"X.XOXO.XO",".OXXX.OOX","O","6","-1","X.XOXOOXO"
"X.XOXO.XO",".OXXX.OOX","O","1","-1","XOXOXO.XO"
"X.XOXOO..","..OOXOX.X","X","8","1","X.XOXOO.X"
"X.XOXOO..","..OOXOX.X","X","1","1","XXXOXOO.."
"X.XOXOO..","..OOXOX.X","X","7","1","X.XOXOOX."
"X.XOXOOX.",".OXXX.OOX","O","8","-1","X.XOXOOXO"
"X.XOXOOX.",".OXXX.OOX","O","1","-1","XOXOXOOX."
"X.XOXOOXO","OOXXX.OOX","X","1","1","XXXOXOOXO"
"X.XOXX.OO",".OOOXXX.X","O","6","1","X.XOXXOOO"
"X.XOXX.OO",".OOOXXX.X","O","1","-1","XOXOXX.OO"
"X.XOXXO.O","O.OOXXX.X","O","1","0","XOXOXXO.O"
"X.XOXXO.O","O.OOXXX.X","O","7","1","X.XOXXOOO"
"X.XOXXOO.",".OOXXOX.X","O","8","1","X.XOXXOOO"
"X.XOXXOO.",".OOXXOX.X","O","1","-1","XOXOXXOO."
"X.XX...OO",".OOX..X.X","O","4","-1","X.XXO..OO"
"X.XX...OO",".OOX..X.X","O","6","1","X.XX..OOO"
"X.XX...OO",".OOX..X.X","O","1","-1","XOXX...OO"
"X.XX...OO",".OOX..X.X","O","5","-1","X.XX.O.OO"
"X.XX..O.O","O.O..XX.X","O","4","-1","X.XXO.O.O"
"X.XX..O.O","O.O..XX.X","O","1","0","XOXX..O.O"
"X.XX..O.O","O.O..XX.X","O","5","-1","X.XX.OO.O"
"X.XX..O.O","O.O..XX.X","O","7","1","X.XX..OOO"
"X.XX..OO.","..XO..OXX","O","4","-1","X.XXO.OO."
"X.XX..OO.","..XO..OXX","O","8","1","X.XX..OOO"
"X.XX..OO.","..XO..OXX","O","1","1","XOXX..OO."
"X.XX..OO.","..XO..OXX","O","5","-1","X.XX.OOO."
"X.XX.O..O","..OX.OX.X","O","4","-1","X.XXOO..O"
"X.XX.O..O","..OX.OX.X","O","6","-1","X.XX.OO.O"
"X.XX.O..O","..OX.OX.X","O","1","-1","XOXX.O..O"
"X.XX.O..O","..OX.OX.X","O","7","-1","X.XX.O.OO"
"X.XX.O.O.",".O.O.XX.X","O","4","-1","X.XXOO.O."
"X.XX.O.O.",".O.O.XX.X","O","6","-1","X.XX.OOO."
"X.XX.O.O.",".O.O.XX.X","O","8","-1","X.XX.O.OO"
"X.XX.O.O.",".O.O.XX.X","O","1","-1","XOXX.O.O."
"X.XX.O.OO",".OOX.OX.X","X","4","-1","X.XXXO.OO"
"X.XX.O.OO",".OOX.OX.X","X","6","1","X.XX.OXOO"
"X.XX.O.OO",".OOX.OX.X","X","1","1","XXXX.O.OO"
"X.XX.OO..","..OO.XX.X","O","4","-1","X.XXOOO.."
"X.XX.OO..","..OO.XX.X","O","8","-1","X.XX.OO.O"
"X.XX.OO..","..OO.XX.X","O","1","0","XOXX.OO.."
"X.XX.OO..","..OO.XX.X","O","7","-1","X.XX.OOO."
"X.XX.OO.O","O.OO.XX.X","X","4","-1","X.XXXOO.O"
"X.XX.OO.O","O.OO.XX.X","X","1","1","XXXX.OO.O"
"X.XX.OO.O","O.OO.XX.X","X","7","0","X.XX.OOXO"
"X.XX.OOO.",".OOO.XX.X","X","4","-1","X.XXXOOO."
"X.XX.OOO.",".OOO.XX.X","X","8","1","X.XX.OOOX"
"X.XX.OOO.",".OOO.XX.X","X","1","1","XXXX.OOO."
"X.XX.OOOX","OOXX.OX.X","O","4","-1","X.XXOOOOX"
"X.XX.OOOX","OOXX.OX.X","O","1","-1","XOXX.OOOX"
"X.XX.OOXO","OOXX..OXX","O","4","-1","X.XXOOOXO"
"X.XX.OOXO","OOXX..OXX","O","1","0","XOXX.OOXO"
"X.XXO...O","..OXO.X.X","O","6","-1","X.XXO.O.O"
"X.XXO...O","..OXO.X.X","O","1","-1","XOXXO...O"
"X.XXO...O","..OXO.X.X","O","5","-1","X.XXOO..O"
"X.XXO...O","..OXO.X.X","O","7","-1","X.XXO..OO"
"X.XXO..O.","..XOO..XX","O","6","-1","X.XXO.OO."
"X.XXO..O.","..XOO..XX","O","8","-1","X.XXO..OO"
"X.XXO..O.","..XOO..XX","O","1","1","XOXXO..O."
"X.XXO..O.","..XOO..XX","O","5","-1","X.XXOO.O."
"X.XXO..OO",".OOXO.X.X","X","6","1","X.XXO.XOO"
"X.XXO..OO",".OOXO.X.X","X","1","1","XXXXO..OO"
"X.XXO..OO",".OOXO.X.X","X","5","-1","X.XXOX.OO"
"X.XXO.O..","..O.OXX.X","O","8","-1","X.XXO.O.O"
"X.XXO.O..","..O.OXX.X","O","1","0","XOXXO.O.."
"X.XXO.O..","..O.OXX.X","O","5","-1","X.XXOOO.."
"X.XXO.O..","..O.OXX.X","O","7","-1","X.XXO.OO."
"X.XXO.O.O","O.O.OXX.X","X","1","1","XXXXO.O.O"
"X.XXO.O.O","O.O.OXX.X","X","5","-1","X.XXOXO.O"
"X.XXO.O.O","O.O.OXX.X","X","7","0","X.XXO.OXO"
"X.XXO.OO.","..XOO.OXX","X","8","-1","X.XXO.OOX"
"X.XXO.OO.","..XOO.OXX","X","1","1","XXXXO.OO."
"X.XXO.OO.","..XOO.OXX","X","5","-1","X.XXOXOO."
"X.XXO.OOX","OOXXO.X.X","O","1","1","XOXXO.OOX"
"X.XXO.OOX","OOXXO.X.X","O","5","-1","X.XXOOOOX"
"X.XXO.OXO","O.XXO.OXX","O","1","0","XOXXO.OXO"
"X.XXO.OXO","O.XXO.OXX","O","5","-1","X.XXOOOXO"
"X.XXOO...","...OOXX.X","O","6","-1","X.XXOOO.."
"X.XXOO...","...OOXX.X","O","8","-1","X.XXOO..O"
"X.XXOO...","...OOXX.X","O","1","-1","XOXXOO..."
"X.XXOO...","...OOXX.X","O","7","-1","X.XXOO.O."
"X.XXOO..O","..OXOOX.X","X","6","1","X.XXOOX.O"
"X.XXOO..O","..OXOOX.X","X","1","1","XXXXOO..O"
"X.XXOO..O","..OXOOX.X","X","7","1","X.XXOO.XO"
"X.XXOO.O.",".O.OOXX.X","X","6","1","X.XXOOXO."
"X.XXOO.O.",".O.OOXX.X","X","8","-1","X.XXOO.OX"
"X.XXOO.O.",".O.OOXX.X","X","1","1","XXXXOO.O."
"X.XXOO.OX",".OXXOOX.X","O","6","-1","X.XXOOOOX"
"X.XXOO.OX",".OXXOOX.X","O","1","1","XOXXOO.OX"
"X.XXOO.XO",".XOXOOX.X","O","6","-1","X.XXOOOXO"
"X.XXOO.XO",".XOXOOX.X","O","1","-1","XOXXOO.XO"
"X.XXOOO..","..OOOXX.X","X","8","0","X.XXOOO.X"
"X.XXOOO..","..OOOXX.X","X","1","1","XXXXOOO.."
"X.XXOOO..","..OOOXX.X","X","7","0","X.XXOOOX."
"X.XXOOO.X","O.XXOOX.X","O","1","0","XOXXOOO.X"
"X.XXOOO.X","O.XXOOX.X","O","7","-1","X.XXOOOOX"
"X.XXOOOOX","OOXXOOX.X","X","1","1","XXXXOOOOX"
"X.XXOOOX.",".OXXO.OXX","O","8","-1","X.XXOOOXO"
"X.XXOOOX.",".OXXO.OXX","O","1","0","XOXXOOOX."
"X.XXOOOXO","OOXXO.OXX","X","1","1","XXXXOOOXO"
"X.XXOX.OO",".OOXOXX.X","O","6","1","X.XXOXOOO"
"X.XXOX.OO",".OOXOXX.X","O","1","1","XOXXOX.OO"
"X.XXOXO.O","O.OXOXX.X","O","1","0","XOXXOXO.O"
"X.XXOXO.O","O.OXOXX.X","O","7","1","X.XXOXOOO"
"X.XXOXOO.",".OOXOXX.X","O","8","1","X.XXOXOOO"
"X.XXOXOO.",".OOXOXX.X","O","1","1","XOXXOXOO."
"X.XXXO.OO",".OOXXOX.X","O","6","1","X.XXXOOOO"
"X.XXXO.OO",".OOXXOX.X","O","1","-1","XOXXXO.OO"
"X.XXXOO.O","O.OOXXX.X","O","1","0","XOXXXOO.O"
"X.XXXOO.O","O.OOXXX.X","O","7","1","X.XXXOOOO"
"X.XXXOOO.",".OOOXXX.X","O","8","1","X.XXXOOOO"
"X.XXXOOO.",".OOOXXX.X","O","1","-1","XOXXXOOO."
"XO.......",".......OX","X","4","1","XO..X...."
"XO.......",".......OX","X","2","0","XOX......"
"XO.......",".......OX","X","6","1","XO....X.."
"XO.......",".......OX","X","8","0","XO......X"
"XO.......",".......OX","X","3","1","XO.X....."
"XO.......",".......OX","X","5","0","XO...X..."
"XO.......",".......OX","X","7","0","XO.....X."
"XO......X","..X...XO.","O","4","0","XO..O...X"
"XO......X","..X...XO.","O","2","-1","XOO.....X"
"XO......X","..X...XO.","O","6","-1","XO....O.X"
"XO......X","..X...XO.","O","3","-1","XO.O....X"
"XO......X","..X...XO.","O","5","-1","XO...O..X"
"XO......X","..X...XO.","O","7","-1","XO.....OX"
"XO.....OX","..XO.OX..","X","4","1","XO..X..OX"
"XO.....OX","..XO.OX..","X","2","-1","XOX....OX"
"XO.....OX","..XO.OX..","X","6","-1","XO....XOX"
"XO.....OX","..XO.OX..","X","3","-1","XO.X...OX"
"XO.....OX","..XO.OX..","X","5","-1","XO...X.OX"
"XO.....X.","...O.XX..","O","4","-1","XO..O..X."
"XO.....X.","...O.XX..","O","2","-1","XOO....X."
"XO.....X.","...O.XX..","O","6","0","XO....OX."
"XO.....X.","...O.XX..","O","8","0","XO.....XO"
"XO.....X.","...O.XX..","O","3","-1","XO.O...X."
"XO.....X.","...O.XX..","O","5","-1","XO...O.X."
"XO.....XO","..OO.XX..","X","4","0","XO..X..XO"
"XO.....XO","..OO.XX..","X","2","0","XOX....XO"
"XO.....XO","..OO.XX..","X","6","0","XO....XXO"
"XO.....XO","..OO.XX..","X","3","0","XO.X...XO"
"XO.....XO","..OO.XX..","X","5","0","XO...X.XO"
"XO....O.X","..XO..X.O","X","4","1","XO..X.O.X"
"XO....O.X","..XO..X.O","X","2","1","XOX...O.X"
"XO....O.X","..XO..X.O","X","3","-1","XO.X..O.X"
"XO....O.X","..XO..X.O","X","5","1","XO...XO.X"
"XO....O.X","..XO..X.O","X","7","0","XO....OXX"
"XO....OX.","...O.XX.O","X","4","0","XO..X.OX."
"XO....OX.","...O.XX.O","X","2","0","XOX...OX."
"XO....OX.","...O.XX.O","X","8","0","XO....OXX"
"XO....OX.","...O.XX.O","X","3","0","XO.X..OX."
"XO....OX.","...O.XX.O","X","5","0","XO...XOX."
"XO....OXX","..XO.XX.O","O","4","0","XO..O.OXX"
"XO....OXX","..XO.XX.O","O","2","-1","XOO...OXX"
"XO....OXX","..XO.XX.O","O","3","-1","XO.O..OXX"
"XO....OXX","..XO.XX.O","O","5","-1","XO...OOXX"
"XO....X..",".....OX.X","O","4","-1","XO..O.X.."
"XO....X..",".....OX.X","O","2","-1","XOO...X.."
"XO....X..",".....OX.X","O","8","-1","XO....X.O"
"XO....X..",".....OX.X","O","3","-1","XO.O..X.."
"XO....X..",".....OX.X","O","5","-1","XO...OX.."
"XO....X..",".....OX.X","O","7","-1","XO....XO."
"XO....X.O","..OO..X.X","X","4","1","XO..X.X.O"
"XO....X.O","..OO..X.X","X","2","1","XOX...X.O"
"XO....X.O","..OO..X.X","X","3","1","XO.X..X.O"
"XO....X.O","..OO..X.X","X","5","0","XO...XX.O"
"XO....X.O","..OO..X.X","X","7","0","XO....XXO"
"XO....XO.","...O.OX.X","X","4","1","XO..X.XO."
"XO....XO.","...O.OX.X","X","2","-1","XOX...XO."
"XO....XO.","...O.OX.X","X","8","-1","XO....XOX"
"XO....XO.","...O.OX.X","X","3","1","XO.X..XO."
"XO....XO.","...O.OX.X","X","5","-1","XO...XXO."
"XO....XOX","..XO.OX.X","O","4","1","XO..O.XOX"
"XO....XOX","..XO.OX.X","O","2","-1","XOO...XOX"
"XO....XOX","..XO.OX.X","O","3","-1","XO.O..XOX"
"XO....XOX","..XO.OX.X","O","5","-1","XO...OXOX"
"XO....XXO","..OO.XX.X","O","4","-1","XO..O.XXO"
"XO....XXO","..OO.XX.X","O","2","-1","XOO...XXO"
"XO....XXO","..OO.XX.X","O","3","0","XO.O..XXO"
"XO....XXO","..OO.XX.X","O","5","-1","XO...OXXO"
"XO...O..X","..X..OXO.","X","4","1","XO..XO..X"
"XO...O..X","..X..OXO.","X","2","-1","XOX..O..X"
"XO...O..X","..X..OXO.","X","6","1","XO...OX.X"
"XO...O..X","..X..OXO.","X","3","1","XO.X.O..X"
"XO...O..X","..X..OXO.","X","7","1","XO...O.XX"
"XO...O.X.","..XX.O.O.","X","4","0","XO..XO.X."
"XO...O.X.","..XX.O.O.","X","2","0","XOX..O.X."
"XO...O.X.","..XX.O.O.","X","6","1","XO...OXX."
"XO...O.X.","..XX.O.O.","X","8","1","XO...O.XX"
"XO...O.X.","..XX.O.O.","X","3","0","XO.X.O.X."
"XO...O.XX","..XX.OXO.","O","4","-1","XO..OO.XX"
"XO...O.XX","..XX.OXO.","O","2","-1","XOO..O.XX"
"XO...O.XX","..XX.OXO.","O","6","-1","XO...OOXX"
"XO...O.XX","..XX.OXO.","O","3","-1","XO.O.O.XX"
"XO...OOXX",".OXO..XXO","X","4","1","XO..XOOXX"
"XO...OOXX",".OXO..XXO","X","2","0","XOX..OOXX"
"XO...OOXX",".OXO..XXO","X","3","0","XO.X.OOXX"
"XO...OX..","..XO...OX","X","4","1","XO..XOX.."
"XO...OX..","..XO...OX","X","2","1","XOX..OX.."
"XO...OX..","..XO...OX","X","8","1","XO...OX.X"
"XO...OX..","..XO...OX","X","3","1","XO.X.OX.."
"XO...OX..","..XO...OX","X","7","1","XO...OXX."
"XO...OX.X",".OXO..X.X","O","4","-1","XO..OOX.X"
"XO...OX.X",".OXO..X.X","O","2","-1","XOO..OX.X"
"XO...OX.X",".OXO..X.X","O","3","-1","XO.O.OX.X"
"XO...OX.X",".OXO..X.X","O","7","-1","XO...OXOX"
"XO...OXOX",".OXO..XOX","X","4","1","XO..XOXOX"
"XO...OXOX",".OXO..XOX","X","2","-1","XOX..OXOX"
"XO...OXOX",".OXO..XOX","X","3","1","XO.X.OXOX"
"XO...OXX.",".O.O.XX.X","O","4","-1","XO..OOXX."
"XO...OXX.",".O.O.XX.X","O","2","-1","XOO..OXX."
"XO...OXX.",".O.O.XX.X","O","8","-1","XO...OXXO"
"XO...OXX.",".O.O.XX.X","O","3","-1","XO.O.OXX."
"XO...OXXO",".OOO.XX.X","X","4","-1","XO..XOXXO"
"XO...OXXO",".OOO.XX.X","X","2","1","XOX..OXXO"
"XO...OXXO",".OOO.XX.X","X","3","1","XO.X.OXXO"
"XO...X...",".....XXO.","O","4","0","XO..OX..."
"XO...X...",".....XXO.","O","2","-1","XOO..X..."
"XO...X...",".....XXO.","O","6","-1","XO...XO.."
"XO...X...",".....XXO.","O","8","-1","XO...X..O"
"XO...X...",".....XXO.","O","3","-1","XO.O.X..."
"XO...X...",".....XXO.","O","7","-1","XO...X.O."
"XO...X..O","..O..XXO.","X","4","0","XO..XX..O"
"XO...X..O","..O..XXO.","X","2","-1","XOX..X..O"
"XO...X..O","..O..XXO.","X","6","0","XO...XX.O"
"XO...X..O","..O..XXO.","X","3","1","XO.X.X..O"
"XO...X..O","..O..XXO.","X","7","0","XO...X.XO"
"XO...X.O.","..XO.O.X.","X","4","1","XO..XX.O."
"XO...X.O.","..XO.O.X.","X","2","-1","XOX..X.O."
"XO...X.O.","..XO.O.X.","X","6","-1","XO...XXO."
"XO...X.O.","..XO.O.X.","X","8","-1","XO...X.OX"
"XO...X.O.","..XO.O.X.","X","3","-1","XO.X.X.O."
"XO...X.OX","..XO.OXX.","O","4","1","XO..OX.OX"
"XO...X.OX","..XO.OXX.","O","2","-1","XOO..X.OX"
"XO...X.OX","..XO.OXX.","O","6","-1","XO...XOOX"
"XO...X.OX","..XO.OXX.","O","3","-1","XO.O.X.OX"
"XO...X.XO","..XX.OOX.","O","4","0","XO..OX.XO"
"XO...X.XO","..XX.OOX.","O","2","-1","XOO..X.XO"
"XO...X.XO","..XX.OOX.","O","6","0","XO...XOXO"
"XO...X.XO","..XX.OOX.","O","3","0","XO.O.X.XO"
"XO...XO..","..OX...OX","X","4","1","XO..XXO.."
"XO...XO..","..OX...OX","X","2","0","XOX..XO.."
"XO...XO..","..OX...OX","X","8","1","XO...XO.X"
"XO...XO..","..OX...OX","X","3","-1","XO.X.XO.."
"XO...XO..","..OX...OX","X","7","0","XO...XOX."
"XO...XO.X",".OXX..X.O","O","4","-1","XO..OXO.X"
"XO...XO.X",".OXX..X.O","O","2","-1","XOO..XO.X"
"XO...XO.X",".OXX..X.O","O","3","-1","XO.O.XO.X"
"XO...XO.X",".OXX..X.O","O","7","-1","XO...XOOX"
"XO...XOOX",".OXX..XOO","X","4","1","XO..XXOOX"
"XO...XOOX",".OXX..XOO","X","2","1","XOX..XOOX"
"XO...XOOX",".OXX..XOO","X","3","-1","XO.X.XOOX"
"XO...XOX.",".OXX...XO","O","4","0","XO..OXOX."
"XO...XOX.",".OXX...XO","O","2","-1","XOO..XOX."
"XO...XOX.",".OXX...XO","O","8","0","XO...XOXO"
"XO...XOX.",".OXX...XO","O","3","-1","XO.O.XOX."
"XO...XOXO",".OXX..OXO","X","4","0","XO..XXOXO"
"XO...XOXO",".OXX..OXO","X","2","0","XOX..XOXO"
"XO...XOXO",".OXX..OXO","X","3","0","XO.X.XOXO"
"XO...XX.O",".OXX..O.X","O","4","-1","XO..OXX.O"
"XO...XX.O",".OXX..O.X","O","2","-1","XOO..XX.O"
"XO...XX.O",".OXX..O.X","O","3","0","XO.O.XX.O"
"XO...XX.O",".OXX..O.X","O","7","-1","XO...XXOO"
"XO...XXO.",".OXX...OX","O","4","1","XO..OXXO."
"XO...XXO.",".OXX...OX","O","2","-1","XOO..XXO."
"XO...XXO.",".OXX...OX","O","8","-1","XO...XXOO"
"XO...XXO.",".OXX...OX","O","3","-1","XO.O.XXO."
"XO...XXOO",".OXX..OOX","X","4","1","XO..XXXOO"
"XO...XXOO",".OXX..OOX","X","2","-1","XOX..XXOO"
"XO...XXOO",".OXX..OOX","X","3","1","XO.X.XXOO"
"XO..O...X","..X.O.XO.","X","2","-1","XOX.O...X"
"XO..O...X","..X.O.XO.","X","6","-1","XO..O.X.X"
"XO..O...X","..X.O.XO.","X","3","-1","XO.XO...X"
"XO..O...X","..X.O.XO.","X","5","-1","XO..OX..X"
"XO..O...X","..X.O.XO.","X","7","0","XO..O..XX"
"XO..O..X.","...OOXX..","X","2","0","XOX.O..X."
"XO..O..X.","...OOXX..","X","6","1","XO..O.XX."
"XO..O..X.","...OOXX..","X","8","0","XO..O..XX"
"XO..O..X.","...OOXX..","X","3","0","XO.XO..X."
"XO..O..X.","...OOXX..","X","5","0","XO..OX.X."
"XO..O..XX","..XOOXX..","O","2","-1","XOO.O..XX"
"XO..O..XX","..XOOXX..","O","6","0","XO..O.OXX"
"XO..O..XX","..XOOXX..","O","3","-1","XO.OO..XX"
"XO..O..XX","..XOOXX..","O","5","-1","XO..OO.XX"
"XO..O.OXX","..XOOXX.O","X","2","0","XOX.O.OXX"
"XO..O.OXX","..XOOXX.O","X","3","-1","XO.XO.OXX"
"XO..O.OXX","..XOOXX.O","X","5","-1","XO..OXOXX"
"XO..O.X..","....OOX.X","X","2","-1","XOX.O.X.."
"XO..O.X..","....OOX.X","X","8","-1","XO..O.X.X"
"XO..O.X..","....OOX.X","X","3","1","XO.XO.X.."
"XO..O.X..","....OOX.X","X","5","-1","XO..OXX.."
"XO..O.X..","....OOX.X","X","7","1","XO..O.XX."
"XO..O.X.X","..XOO.X.X","O","2","-1","XOO.O.X.X"
"XO..O.X.X","..XOO.X.X","O","3","-1","XO.OO.X.X"
"XO..O.X.X","..XOO.X.X","O","5","-1","XO..OOX.X"
"XO..O.X.X","..XOO.X.X","O","7","1","XO..O.XOX"
"XO..O.XX.","...OOXX.X","O","2","-1","XOO.O.XX."
"XO..O.XX.","...OOXX.X","O","8","-1","XO..O.XXO"
"XO..O.XX.","...OOXX.X","O","3","-1","XO.OO.XX."
"XO..O.XX.","...OOXX.X","O","5","-1","XO..OOXX."
"XO..O.XXO","..OOOXX.X","X","2","0","XOX.O.XXO"
"XO..O.XXO","..OOOXX.X","X","3","1","XO.XO.XXO"
"XO..O.XXO","..OOOXX.X","X","5","0","XO..OXXXO"
"XO..OO.XX","..XXOOXO.","X","2","-1","XOX.OO.XX"
"XO..OO.XX","..XXOOXO.","X","6","1","XO..OOXXX"
"XO..OO.XX","..XXOOXO.","X","3","0","XO.XOO.XX"
"XO..OOX.X",".OXOO.X.X","X","2","-1","XOX.OOX.X"
"XO..OOX.X",".OXOO.X.X","X","3","1","XO.XOOX.X"
"XO..OOX.X",".OXOO.X.X","X","7","1","XO..OOXXX"
"XO..OOXX.",".O.OOXX.X","X","2","-1","XOX.OOXX."
"XO..OOXX.",".O.OOXX.X","X","8","1","XO..OOXXX"
"XO..OOXX.",".O.OOXX.X","X","3","1","XO.XOOXX."
"XO..OX...","....OXXO.","X","2","-1","XOX.OX..."
"XO..OX...","....OXXO.","X","6","-1","XO..OXX.."
"XO..OX...","....OXXO.","X","8","-1","XO..OX..X"
"XO..OX...","....OXXO.","X","3","-1","XO.XOX..."
"XO..OX...","....OXXO.","X","7","0","XO..OX.X."
"XO..OX..X","..X.OOXX.","O","2","1","XOO.OX..X"
"XO..OX..X","..X.OOXX.","O","6","-1","XO..OXO.X"
"XO..OX..X","..X.OOXX.","O","3","-1","XO.OOX..X"
"XO..OX..X","..X.OOXX.","O","7","1","XO..OX.OX"
"XO..OX.X.","..XXOO.X.","O","2","-1","XOO.OX.X."
"XO..OX.X.","..XXOO.X.","O","6","0","XO..OXOX."
"XO..OX.X.","..XXOO.X.","O","8","0","XO..OX.XO"
"XO..OX.X.","..XXOO.X.","O","3","-1","XO.OOX.X."
"XO..OX.XO","..XXOOOX.","X","2","0","XOX.OX.XO"
"XO..OX.XO","..XXOOOX.","X","6","0","XO..OXXXO"
"XO..OX.XO","..XXOOOX.","X","3","0","XO.XOX.XO"
"XO..OXO.X",".OXXO.X.O","X","2","1","XOX.OXO.X"
"XO..OXO.X",".OXXO.X.O","X","3","-1","XO.XOXO.X"
"XO..OXO.X",".OXXO.X.O","X","7","-1","XO..OXOXX"
"XO..OXOX.",".OXXO..XO","X","2","0","XOX.OXOX."
"XO..OXOX.",".OXXO..XO","X","8","-1","XO..OXOXX"
"XO..OXOX.",".OXXO..XO","X","3","-1","XO.XOXOX."
"XO..OXOXX",".OXXO.XXO","O","2","1","XOO.OXOXX"
"XO..OXOXX",".OXXO.XXO","O","3","-1","XO.OOXOXX"
"XO..OXX..","..XXO..OX","O","2","-1","XOO.OXX.."
"XO..OXX..","..XXO..OX","O","8","-1","XO..OXX.O"
"XO..OXX..","..XXO..OX","O","3","0","XO.OOXX.."
"XO..OXX..","..XXO..OX","O","7","1","XO..OXXO."
"XO..OXX.O",".OXXO.O.X","X","2","-1","XOX.OXX.O"
"XO..OXX.O",".OXXO.O.X","X","3","1","XO.XOXX.O"
"XO..OXX.O",".OXXO.O.X","X","7","0","XO..OXXXO"
"XO..OXXXO",".OXXO.OXX","O","2","-1","XOO.OXXXO"
"XO..OXXXO",".OXXO.OXX","O","3","0","XO.OOXXXO"
"XO..X....","....X..OX","O","2","-1","XOO.X...."
"XO..X....","....X..OX","O","6","-1","XO..X.O.."
"XO..X....","....X..OX","O","8","-1","XO..X...O"
"XO..X....","....X..OX","O","3","-1","XO.OX...."
"XO..X....","....X..OX","O","5","-1","XO..XO..."
"XO..X....","....X..OX","O","7","-1","XO..X..O."
"XO..X...O","..O.X.XO.","X","2","0","XOX.X...O"
"XO..X...O","..O.X.XO.","X","6","1","XO..X.X.O"
"XO..X...O","..O.X.XO.","X","3","1","XO.XX...O"
"XO..X...O","..O.X.XO.","X","5","0","XO..XX..O"
"XO..X...O","..O.X.XO.","X","7","0","XO..X..XO"
"XO..X..O.","...OXO..X","X","2","1","XOX.X..O."
"XO..X..O.","...OXO..X","X","6","1","XO..X.XO."
"XO..X..O.","...OXO..X","X","8","1","XO..X..OX"
"XO..X..O.","...OXO..X","X","3","1","XO.XX..O."
"XO..X..O.","...OXO..X","X","5","1","XO..XX.O."
"XO..X..XO","..OOXXX..","O","2","0","XOO.X..XO"
"XO..X..XO","..OOXXX..","O","6","0","XO..X.OXO"
"XO..X..XO","..OOXXX..","O","3","0","XO.OX..XO"
"XO..X..XO","..OOXXX..","O","5","0","XO..XO.XO"
"XO..X.O..","....XOO.X","X","2","0","XOX.X.O.."
"XO..X.O..","....XOO.X","X","8","1","XO..X.O.X"
"XO..X.O..","....XOO.X","X","3","1","XO.XX.O.."
"XO..X.O..","....XOO.X","X","5","1","XO..XXO.."
"XO..X.O..","....XOO.X","X","7","0","XO..X.OX."
"XO..X.OX.","...OXXX.O","O","2","-1","XOO.X.OX."
"XO..X.OX.","...OXXX.O","O","8","0","XO..X.OXO"
"XO..X.OX.","...OXXX.O","O","3","-1","XO.OX.OX."
"XO..X.OX.","...OXXX.O","O","5","-1","XO..XOOX."
"XO..X.OXO","..OOXXX.O","X","2","0","XOX.X.OXO"
"XO..X.OXO","..OOXXX.O","X","3","0","XO.XX.OXO"
"XO..X.OXO","..OOXXX.O","X","5","0","XO..XXOXO"
"XO..X.X.O","..OOX.X.X","O","2","-1","XOO.X.X.O"
"XO..X.X.O","..OOX.X.X","O","3","-1","XO.OX.X.O"
"XO..X.X.O","..OOX.X.X","O","5","-1","XO..XOX.O"
"XO..X.X.O","..OOX.X.X","O","7","-1","XO..X.XOO"
"XO..X.XO.","...OXOX.X","O","2","-1","XOO.X.XO."
"XO..X.XO.","...OXOX.X","O","8","-1","XO..X.XOO"
"XO..X.XO.","...OXOX.X","O","3","-1","XO.OX.XO."
"XO..X.XO.","...OXOX.X","O","5","-1","XO..XOXO."
"XO..X.XOO","..OOXOX.X","X","2","1","XOX.X.XOO"
"XO..X.XOO","..OOXOX.X","X","3","1","XO.XX.XOO"
"XO..X.XOO","..OOXOX.X","X","5","1","XO..XXXOO"
"XO..XO...","....XOXO.","X","2","1","XOX.XO..."
"XO..XO...","....XOXO.","X","6","1","XO..XOX.."
"XO..XO...","....XOXO.","X","8","1","XO..XO..X"
"XO..XO...","....XOXO.","X","3","1","XO.XXO..."
"XO..XO...","....XOXO.","X","7","0","XO..XO.X."
"XO..XO.X.","..XXXO.O.","O","2","-1","XOO.XO.X."
"XO..XO.X.","..XXXO.O.","O","6","-1","XO..XOOX."
"XO..XO.X.","..XXXO.O.","O","8","0","XO..XO.XO"
"XO..XO.X.","..XXXO.O.","O","3","-1","XO.OXO.X."
"XO..XO.XO","..XXXOOO.","X","2","0","XOX.XO.XO"
"XO..XO.XO","..XXXOOO.","X","6","-1","XO..XOXXO"
"XO..XO.XO","..XXXOOO.","X","3","-1","XO.XXO.XO"
"XO..XOOX.",".O.OXXX.O","X","2","0","XOX.XOOX."
"XO..XOOX.",".O.OXXX.O","X","8","1","XO..XOOXX"
"XO..XOOX.",".O.OXXX.O","X","3","0","XO.XXOOX."
"XO..XOX..","..XOX..OX","O","2","-1","XOO.XOX.."
"XO..XOX..","..XOX..OX","O","8","-1","XO..XOX.O"
"XO..XOX..","..XOX..OX","O","3","-1","XO.OXOX.."
"XO..XOX..","..XOX..OX","O","7","-1","XO..XOXO."
"XO..XOX.O",".OOOX.X.X","X","2","1","XOX.XOX.O"
"XO..XOX.O",".OOOX.X.X","X","3","1","XO.XXOX.O"
"XO..XOX.O",".OOOX.X.X","X","7","-1","XO..XOXXO"
"XO..XOXO.",".O.OXOX.X","X","2","1","XOX.XOXO."
"XO..XOXO.",".O.OXOX.X","X","8","1","XO..XOXOX"
"XO..XOXO.",".O.OXOX.X","X","3","1","XO.XXOXO."
"XO..XOXXO",".OOOXXX.X","O","2","1","XOO.XOXXO"
"XO..XOXXO",".OOOXXX.X","O","3","-1","XO.OXOXXO"
"XO..XX..O","..O.XXXO.","O","2","-1","XOO.XX..O"
"XO..XX..O","..O.XXXO.","O","6","-1","XO..XXO.O"
"XO..XX..O","..O.XXXO.","O","3","0","XO.OXX..O"
"XO..XX..O","..O.XXXO.","O","7","-1","XO..XX.OO"
"XO..XX.O.","..XOXO.X.","O","2","-1","XOO.XX.O."
"XO..XX.O.","..XOXO.X.","O","6","-1","XO..XXOO."
"XO..XX.O.","..XOXO.X.","O","8","-1","XO..XX.OO"
"XO..XX.O.","..XOXO.X.","O","3","-1","XO.OXX.O."
"XO..XX.OO","..XOXOOX.","X","2","-1","XOX.XX.OO"
"XO..XX.OO","..XOXOOX.","X","6","1","XO..XXXOO"
"XO..XX.OO","..XOXOOX.","X","3","1","XO.XXX.OO"
"XO..XXO..","..OXX..OX","O","2","-1","XOO.XXO.."
"XO..XXO..","..OXX..OX","O","8","-1","XO..XXO.O"
"XO..XXO..","..OXX..OX","O","3","-1","XO.OXXO.."
"XO..XXO..","..OXX..OX","O","7","-1","XO..XXOO."
"XO..XXO.O",".OXXX.O.O","X","2","-1","XOX.XXO.O"
"XO..XXO.O",".OXXX.O.O","X","3","1","XO.XXXO.O"
"XO..XXO.O",".OXXX.O.O","X","7","0","XO..XXOXO"
"XO..XXOO.",".OOXX..OX","X","2","-1","XOX.XXOO."
"XO..XXOO.",".OOXX..OX","X","8","1","XO..XXOOX"
"XO..XXOO.",".OOXX..OX","X","3","1","XO.XXXOO."
"XO..XXOXO",".OXXX.OXO","O","2","-1","XOO.XXOXO"
"XO..XXOXO",".OXXX.OXO","O","3","0","XO.OXXOXO"
"XO..XXXOO",".OXXX.OOX","O","2","-1","XOO.XXXOO"
"XO..XXXOO",".OXXX.OOX","O","3","-1","XO.OXXXOO"
"XO.O....X","..XO..XO.","X","4","1","XO.OX...X"
"XO.O....X","..XO..XO.","X","2","1","XOXO....X"
"XO.O....X","..XO..XO.","X","6","1","XO.O..X.X"
"XO.O....X","..XO..XO.","X","5","1","XO.O.X..X"
"XO.O....X","..XO..XO.","X","7","1","XO.O...XX"
"XO.O...X.","...O.XXO.","X","4","0","XO.OX..X."
"XO.O...X.","...O.XXO.","X","2","0","XOXO...X."
"XO.O...X.","...O.XXO.","X","6","0","XO.O..XX."
"XO.O...X.","...O.XXO.","X","8","1","XO.O...XX"
"XO.O...X.","...O.XXO.","X","5","0","XO.O.X.X."
"XO.O...XX","..XO.XXO.","O","4","-1","XO.OO..XX"
"XO.O...XX","..XO.XXO.","O","2","-1","XOOO...XX"
"XO.O...XX","..XO.XXO.","O","6","-1","XO.O..OXX"
"XO.O...XX","..XO.XXO.","O","5","-1","XO.O.O.XX"
"XO.O..OXX","..XO.XXOO","X","4","1","XO.OX.OXX"
"XO.O..OXX","..XO.XXOO","X","2","1","XOXO..OXX"
"XO.O..OXX","..XO.XXOO","X","5","1","XO.O.XOXX"
"XO.O..X..",".....OXOX","X","4","1","XO.OX.X.."
"XO.O..X..",".....OXOX","X","2","-1","XOXO..X.."
"XO.O..X..",".....OXOX","X","8","1","XO.O..X.X"
"XO.O..X..",".....OXOX","X","5","0","XO.O.XX.."
"XO.O..X..",".....OXOX","X","7","0","XO.O..XX."
"XO.O..X.X","..XO..XOX","O","4","-1","XO.OO.X.X"
"XO.O..X.X","..XO..XOX","O","2","-1","XOOO..X.X"
"XO.O..X.X","..XO..XOX","O","5","-1","XO.O.OX.X"
"XO.O..X.X","..XO..XOX","O","7","-1","XO.O..XOX"
"XO.O..XOX","..XO.OXOX","X","4","1","XO.OX.XOX"
"XO.O..XOX","..XO.OXOX","X","2","-1","XOXO..XOX"
"XO.O..XOX","..XO.OXOX","X","5","-1","XO.O.XXOX"
"XO.O..XX.","...O.XXOX","O","4","-1","XO.OO.XX."
"XO.O..XX.","...O.XXOX","O","2","-1","XOOO..XX."
"XO.O..XX.","...O.XXOX","O","8","0","XO.O..XXO"
"XO.O..XX.","...O.XXOX","O","5","-1","XO.O.OXX."
"XO.O..XXO","..OO.XXOX","X","4","0","XO.OX.XXO"
"XO.O..XXO","..OO.XXOX","X","2","0","XOXO..XXO"
"XO.O..XXO","..OO.XXOX","X","5","0","XO.O.XXXO"
"XO.O.O.XX",".OXO.OXX.","X","4","1","XO.OXO.XX"
"XO.O.O.XX",".OXO.OXX.","X","2","-1","XOXO.O.XX"
"XO.O.O.XX",".OXO.OXX.","X","6","1","XO.O.OXXX"
"XO.O.OX.X",".OXO..XOX","X","4","1","XO.OXOX.X"
"XO.O.OX.X",".OXO..XOX","X","2","-1","XOXO.OX.X"
"XO.O.OX.X",".OXO..XOX","X","7","1","XO.O.OXXX"
"XO.O.OXX.",".O.O.XXOX","X","4","1","XO.OXOXX."
"XO.O.OXX.",".O.O.XXOX","X","2","-1","XOXO.OXX."
"XO.O.OXX.",".O.O.XXOX","X","8","1","XO.O.OXXX"
"XO.O.X...","...O.XXO.","X","4","0","XO.OXX..."
"XO.O.X...","...O.XXO.","X","2","0","XOXO.X..."
"XO.O.X...","...O.XXO.","X","6","0","XO.O.XX.."
"XO.O.X...","...O.XXO.","X","8","1","XO.O.X..X"
"XO.O.X...","...O.XXO.","X","7","0","XO.O.X.X."
"XO.O.X..X","..XO.XXO.","O","4","-1","XO.OOX..X"
"XO.O.X..X","..XO.XXO.","O","2","-1","XOOO.X..X"
"XO.O.X..X","..XO.XXO.","O","6","-1","XO.O.XO.X"
"XO.O.X..X","..XO.XXO.","O","7","-1","XO.O.X.OX"
"XO.O.X.OX",".OXO.OXX.","X","4","1","XO.OXX.OX"
"XO.O.X.OX",".OXO.OXX.","X","2","1","XOXO.X.OX"
"XO.O.X.OX",".OXO.OXX.","X","6","-1","XO.O.XXOX"
"XO.O.X.X.",".OXX.O.X.","O","4","-1","XO.OOX.X."
"XO.O.X.X.",".OXX.O.X.","O","2","-1","XOOO.X.X."
"XO.O.X.X.",".OXX.O.X.","O","6","-1","XO.O.XOX."
"XO.O.X.X.",".OXX.O.X.","O","8","0","XO.O.X.XO"
"XO.O.X.XO",".OXX.OOX.","X","4","0","XO.OXX.XO"
"XO.O.X.XO",".OXX.OOX.","X","2","0","XOXO.X.XO"
"XO.O.X.XO",".OXX.OOX.","X","6","0","XO.O.XXXO"
"XO.O.XO.X",".OXX.OX.O","X","4","1","XO.OXXO.X"
"XO.O.XO.X",".OXX.OX.O","X","2","1","XOXO.XO.X"
"XO.O.XO.X",".OXX.OX.O","X","7","1","XO.O.XOXX"
"XO.O.XOX.",".OXX.O.XO","X","4","0","XO.OXXOX."
"XO.O.XOX.",".OXX.O.XO","X","2","0","XOXO.XOX."
"XO.O.XOX.",".OXX.O.XO","X","8","1","XO.O.XOXX"
"XO.O.XOXX",".OXX.OXXO","O","4","-1","XO.OOXOXX"
"XO.O.XOXX",".OXX.OXXO","O","2","-1","XOOO.XOXX"
"XO.O.XX..","..XX.O.OX","O","4","0","XO.OOXX.."
"XO.O.XX..","..XX.O.OX","O","2","-1","XOOO.XX.."
"XO.O.XX..","..XX.O.OX","O","8","0","XO.O.XX.O"
"XO.O.XX..","..XX.O.OX","O","7","-1","XO.O.XXO."
"XO.O.XX.O",".OXX.OO.X","X","4","0","XO.OXXX.O"
"XO.O.XX.O",".OXX.OO.X","X","2","0","XOXO.XX.O"
"XO.O.XX.O",".OXX.OO.X","X","7","0","XO.O.XXXO"
"XO.O.XXO.",".OXX.O.OX","X","4","1","XO.OXXXO."
"XO.O.XXO.",".OXX.O.OX","X","2","-1","XOXO.XXO."
"XO.O.XXO.",".OXX.O.OX","X","8","-1","XO.O.XXOX"
"XO.O.XXOX",".OXX.OXOX","O","4","1","XO.OOXXOX"
"XO.O.XXOX",".OXX.OXOX","O","2","-1","XOOO.XXOX"
"XO.O.XXXO",".OXX.OOXX","O","4","0","XO.OOXXXO"
"XO.O.XXXO",".OXX.OOXX","O","2","0","XOOO.XXXO"
"XO.OO..XX","..XOOXXO.","X","2","-1","XOXOO..XX"
"XO.OO..XX","..XOOXXO.","X","6","1","XO.OO.XXX"
"XO.OO..XX","..XOOXXO.","X","5","1","XO.OOX.XX"
"XO.OO.X.X","..XOO.XOX","X","2","-1","XOXOO.X.X"
"XO.OO.X.X","..XOO.XOX","X","5","-1","XO.OOXX.X"
"XO.OO.X.X","..XOO.XOX","X","7","1","XO.OO.XXX"
"XO.OO.XX.","...OOXXOX","X","2","-1","XOXOO.XX."
"XO.OO.XX.","...OOXXOX","X","8","1","XO.OO.XXX"
"XO.OO.XX.","...OOXXOX","X","5","0","XO.OOXXX."
"XO.OOX..X","..XOOXXO.","X","2","1","XOXOOX..X"
"XO.OOX..X","..XOOXXO.","X","6","-1","XO.OOXX.X"
"XO.OOX..X","..XOOXXO.","X","7","1","XO.OOX.XX"
"XO.OOX.X.",".OXXOO.X.","X","2","0","XOXOOX.X."
"XO.OOX.X.",".OXXOO.X.","X","6","0","XO.OOXXX."
"XO.OOX.X.",".OXXOO.X.","X","8","1","XO.OOX.XX"
"XO.OOX.XX",".OXXOOXX.","O","2","-1","XOOOOX.XX"
"XO.OOX.XX",".OXXOOXX.","O","6","-1","XO.OOXOXX"
"XO.OOXOXX",".OXXOOXXO","X","2","1","XOXOOXOXX"
"XO.OOXX..","..XXOO.OX","X","2","-1","XOXOOXX.."
"XO.OOXX..","..XXOO.OX","X","8","-1","XO.OOXX.X"
"XO.OOXX..","..XXOO.OX","X","7","0","XO.OOXXX."
"XO.OOXX.X",".OXXOOX.X","O","2","-1","XOOOOXX.X"
"XO.OOXX.X",".OXXOOX.X","O","7","1","XO.OOXXOX"
"XO.OOXXX.",".OXXOO.XX","O","2","-1","XOOOOXXX."
"XO.OOXXX.",".OXXOO.XX","O","8","0","XO.OOXXXO"
"XO.OOXXXO",".OXXOOOXX","X","2","0","XOXOOXXXO"
"XO.OX....","....XO.OX","X","2","1","XOXOX...."
"XO.OX....","....XO.OX","X","6","1","XO.OX.X.."
"XO.OX....","....XO.OX","X","8","1","XO.OX...X"
"XO.OX....","....XO.OX","X","5","0","XO.OXX..."
"XO.OX....","....XO.OX","X","7","0","XO.OX..X."
"XO.OX..X.","...OXXXO.","O","2","-1","XOOOX..X."
"XO.OX..X.","...OXXXO.","O","6","-1","XO.OX.OX."
"XO.OX..X.","...OXXXO.","O","8","0","XO.OX..XO"
"XO.OX..X.","...OXXXO.","O","5","-1","XO.OXO.X."
"XO.OX..XO","..OOXXXO.","X","2","0","XOXOX..XO"
"XO.OX..XO","..OOXXXO.","X","6","0","XO.OX.XXO"
"XO.OX..XO","..OOXXXO.","X","5","0","XO.OXX.XO"
"XO.OX.OX.","...OXXXOO","X","2","0","XOXOX.OX."
"XO.OX.OX.","...OXXXOO","X","8","1","XO.OX.OXX"
"XO.OX.OX.","...OXXXOO","X","5","0","XO.OXXOX."
"XO.OX.X..","....XOXOX","O","2","-1","XOOOX.X.."
"XO.OX.X..","....XOXOX","O","8","-1","XO.OX.X.O"
"XO.OX.X..","....XOXOX","O","5","-1","XO.OXOX.."
"XO.OX.X..","....XOXOX","O","7","-1","XO.OX.XO."
"XO.OX.X.O","..OOX.XOX","X","2","1","XOXOX.X.O"
"XO.OX.X.O","..OOX.XOX","X","5","0","XO.OXXX.O"
"XO.OX.X.O","..OOX.XOX","X","7","0","XO.OX.XXO"
"XO.OX.XO.","...OXOXOX","X","2","1","XOXOX.XO."
"XO.OX.XO.","...OXOXOX","X","8","1","XO.OX.XOX"
"XO.OX.XO.","...OXOXOX","X","5","1","XO.OXXXO."
"XO.OX.XXO","..OOXXXOX","O","2","0","XOOOX.XXO"
"XO.OX.XXO","..OOXXXOX","O","5","-1","XO.OXOXXO"
"XO.OXO.X.",".O.OXXXO.","X","2","1","XOXOXO.X."
"XO.OXO.X.",".O.OXXXO.","X","6","1","XO.OXOXX."
"XO.OXO.X.",".O.OXXXO.","X","8","1","XO.OXO.XX"
"XO.OXOX..","..XOXO.OX","X","2","1","XOXOXOX.."
"XO.OXOX..","..XOXO.OX","X","8","1","XO.OXOX.X"
"XO.OXOX..","..XOXO.OX","X","7","1","XO.OXOXX."
"XO.OXOXX.",".O.OXXXOX","O","2","-1","XOOOXOXX."
"XO.OXOXX.",".O.OXXXOX","O","8","-1","XO.OXOXXO"
"XO.OXOXXO",".OOOXXXOX","X","2","1","XOXOXOXXO"
"XO.OXX...","...OXXXO.","O","2","-1","XOOOXX..."
"XO.OXX...","...OXXXO.","O","6","-1","XO.OXXO.."
"XO.OXX...","...OXXXO.","O","8","0","XO.OXX..O"
"XO.OXX...","...OXXXO.","O","7","-1","XO.OXX.O."
"XO.OXX..O","..OOXXXO.","X","2","0","XOXOXX..O"
"XO.OXX..O","..OOXXXO.","X","6","0","XO.OXXX.O"
"XO.OXX..O","..OOXXXO.","X","7","0","XO.OXX.XO"
"XO.OXX.O.",".O.OXXXO.","X","2","1","XOXOXX.O."
"XO.OXX.O.",".O.OXXXO.","X","6","1","XO.OXXXO."
"XO.OXX.O.",".O.OXXXO.","X","8","1","XO.OXX.OX"
"XO.OXX.XO",".OXXXOOX.","O","2","0","XOOOXX.XO"
"XO.OXX.XO",".OXXXOOX.","O","6","0","XO.OXXOXO"
"XO.OXXO..","..OXXO.OX","X","2","0","XOXOXXO.."
"XO.OXXO..","..OXXO.OX","X","8","1","XO.OXXO.X"
"XO.OXXO..","..OXXO.OX","X","7","0","XO.OXXOX."
"XO.OXXOX.",".OXXXO.XO","O","2","-1","XOOOXXOX."
"XO.OXXOX.",".OXXXO.XO","O","8","0","XO.OXXOXO"
"XO.OXXOXO",".OXXXOOXO","X","2","0","XOXOXXOXO"
"XO.OXXX.O",".OXXXOO.X","O","2","0","XOOOXXX.O"
"XO.OXXX.O",".OXXXOO.X","O","7","-1","XO.OXXXOO"
"XO.OXXXO.",".OXXXO.OX","O","2","-1","XOOOXXXO."
"XO.OXXXO.",".OXXXO.OX","O","8","-1","XO.OXXXOO"
"XO.OXXXOO",".OXXXOOOX","X","2","1","XOXOXXXOO"
"XO.X.....",".....O.XX","O","4","-1","XO.XO...."
"XO.X.....",".....O.XX","O","2","-1","XOOX....."
"XO.X.....",".....O.XX","O","6","-1","XO.X..O.."
"XO.X.....",".....O.XX","O","8","-1","XO.X....O"
"XO.X.....",".....O.XX","O","5","-1","XO.X.O..."
"XO.X.....",".....O.XX","O","7","-1","XO.X...O."
"XO.X....O","..OO..XX.","X","4","1","XO.XX...O"
"XO.X....O","..OO..XX.","X","2","0","XOXX....O"
"XO.X....O","..OO..XX.","X","6","1","XO.X..X.O"
"XO.X....O","..OO..XX.","X","5","1","XO.X.X..O"
"XO.X....O","..OO..XX.","X","7","0","XO.X...XO"
"XO.X...O.","...O.O.XX","X","4","1","XO.XX..O."
"XO.X...O.","...O.O.XX","X","2","-1","XOXX...O."
"XO.X...O.","...O.O.XX","X","6","1","XO.X..XO."
"XO.X...O.","...O.O.XX","X","8","-1","XO.X...OX"
"XO.X...O.","...O.O.XX","X","5","-1","XO.X.X.O."
"XO.X...OX","..XO.OXX.","O","4","1","XO.XO..OX"
"XO.X...OX","..XO.OXX.","O","2","-1","XOOX...OX"
"XO.X...OX","..XO.OXX.","O","6","-1","XO.X..OOX"
"XO.X...OX","..XO.OXX.","O","5","-1","XO.X.O.OX"
"XO.X...XO","..OO.XXX.","O","4","-1","XO.XO..XO"
"XO.X...XO","..OO.XXX.","O","2","-1","XOOX...XO"
"XO.X...XO","..OO.XXX.","O","6","0","XO.X..OXO"
"XO.X...XO","..OO.XXX.","O","5","-1","XO.X.O.XO"
"XO.X..O..",".....OOXX","X","4","1","XO.XX.O.."
"XO.X..O..",".....OOXX","X","2","-1","XOXX..O.."
"XO.X..O..",".....OOXX","X","8","-1","XO.X..O.X"
"XO.X..O..",".....OOXX","X","5","-1","XO.X.XO.."
"XO.X..O..",".....OOXX","X","7","0","XO.X..OX."
"XO.X..O.X","..XO..XXO","O","4","1","XO.XO.O.X"
"XO.X..O.X","..XO..XXO","O","2","-1","XOOX..O.X"
"XO.X..O.X","..XO..XXO","O","5","-1","XO.X.OO.X"
"XO.X..O.X","..XO..XXO","O","7","-1","XO.X..OOX"
"XO.X..OOX","..XO.OXXO","X","4","1","XO.XX.OOX"
"XO.X..OOX","..XO.OXXO","X","2","-1","XOXX..OOX"
"XO.X..OOX","..XO.OXXO","X","5","-1","XO.X.XOOX"
"XO.X..OX.","...O.XXXO","O","4","0","XO.XO.OX."
"XO.X..OX.","...O.XXXO","O","2","-1","XOOX..OX."
"XO.X..OX.","...O.XXXO","O","8","0","XO.X..OXO"
"XO.X..OX.","...O.XXXO","O","5","0","XO.X.OOX."
"XO.X..OXO","..OO.XXXO","X","4","0","XO.XX.OXO"
"XO.X..OXO","..OO.XXXO","X","2","0","XOXX..OXO"
"XO.X..OXO","..OO.XXXO","X","5","0","XO.X.XOXO"
"XO.X.O...","...O.X.OX","X","4","1","XO.XXO..."
"XO.X.O...","...O.X.OX","X","2","0","XOXX.O..."
"XO.X.O...","...O.X.OX","X","6","1","XO.X.OX.."
"XO.X.O...","...O.X.OX","X","8","1","XO.X.O..X"
"XO.X.O...","...O.X.OX","X","7","0","XO.X.O.X."
"XO.X.O..X","..XX.OXO.","O","4","-1","XO.XOO..X"
"XO.X.O..X","..XX.OXO.","O","2","-1","XOOX.O..X"
"XO.X.O..X","..XX.OXO.","O","6","-1","XO.X.OO.X"
"XO.X.O..X","..XX.OXO.","O","7","-1","XO.X.O.OX"
"XO.X.O.OX",".OXO.OXX.","X","4","1","XO.XXO.OX"
"XO.X.O.OX",".OXO.OXX.","X","2","-1","XOXX.O.OX"
"XO.X.O.OX",".OXO.OXX.","X","6","1","XO.X.OXOX"
"XO.X.O.X.",".O.O.XXX.","O","4","-1","XO.XOO.X."
"XO.X.O.X.",".O.O.XXX.","O","2","-1","XOOX.O.X."
"XO.X.O.X.",".O.O.XXX.","O","6","0","XO.X.OOX."
"XO.X.O.X.",".O.O.XXX.","O","8","-1","XO.X.O.XO"
"XO.X.O.XO",".OOO.XXX.","X","4","-1","XO.XXO.XO"
"XO.X.O.XO",".OOO.XXX.","X","2","0","XOXX.O.XO"
"XO.X.O.XO",".OOO.XXX.","X","6","1","XO.X.OXXO"
"XO.X.OO.X",".OXO..XXO","X","4","1","XO.XXOO.X"
"XO.X.OO.X",".OXO..XXO","X","2","0","XOXX.OO.X"
"XO.X.OO.X",".OXO..XXO","X","7","0","XO.X.OOXX"
"XO.X.OOX.",".O.O.XXXO","X","4","0","XO.XXOOX."
"XO.X.OOX.",".O.O.XXXO","X","2","0","XOXX.OOX."
"XO.X.OOX.",".O.O.XXXO","X","8","0","XO.X.OOXX"
"XO.X.OOXX",".OXO.XXXO","O","4","0","XO.XOOOXX"
"XO.X.OOXX",".OXO.XXXO","O","2","-1","XOOX.OOXX"
"XO.X.X..O","..OX.XXO.","O","4","-1","XO.XOX..O"
"XO.X.X..O","..OX.XXO.","O","2","-1","XOOX.X..O"
"XO.X.X..O","..OX.XXO.","O","6","-1","XO.X.XO.O"
"XO.X.X..O","..OX.XXO.","O","7","-1","XO.X.X.OO"
"XO.X.X.O.",".O.X.X.OX","O","4","1","XO.XOX.O."
"XO.X.X.O.",".O.X.X.OX","O","2","-1","XOOX.X.O."
"XO.X.X.O.",".O.X.X.OX","O","6","-1","XO.X.XOO."
"XO.X.X.O.",".O.X.X.OX","O","8","-1","XO.X.X.OO"
"XO.X.X.OO",".OOX.XXO.","X","4","1","XO.XXX.OO"
"XO.X.X.OO",".OOX.XXO.","X","2","-1","XOXX.X.OO"
"XO.X.X.OO",".OOX.XXO.","X","6","1","XO.X.XXOO"
"XO.X.XO..","..OX.X.OX","O","4","1","XO.XOXO.."
"XO.X.XO..","..OX.X.OX","O","2","-1","XOOX.XO.."
"XO.X.XO..","..OX.X.OX","O","8","-1","XO.X.XO.O"
"XO.X.XO..","..OX.X.OX","O","7","-1","XO.X.XOO."
"XO.X.XO.O",".OXX.XO.O","X","4","1","XO.XXXO.O"
"XO.X.XO.O",".OXX.XO.O","X","2","-1","XOXX.XO.O"
"XO.X.XO.O",".OXX.XO.O","X","7","0","XO.X.XOXO"
"XO.X.XOO.",".OOX.X.OX","X","4","1","XO.XXXOO."
"XO.X.XOO.",".OOX.X.OX","X","2","-1","XOXX.XOO."
"XO.X.XOO.",".OOX.X.OX","X","8","-1","XO.X.XOOX"
"XO.X.XOOX",".OXX.XXOO","O","4","1","XO.XOXOOX"
"XO.X.XOOX",".OXX.XXOO","O","2","-1","XOOX.XOOX"
"XO.X.XOXO",".OXX.XOXO","O","4","0","XO.XOXOXO"
"XO.X.XOXO",".OXX.XOXO","O","2","-1","XOOX.XOXO"
"XO.XO....","....OO.XX","X","2","-1","XOXXO...."
"XO.XO....","....OO.XX","X","6","1","XO.XO.X.."
"XO.XO....","....OO.XX","X","8","-1","XO.XO...X"
"XO.XO....","....OO.XX","X","5","-1","XO.XOX..."
"XO.XO....","....OO.XX","X","7","0","XO.XO..X."
"XO.XO...X","..XOO.XX.","O","2","-1","XOOXO...X"
"XO.XO...X","..XOO.XX.","O","6","1","XO.XO.O.X"
"XO.XO...X","..XOO.XX.","O","5","-1","XO.XOO..X"
"XO.XO...X","..XOO.XX.","O","7","1","XO.XO..OX"
"XO.XO..X.","...OOXXX.","O","2","-1","XOOXO..X."
"XO.XO..X.","...OOXXX.","O","6","0","XO.XO.OX."
"XO.XO..X.","...OOXXX.","O","8","-1","XO.XO..XO"
"XO.XO..X.","...OOXXX.","O","5","-1","XO.XOO.X."
"XO.XO..XO","..OOOXXX.","X","2","0","XOXXO..XO"
"XO.XO..XO","..OOOXXX.","X","6","1","XO.XO.XXO"
"XO.XO..XO","..OOOXXX.","X","5","0","XO.XOX.XO"
"XO.XO.O.X","..XOO.XXO","X","2","-1","XOXXO.O.X"
"XO.XO.O.X","..XOO.XXO","X","5","-1","XO.XOXO.X"
"XO.XO.O.X","..XOO.XXO","X","7","-1","XO.XO.OXX"
"XO.XO.OX.","...OOXXXO","X","2","0","XOXXO.OX."
"XO.XO.OX.","...OOXXXO","X","8","-1","XO.XO.OXX"
"XO.XO.OX.","...OOXXXO","X","5","-1","XO.XOXOX."
"XO.XO.OXX","..XOOXXXO","O","2","1","XOOXO.OXX"
"XO.XO.OXX","..XOOXXXO","O","5","0","XO.XOOOXX"
"XO.XOO..X","..XXOOXO.","X","2","-1","XOXXOO..X"
"XO.XOO..X","..XXOOXO.","X","6","1","XO.XOOX.X"
"XO.XOO..X","..XXOOXO.","X","7","0","XO.XOO.XX"
"XO.XOO.X.",".O.OOXXX.","X","2","0","XOXXOO.X."
"XO.XOO.X.",".O.OOXXX.","X","6","1","XO.XOOXX."
"XO.XOO.X.",".O.OOXXX.","X","8","0","XO.XOO.XX"
"XO.XOO.XX",".OXOOXXX.","O","2","-1","XOOXOO.XX"
"XO.XOO.XX",".OXOOXXX.","O","6","0","XO.XOOOXX"
"XO.XOOOXX",".OXOOXXXO","X","2","0","XOXXOOOXX"
"XO.XOX...","...XOX.OX","O","2","-1","XOOXOX..."
"XO.XOX...","...XOX.OX","O","6","1","XO.XOXO.."
"XO.XOX...","...XOX.OX","O","8","-1","XO.XOX..O"
"XO.XOX...","...XOX.OX","O","7","1","XO.XOX.O."
"XO.XOX..O","..OXOXXO.","X","2","-1","XOXXOX..O"
"XO.XOX..O","..OXOXXO.","X","6","1","XO.XOXX.O"
"XO.XOX..O","..OXOXXO.","X","7","0","XO.XOX.XO"
"XO.XOX.XO",".OXXOXOX.","O","2","-1","XOOXOX.XO"
"XO.XOX.XO",".OXXOXOX.","O","6","0","XO.XOXOXO"
"XO.XOXO..","..OXOX.OX","X","2","-1","XOXXOXO.."
"XO.XOXO..","..OXOX.OX","X","8","-1","XO.XOXO.X"
"XO.XOXO..","..OXOX.OX","X","7","-1","XO.XOXOX."
"XO.XOXO.X",".OXXOXX.O","O","2","1","XOOXOXO.X"
"XO.XOXO.X",".OXXOXX.O","O","7","1","XO.XOXOOX"
"XO.XOXOX.",".OXXOX.XO","O","2","1","XOOXOXOX."
"XO.XOXOX.",".OXXOX.XO","O","8","0","XO.XOXOXO"
"XO.XOXOXO",".OXXOXOXO","X","2","0","XOXXOXOXO"
"XO.XX...O","..OOX.XX.","O","2","-1","XOOXX...O"
"XO.XX...O","..OOX.XX.","O","6","-1","XO.XX.O.O"
"XO.XX...O","..OOX.XX.","O","5","-1","XO.XXO..O"
"XO.XX...O","..OOX.XX.","O","7","-1","XO.XX..OO"
"XO.XX..O.","...OXO.XX","O","2","-1","XOOXX..O."
"XO.XX..O.","...OXO.XX","O","6","-1","XO.XX.OO."
"XO.XX..O.","...OXO.XX","O","8","-1","XO.XX..OO"
"XO.XX..O.","...OXO.XX","O","5","-1","XO.XXO.O."
"XO.XX..OO","..OOXOXX.","X","2","-1","XOXXX..OO"
"XO.XX..OO","..OOXOXX.","X","6","1","XO.XX.XOO"
"XO.XX..OO","..OOXOXX.","X","5","1","XO.XXX.OO"
"XO.XX.O..","....XOOXX","O","2","-1","XOOXX.O.."
"XO.XX.O..","....XOOXX","O","8","-1","XO.XX.O.O"
"XO.XX.O..","....XOOXX","O","5","-1","XO.XXOO.."
"XO.XX.O..","....XOOXX","O","7","-1","XO.XX.OO."
"XO.XX.O.O","..OOX.XXO","X","2","-1","XOXXX.O.O"
"XO.XX.O.O","..OOX.XXO","X","5","1","XO.XXXO.O"
"XO.XX.O.O","..OOX.XXO","X","7","0","XO.XX.OXO"
"XO.XX.OO.","...OXOOXX","X","2","-1","XOXXX.OO."
"XO.XX.OO.","...OXOOXX","X","8","1","XO.XX.OOX"
"XO.XX.OO.","...OXOOXX","X","5","1","XO.XXXOO."
"XO.XX.OXO","..OOXXXXO","O","2","-1","XOOXX.OXO"
"XO.XX.OXO","..OOXXXXO","O","5","0","XO.XXOOXO"
"XO.XXO...","...OXX.OX","O","2","-1","XOOXXO..."
"XO.XXO...","...OXX.OX","O","6","-1","XO.XXOO.."
"XO.XXO...","...OXX.OX","O","8","-1","XO.XXO..O"
"XO.XXO...","...OXX.OX","O","7","-1","XO.XXO.O."
"XO.XXO..O","..OXXOXO.","X","2","0","XOXXXO..O"
"XO.XXO..O","..OXXOXO.","X","6","1","XO.XXOX.O"
"XO.XXO..O","..OXXOXO.","X","7","-1","XO.XXO.XO"
"XO.XXO.O.",".O.OXO.XX","X","2","1","XOXXXO.O."
"XO.XXO.O.",".O.OXO.XX","X","6","1","XO.XXOXO."
"XO.XXO.O.",".O.OXO.XX","X","8","1","XO.XXO.OX"
"XO.XXO.XO",".OOOXXXX.","O","2","1","XOOXXO.XO"
"XO.XXO.XO",".OOOXXXX.","O","6","0","XO.XXOOXO"
"XO.XXOO..","..OOXX.OX","X","2","0","XOXXXOO.."
"XO.XXOO..","..OOXX.OX","X","8","1","XO.XXOO.X"
"XO.XXOO..","..OOXX.OX","X","7","0","XO.XXOOX."
"XO.XXOOX.",".O.OXXXXO","O","2","-1","XOOXXOOX."
"XO.XXOOX.",".O.OXXXXO","O","8","0","XO.XXOOXO"
"XO.XXOOXO",".OOOXXXXO","X","2","0","XOXXXOOXO"
"XOO.....X","..X...XOO","X","4","1","XOO.X...X"
"XOO.....X","..X...XOO","X","6","1","XOO...X.X"
"XOO.....X","..X...XOO","X","3","1","XOOX....X"
"XOO.....X","..X...XOO","X","5","-1","XOO..X..X"
"XOO.....X","..X...XOO","X","7","1","XOO....XX"
"XOO....X.","..OX.O..X","X","4","0","XOO.X..X."
"XOO....X.","..OX.O..X","X","6","1","XOO...XX."
"XOO....X.","..OX.O..X","X","8","1","XOO....XX"
"XOO....X.","..OX.O..X","X","3","1","XOOX...X."
"XOO....X.","..OX.O..X","X","5","1","XOO..X.X."
"XOO....XX","..XX.OX.O","O","4","-1","XOO.O..XX"
"XOO....XX","..XX.OX.O","O","6","-1","XOO...OXX"
"XOO....XX","..XX.OX.O","O","3","-1","XOOO...XX"
"XOO....XX","..XX.OX.O","O","5","-1","XOO..O.XX"
"XOO...OXX","O.XO.XX.O","X","4","1","XOO.X.OXX"
"XOO...OXX","O.XO.XX.O","X","3","-1","XOOX..OXX"
"XOO...OXX","O.XO.XX.O","X","5","-1","XOO..XOXX"
"XOO...X..","..O..OX.X","X","4","1","XOO.X.X.."
"XOO...X..","..O..OX.X","X","8","1","XOO...X.X"
"XOO...X..","..O..OX.X","X","3","1","XOOX..X.."
"XOO...X..","..O..OX.X","X","5","1","XOO..XX.."
"XOO...X..","..O..OX.X","X","7","1","XOO...XX."
"XOO...X.X","O.XO..X.X","O","4","-1","XOO.O.X.X"
"XOO...X.X","O.XO..X.X","O","3","-1","XOOO..X.X"
"XOO...X.X","O.XO..X.X","O","5","-1","XOO..OX.X"
"XOO...X.X","O.XO..X.X","O","7","-1","XOO...XOX"
"XOO...XOX","O.XO.OX.X","X","4","1","XOO.X.XOX"
"XOO...XOX","O.XO.OX.X","X","3","1","XOOX..XOX"
"XOO...XOX","O.XO.OX.X","X","5","-1","XOO..XXOX"
"XOO...XX.","..OX.OX.X","O","4","-1","XOO.O.XX."
"XOO...XX.","..OX.OX.X","O","8","-1","XOO...XXO"
"XOO...XX.","..OX.OX.X","O","3","-1","XOOO..XX."
"XOO...XX.","..OX.OX.X","O","5","-1","XOO..OXX."
"XOO...XXO","O.OO.XX.X","X","4","-1","XOO.X.XXO"
"XOO...XXO","O.OO.XX.X","X","3","1","XOOX..XXO"
"XOO...XXO","O.OO.XX.X","X","5","0","XOO..XXXO"
"XOO..O.XX","..XX.OXOO","X","4","1","XOO.XO.XX"
"XOO..O.XX","..XX.OXOO","X","6","1","XOO..OXXX"
"XOO..O.XX","..XX.OXOO","X","3","1","XOOX.O.XX"
"XOO..OX.X","OOXO..X.X","X","4","1","XOO.XOX.X"
"XOO..OX.X","OOXO..X.X","X","3","1","XOOX.OX.X"
"XOO..OX.X","OOXO..X.X","X","7","1","XOO..OXXX"
"XOO..OXX.",".OOX.OX.X","X","4","-1","XOO.XOXX."
"XOO..OXX.",".OOX.OX.X","X","8","1","XOO..OXXX"
"XOO..OXX.",".OOX.OX.X","X","3","1","XOOX.OXX."
"XOO..X...",".....XXOO","X","4","1","XOO.XX..."
"XOO..X...",".....XXOO","X","6","1","XOO..XX.."
"XOO..X...",".....XXOO","X","8","-1","XOO..X..X"
"XOO..X...",".....XXOO","X","3","1","XOOX.X..."
"XOO..X...",".....XXOO","X","7","1","XOO..X.X."
"XOO..X..X","..X..OXXO","O","4","1","XOO.OX..X"
"XOO..X..X","..X..OXXO","O","6","-1","XOO..XO.X"
"XOO..X..X","..X..OXXO","O","3","-1","XOOO.X..X"
"XOO..X..X","..X..OXXO","O","7","-1","XOO..X.OX"
"XOO..X.OX","..XO.OXXO","X","4","1","XOO.XX.OX"
"XOO..X.OX","..XO.OXXO","X","6","-1","XOO..XXOX"
"XOO..X.OX","..XO.OXXO","X","3","-1","XOOX.X.OX"
"XOO..X.X.","..XX.O.XO","O","4","-1","XOO.OX.X."
"XOO..X.X.","..XX.O.XO","O","6","-1","XOO..XOX."
"XOO..X.X.","..XX.O.XO","O","8","-1","XOO..X.XO"
"XOO..X.X.","..XX.O.XO","O","3","-1","XOOO.X.X."
"XOO..X.XO","..XX.OOXO","X","4","0","XOO.XX.XO"
"XOO..X.XO","..XX.OOXO","X","6","0","XOO..XXXO"
"XOO..X.XO","..XX.OOXO","X","3","1","XOOX.X.XO"
"XOO..XO.X","O.X..OXXO","X","4","1","XOO.XXO.X"
"XOO..XO.X","O.X..OXXO","X","3","-1","XOOX.XO.X"
"XOO..XO.X","O.X..OXXO","X","7","-1","XOO..XOXX"
"XOO..XOX.",".XOX..OOX","X","4","1","XOO.XXOX."
"XOO..XOX.",".XOX..OOX","X","8","-1","XOO..XOXX"
"XOO..XOX.",".XOX..OOX","X","3","-1","XOOX.XOX."
"XOO..XOXX","O.XX.OXXO","O","4","1","XOO.OXOXX"
"XOO..XOXX","O.XX.OXXO","O","3","-1","XOOO.XOXX"
"XOO..XX..","..XX..OOX","O","4","-1","XOO.OXX.."
"XOO..XX..","..XX..OOX","O","8","-1","XOO..XX.O"
"XOO..XX..","..XX..OOX","O","3","-1","XOOO.XX.."
"XOO..XX..","..XX..OOX","O","7","-1","XOO..XXO."
"XOO..XX.O","O.XX..OOX","X","4","0","XOO.XXX.O"
"XOO..XX.O","O.XX..OOX","X","3","1","XOOX.XX.O"
"XOO..XX.O","O.XX..OOX","X","7","0","XOO..XXXO"
"XOO..XXO.",".OXX..OOX","X","4","1","XOO.XXXO."
"XOO..XXO.",".OXX..OOX","X","8","-1","XOO..XXOX"
"XOO..XXO.",".OXX..OOX","X","3","1","XOOX.XXO."
"XOO..XXOX","OOXX..XOX","O","4","1","XOO.OXXOX"
"XOO..XXOX","OOXX..XOX","O","3","-1","XOOO.XXOX"
"XOO..XXXO","OOXX..OXX","O","4","-1","XOO.OXXXO"
"XOO..XXXO","OOXX..OXX","O","3","0","XOOO.XXXO"
"XOO.O..XX","..XXOOX.O","X","6","1","XOO.O.XXX"
"XOO.O..XX","..XXOOX.O","X","3","-1","XOOXO..XX"
"XOO.O..XX","..XXOOX.O","X","5","-1","XOO.OX.XX"
"XOO.O.X.X","O.XOO.X.X","X","3","1","XOOXO.X.X"
"XOO.O.X.X","O.XOO.X.X","X","5","-1","XOO.OXX.X"
"XOO.O.X.X","O.XOO.X.X","X","7","1","XOO.O.XXX"
"XOO.O.XX.","..OXOOX.X","X","8","1","XOO.O.XXX"
"XOO.O.XX.","..OXOOX.X","X","3","1","XOOXO.XX."
"XOO.O.XX.","..OXOOX.X","X","5","1","XOO.OXXX."
"XOO.OX..X","..X.OOXXO","X","6","-1","XOO.OXX.X"
"XOO.OX..X","..X.OOXXO","X","3","-1","XOOXOX..X"
"XOO.OX..X","..X.OOXXO","X","7","-1","XOO.OX.XX"
"XOO.OX.X.","..XXOO.XO","X","6","1","XOO.OXXX."
"XOO.OX.X.","..XXOO.XO","X","8","-1","XOO.OX.XX"
"XOO.OX.X.","..XXOO.XO","X","3","-1","XOOXOX.X."
"XOO.OX.XX","..XXOOXXO","O","6","1","XOO.OXOXX"
"XOO.OX.XX","..XXOOXXO","O","3","-1","XOOOOX.XX"
"XOO.OXX..","..XXO.OOX","X","8","-1","XOO.OXX.X"
"XOO.OXX..","..XXO.OOX","X","3","1","XOOXOXX.."
"XOO.OXX..","..XXO.OOX","X","7","1","XOO.OXXX."
"XOO.OXX.X","OOXXO.X.X","O","3","-1","XOOOOXX.X"
"XOO.OXX.X","OOXXO.X.X","O","7","1","XOO.OXXOX"
"XOO.OXXX.",".XOXOOX.X","O","8","-1","XOO.OXXXO"
"XOO.OXXX.",".XOXOOX.X","O","3","-1","XOOOOXXX."
"XOO.OXXXO","OOXXO.OXX","X","3","1","XOOXOXXXO"
"XOO.X....","....X.OOX","X","6","1","XOO.X.X.."
"XOO.X....","....X.OOX","X","8","1","XOO.X...X"
"XOO.X....","....X.OOX","X","3","1","XOOXX...."
"XOO.X....","....X.OOX","X","5","1","XOO.XX..."
"XOO.X....","....X.OOX","X","7","0","XOO.X..X."
"XOO.X..X.","..OXXO..X","O","6","-1","XOO.X.OX."
"XOO.X..X.","..OXXO..X","O","8","0","XOO.X..XO"
"XOO.X..X.","..OXXO..X","O","3","-1","XOOOX..X."
"XOO.X..X.","..OXXO..X","O","5","-1","XOO.XO.X."
"XOO.X..XO","..XXXOO.O","X","6","-1","XOO.X.XXO"
"XOO.X..XO","..XXXOO.O","X","3","-1","XOOXX..XO"
"XOO.X..XO","..XXXOO.O","X","5","0","XOO.XX.XO"
"XOO.X.OX.","..OXXOO.X","X","8","1","XOO.X.OXX"
"XOO.X.OX.","..OXXOO.X","X","3","1","XOOXX.OX."
"XOO.X.OX.","..OXXOO.X","X","5","1","XOO.XXOX."
"XOO.X.X..","..O.XOX.X","O","8","-1","XOO.X.X.O"
"XOO.X.X..","..O.XOX.X","O","3","-1","XOOOX.X.."
"XOO.X.X..","..O.XOX.X","O","5","-1","XOO.XOX.."
"XOO.X.X..","..O.XOX.X","O","7","-1","XOO.X.XO."
"XOO.X.X.O","O.O.XOX.X","X","3","1","XOOXX.X.O"
"XOO.X.X.O","O.O.XOX.X","X","5","0","XOO.XXX.O"
"XOO.X.X.O","O.O.XOX.X","X","7","-1","XOO.X.XXO"
"XOO.X.XO.","..OOXOX.X","X","8","1","XOO.X.XOX"
"XOO.X.XO.","..OOXOX.X","X","3","1","XOOXX.XO."
"XOO.X.XO.","..OOXOX.X","X","5","1","XOO.XXXO."
"XOO.X.XXO","O.OOXXX.X","O","3","0","XOOOX.XXO"
"XOO.X.XXO","O.OOXXX.X","O","5","1","XOO.XOXXO"
"XOO.XO.X.","..XXXO.OO","X","6","-1","XOO.XOXX."
"XOO.XO.X.","..XXXO.OO","X","8","1","XOO.XO.XX"
"XOO.XO.X.","..XXXO.OO","X","3","-1","XOOXXO.X."
"XOO.XOX..","..XOX.OOX","X","8","1","XOO.XOX.X"
"XOO.XOX..","..XOX.OOX","X","3","1","XOOXXOX.."
"XOO.XOX..","..XOX.OOX","X","7","-1","XOO.XOXX."
"XOO.XOXX.",".OOXXOX.X","O","8","1","XOO.XOXXO"
"XOO.XOXX.",".OOXXOX.X","O","3","-1","XOOOXOXX."
"XOO.XX...","....XXXOO","O","6","-1","XOO.XXO.."
"XOO.XX...","....XXXOO","O","8","-1","XOO.XX..O"
"XOO.XX...","....XXXOO","O","3","-1","XOOOXX..."
"XOO.XX...","....XXXOO","O","7","-1","XOO.XX.O."
"XOO.XX..O","..O.XXXOO","X","6","0","XOO.XXX.O"
"XOO.XX..O","..O.XXXOO","X","3","1","XOOXXX..O"
"XOO.XX..O","..O.XXXOO","X","7","0","XOO.XX.XO"
"XOO.XX.O.","..XOXO.XO","X","6","1","XOO.XXXO."
"XOO.XX.O.","..XOXO.XO","X","8","1","XOO.XX.OX"
"XOO.XX.O.","..XOXO.XO","X","3","1","XOOXXX.O."
"XOO.XX.XO","..XXXOOXO","O","6","-1","XOO.XXOXO"
"XOO.XX.XO","..XXXOOXO","O","3","0","XOOOXX.XO"
"XOO.XXO..","..OXX.OOX","X","8","1","XOO.XXO.X"
"XOO.XXO..","..OXX.OOX","X","3","1","XOOXXXO.."
"XOO.XXO..","..OXX.OOX","X","7","1","XOO.XXOX."
"XOO.XXOX.",".XOXX.OOX","O","8","-1","XOO.XXOXO"
"XOO.XXOX.",".XOXX.OOX","O","3","-1","XOOOXXOX."
"XOO.XXOXO","O.XXXOOXO","X","3","1","XOOXXXOXO"
"XOO.XXX.O","O.XXX.OOX","O","3","0","XOOOXXX.O"
"XOO.XXX.O","O.XXX.OOX","O","7","-1","XOO.XXXOO"
"XOO.XXXO.",".OXXX.OOX","O","8","-1","XOO.XXXOO"
"XOO.XXXO.",".OXXX.OOX","O","3","-1","XOOOXXXO."
"XOO.XXXOO","OOXXX.OOX","X","3","1","XOOXXXXOO"
"XOOO...XX",".OXX.OX.O","X","4","1","XOOOX..XX"
"XOOO...XX",".OXX.OX.O","X","6","1","XOOO..XXX"
"XOOO...XX",".OXX.OX.O","X","5","1","XOOO.X.XX"
"XOOO..X.X","O.XO..XOX","X","4","1","XOOOX.X.X"
"XOOO..X.X","O.XO..XOX","X","5","1","XOOO.XX.X"
"XOOO..X.X","O.XO..XOX","X","7","1","XOOO..XXX"
"XOOO..XX.","..OX.OXOX","X","4","0","XOOOX.XX."
"XOOO..XX.","..OX.OXOX","X","8","1","XOOO..XXX"
"XOOO..XX.","..OX.OXOX","X","5","0","XOOO.XXX."
"XOOO.X..X","..XO.XXOO","X","4","1","XOOOXX..X"
"XOOO.X..X","..XO.XXOO","X","6","1","XOOO.XX.X"
"XOOO.X..X","..XO.XXOO","X","7","1","XOOO.X.XX"
"XOOO.X.X.",".OXX.O.XO","X","4","0","XOOOXX.X."
"XOOO.X.X.",".OXX.O.XO","X","6","0","XOOO.XXX."
"XOOO.X.X.",".OXX.O.XO","X","8","1","XOOO.X.XX"
"XOOO.X.XX",".OXX.OXXO","O","4","-1","XOOOOX.XX"
"XOOO.X.XX",".OXX.OXXO","O","6","-1","XOOO.XOXX"
"XOOO.XOXX","OOXX.OXXO","X","4","1","XOOOXXOXX"
"XOOO.XX..","..XX.OOOX","X","4","0","XOOOXXX.."
"XOOO.XX..","..XX.OOOX","X","8","1","XOOO.XX.X"
"XOOO.XX..","..XX.OOOX","X","7","0","XOOO.XXX."
"XOOO.XX.X","OOXX.OX.X","O","4","-1","XOOOOXX.X"
"XOOO.XX.X","OOXX.OX.X","O","7","-1","XOOO.XXOX"
"XOOO.XXOX","OOXX.OXOX","X","4","1","XOOOXXXOX"
"XOOO.XXX.",".XOX.OXOX","O","4","-1","XOOOOXXX."
"XOOO.XXX.",".XOX.OXOX","O","8","0","XOOO.XXXO"
"XOOO.XXXO","OOXX.OOXX","X","4","0","XOOOXXXXO"
"XOOOOX.XX",".OXXOOXXO","X","6","1","XOOOOXXXX"
"XOOOOXX.X","OOXXOOX.X","X","7","1","XOOOOXXXX"
"XOOOOXXX.",".XOXOOXOX","X","8","1","XOOOOXXXX"
"XOOOX..X.","..OXXO.OX","X","6","0","XOOOX.XX."
"XOOOX..X.","..OXXO.OX","X","8","1","XOOOX..XX"
"XOOOX..X.","..OXXO.OX","X","5","0","XOOOXX.X."
"XOOOX.X..","..O.XOXOX","X","8","1","XOOOX.X.X"
"XOOOX.X..","..O.XOXOX","X","5","0","XOOOXXX.."
"XOOOX.X..","..O.XOXOX","X","7","0","XOOOX.XX."
"XOOOX.XX.","..OXXOXOX","O","8","0","XOOOX.XXO"
"XOOOX.XX.","..OXXOXOX","O","5","-1","XOOOXOXX."
"XOOOX.XXO","O.OOXXXOX","X","5","0","XOOOXXXXO"
"XOOOXOXX.",".OOXXOXOX","X","8","1","XOOOXOXXX"
"XOOOXX...","...OXXXOO","X","6","0","XOOOXXX.."
"XOOOXX...","...OXXXOO","X","8","1","XOOOXX..X"
"XOOOXX...","...OXXXOO","X","7","0","XOOOXX.X."
"XOOOXX.X.",".OXXXO.XO","O","6","-1","XOOOXXOX."
"XOOOXX.X.",".OXXXO.XO","O","8","0","XOOOXX.XO"
"XOOOXX.XO",".OXXXOOXO","X","6","0","XOOOXXXXO"
"XOOOXXOX.",".XOXXOOOX","X","8","1","XOOOXXOXX"
"XOOOXXX..","..XXXOOOX","O","8","0","XOOOXXX.O"
"XOOOXXX..","..XXXOOOX","O","7","-1","XOOOXXXO."
"XOOOXXX.O","O.XXXOOOX","X","7","0","XOOOXXXXO"
"XOOOXXXO.",".OXXXOOOX","X","8","1","XOOOXXXOX"
"XOOX.....",".....XOOX","X","4","1","XOOXX...."
"XOOX.....",".....XOOX","X","6","1","XOOX..X.."
"XOOX.....",".....XOOX","X","8","1","XOOX....X"
"XOOX.....",".....XOOX","X","5","1","XOOX.X..."
"XOOX.....",".....XOOX","X","7","1","XOOX...X."
"XOOX....X","..XX..XOO","O","4","-1","XOOXO...X"
"XOOX....X","..XX..XOO","O","6","-1","XOOX..O.X"
"XOOX....X","..XX..XOO","O","5","-1","XOOX.O..X"
"XOOX....X","..XX..XOO","O","7","-1","XOOX...OX"
"XOOX...OX",".OXX..XOO","X","4","1","XOOXX..OX"
"XOOX...OX",".OXX..XOO","X","6","1","XOOX..XOX"
"XOOX...OX",".OXX..XOO","X","5","-1","XOOX.X.OX"
"XOOX...X.","..OX.O.XX","O","4","-1","XOOXO..X."
"XOOX...X.","..OX.O.XX","O","6","-1","XOOX..OX."
"XOOX...X.","..OX.O.XX","O","8","-1","XOOX...XO"
"XOOX...X.","..OX.O.XX","O","5","-1","XOOX.O.X."
"XOOX...XO",".XOX..XOO","X","4","-1","XOOXX..XO"
"XOOX...XO",".XOX..XOO","X","6","1","XOOX..XXO"
"XOOX...XO",".XOX..XOO","X","5","1","XOOX.X.XO"
"XOOX..O.X","O.XO..XXO","X","4","1","XOOXX.O.X"
"XOOX..O.X","O.XO..XXO","X","5","-1","XOOX.XO.X"
"XOOX..O.X","O.XO..XXO","X","7","-1","XOOX..OXX"
"XOOX..OX.","..OX.OOXX","X","4","1","XOOXX.OX."
"XOOX..OX.","..OX.OOXX","X","8","-1","XOOX..OXX"
"XOOX..OX.","..OX.OOXX","X","5","-1","XOOX.XOX."
"XOOX..OXX","O.XO.XXXO","O","4","1","XOOXO.OXX"
"XOOX..OXX","O.XO.XXXO","O","5","-1","XOOX.OOXX"
"XOOX.O..X","..XX.OXOO","X","4","1","XOOXXO..X"
"XOOX.O..X","..XX.OXOO","X","6","1","XOOX.OX.X"
"XOOX.O..X","..XX.OXOO","X","7","1","XOOX.O.XX"
"XOOX.O.X.",".OOX.O.XX","X","4","-1","XOOXXO.X."
"XOOX.O.X.",".OOX.O.XX","X","6","1","XOOX.OXX."
"XOOX.O.X.",".OOX.O.XX","X","8","1","XOOX.O.XX"
"XOOX.O.XX",".XXX.OXOO","O","4","-1","XOOXOO.XX"
"XOOX.O.XX",".XXX.OXOO","O","6","-1","XOOX.OOXX"
"XOOX.OOXX","OOXO.XXXO","X","4","1","XOOXXOOXX"
"XOOX.X...","...X.XOOX","O","4","-1","XOOXOX..."
"XOOX.X...","...X.XOOX","O","6","-1","XOOX.XO.."
"XOOX.X...","...X.XOOX","O","8","-1","XOOX.X..O"
"XOOX.X...","...X.XOOX","O","7","-1","XOOX.X.O."
"XOOX.X..O","..OX.XXOO","X","4","1","XOOXXX..O"
"XOOX.X..O","..OX.XXOO","X","6","1","XOOX.XX.O"
"XOOX.X..O","..OX.XXOO","X","7","1","XOOX.X.XO"
"XOOX.X.O.",".O.X.XOOX","X","4","1","XOOXXX.O."
"XOOX.X.O.",".O.X.XOOX","X","6","1","XOOX.XXO."
"XOOX.X.O.",".O.X.XOOX","X","8","-1","XOOX.X.OX"
"XOOX.X.OX",".OXX.XXOO","O","4","1","XOOXOX.OX"
"XOOX.X.OX",".OXX.XXOO","O","6","-1","XOOX.XOOX"
"XOOX.X.XO",".XOX.XXOO","O","4","-1","XOOXOX.XO"
"XOOX.X.XO",".XOX.XXOO","O","6","-1","XOOX.XOXO"
"XOOX.XO..","..OX.XOOX","X","4","1","XOOXXXO.."
"XOOX.XO..","..OX.XOOX","X","8","-1","XOOX.XO.X"
"XOOX.XO..","..OX.XOOX","X","7","-1","XOOX.XOX."
"XOOX.XO.X","O.XX.XXOO","O","4","1","XOOXOXO.X"
"XOOX.XO.X","O.XX.XXOO","O","7","-1","XOOX.XOOX"
"XOOX.XOOX","OOXX.XXOO","X","4","1","XOOXXXOOX"
"XOOX.XOX.",".XOX.OOXX","O","4","1","XOOXOXOX."
"XOOX.XOX.",".XOX.OOXX","O","8","-1","XOOX.XOXO"
"XOOX.XOXO","OOXX.XOXO","X","4","1","XOOXXXOXO"
"XOOXO...X","..XXO.XOO","X","6","1","XOOXO.X.X"
"XOOXO...X","..XXO.XOO","X","5","-1","XOOXOX..X"
"XOOXO...X","..XXO.XOO","X","7","-1","XOOXO..XX"
"XOOXO..X.","..OXOO.XX","X","6","1","XOOXO.XX."
"XOOXO..X.","..OXOO.XX","X","8","-1","XOOXO..XX"
"XOOXO..X.","..OXOO.XX","X","5","-1","XOOXOX.X."
"XOOXO..XX",".XXXO.XOO","O","6","1","XOOXO.OXX"
"XOOXO..XX",".XXXO.XOO","O","5","-1","XOOXOO.XX"
"XOOXOO.XX",".XXXOOXOO","X","6","1","XOOXOOXXX"
"XOOXOX...","...XOXOOX","X","6","1","XOOXOXX.."
"XOOXOX...","...XOXOOX","X","8","-1","XOOXOX..X"
"XOOXOX...","...XOXOOX","X","7","-1","XOOXOX.X."
"XOOXOX..X","..XXOXXOO","O","6","1","XOOXOXO.X"
"XOOXOX..X","..XXOXXOO","O","7","1","XOOXOX.OX"
"XOOXOX.X.",".X.XOXOOX","O","6","1","XOOXOXOX."
"XOOXOX.X.",".X.XOXOOX","O","8","-1","XOOXOX.XO"
"XOOXOX.XO",".XOXOXXOO","X","6","1","XOOXOXXXO"
"XOOXX....","....XXOOX","O","6","-1","XOOXX.O.."
"XOOXX....","....XXOOX","O","8","-1","XOOXX...O"
"XOOXX....","....XXOOX","O","5","-1","XOOXXO..."
"XOOXX....","....XXOOX","O","7","-1","XOOXX..O."
"XOOXX...O","..OXX.XOO","X","6","1","XOOXX.X.O"
"XOOXX...O","..OXX.XOO","X","5","1","XOOXXX..O"
"XOOXX...O","..OXX.XOO","X","7","-1","XOOXX..XO"
"XOOXX..O.","..OOXO.XX","X","6","1","XOOXX.XO."
"XOOXX..O.","..OOXO.XX","X","8","1","XOOXX..OX"
"XOOXX..O.","..OOXO.XX","X","5","1","XOOXXX.O."
"XOOXX..XO",".XOXX.XOO","O","6","-1","XOOXX.OXO"
"XOOXX..XO",".XOXX.XOO","O","5","1","XOOXXO.XO"
"XOOXX.O..","..O.XOOXX","X","8","1","XOOXX.O.X"
"XOOXX.O..","..O.XOOXX","X","5","1","XOOXXXO.."
"XOOXX.O..","..O.XOOXX","X","7","1","XOOXX.OX."
"XOOXX.OX.","..OXXOOXX","O","8","-1","XOOXX.OXO"
"XOOXX.OX.","..OXXOOXX","O","5","-1","XOOXXOOX."
"XOOXX.OXO","O.OOXXXXO","X","5","1","XOOXXXOXO"
"XOOXXO...","...OXXOOX","X","6","1","XOOXXOX.."
"XOOXXO...","...OXXOOX","X","8","1","XOOXXO..X"
"XOOXXO...","...OXXOOX","X","7","-1","XOOXXO.X."
"XOOXXO.X.",".OOXXO.XX","O","6","-1","XOOXXOOX."
"XOOXXO.X.",".OOXXO.XX","O","8","1","XOOXXO.XO"
"XOOXXOOX.",".OOXXOOXX","X","8","1","XOOXXOOXX"
"XOX......","......XOX","O","4","0","XOX.O...."
"XOX......","......XOX","O","6","-1","XOX...O.."
"XOX......","......XOX","O","8","-1","XOX.....O"
"XOX......","......XOX","O","3","-1","XOXO....."
"XOX......","......XOX","O","5","-1","XOX..O..."
"XOX......","......XOX","O","7","-1","XOX....O."
"XOX.....O","..O...XOX","X","4","0","XOX.X...O"
"XOX.....O","..O...XOX","X","6","1","XOX...X.O"
"XOX.....O","..O...XOX","X","3","0","XOXX....O"
"XOX.....O","..O...XOX","X","5","-1","XOX..X..O"
"XOX.....O","..O...XOX","X","7","0","XOX....XO"
"XOX....O.","..XO.O..X","X","4","1","XOX.X..O."
"XOX....O.","..XO.O..X","X","6","-1","XOX...XO."
"XOX....O.","..XO.O..X","X","8","-1","XOX....OX"
"XOX....O.","..XO.O..X","X","3","-1","XOXX...O."
"XOX....O.","..XO.O..X","X","5","-1","XOX..X.O."
"XOX....OX","..XO.OX.X","O","4","1","XOX.O..OX"
"XOX....OX","..XO.OX.X","O","6","-1","XOX...OOX"
"XOX....OX","..XO.OX.X","O","3","-1","XOXO...OX"
"XOX....OX","..XO.OX.X","O","5","-1","XOX..O.OX"
"XOX....XO","..XX.OO.X","O","4","0","XOX.O..XO"
"XOX....XO","..XX.OO.X","O","6","0","XOX...OXO"
"XOX....XO","..XX.OO.X","O","3","0","XOXO...XO"
"XOX....XO","..XX.OO.X","O","5","-1","XOX..O.XO"
"XOX...O..","..O...XOX","X","4","0","XOX.X.O.."
"XOX...O..","..O...XOX","X","8","1","XOX...O.X"
"XOX...O..","..O...XOX","X","3","-1","XOXX..O.."
"XOX...O..","..O...XOX","X","5","0","XOX..XO.."
"XOX...O..","..O...XOX","X","7","0","XOX...OX."
"XOX...O.X","O.X...XOX","O","4","-1","XOX.O.O.X"
"XOX...O.X","O.X...XOX","O","3","-1","XOXO..O.X"
"XOX...O.X","O.X...XOX","O","5","-1","XOX..OO.X"
"XOX...O.X","O.X...XOX","O","7","-1","XOX...OOX"
"XOX...OOX","O.XO.OX.X","X","4","1","XOX.X.OOX"
"XOX...OOX","O.XO.OX.X","X","3","-1","XOXX..OOX"
"XOX...OOX","O.XO.OX.X","X","5","1","XOX..XOOX"
"XOX...OX.","..XX.OO.X","O","4","0","XOX.O.OX."
"XOX...OX.","..XX.OO.X","O","8","0","XOX...OXO"
"XOX...OX.","..XX.OO.X","O","3","-1","XOXO..OX."
"XOX...OX.","..XX.OO.X","O","5","0","XOX..OOX."
"XOX...OXO","O.XX.OO.X","X","4","0","XOX.X.OXO"
"XOX...OXO","O.XX.OO.X","X","3","0","XOXX..OXO"
"XOX...OXO","O.XX.OO.X","X","5","0","XOX..XOXO"
"XOX...X.O","O.X...XOX","O","4","-1","XOX.O.X.O"
"XOX...X.O","O.X...XOX","O","3","-1","XOXO..X.O"
"XOX...X.O","O.X...XOX","O","5","-1","XOX..OX.O"
"XOX...X.O","O.X...XOX","O","7","-1","XOX...XOO"
"XOX...XO.","..XO.OX.X","O","4","1","XOX.O.XO."
"XOX...XO.","..XO.OX.X","O","8","-1","XOX...XOO"
"XOX...XO.","..XO.OX.X","O","3","-1","XOXO..XO."
"XOX...XO.","..XO.OX.X","O","5","-1","XOX..OXO."
"XOX...XOO","O.XO.OX.X","X","4","1","XOX.X.XOO"
"XOX...XOO","O.XO.OX.X","X","3","1","XOXX..XOO"
"XOX...XOO","O.XO.OX.X","X","5","-1","XOX..XXOO"
"XOX..O...",".....OXOX","X","4","1","XOX.XO..."
"XOX..O...",".....OXOX","X","6","1","XOX..OX.."
"XOX..O...",".....OXOX","X","8","-1","XOX..O..X"
"XOX..O...",".....OXOX","X","3","0","XOXX.O..."
"XOX..O...",".....OXOX","X","7","0","XOX..O.X."
"XOX..O..X","..X..OXOX","O","4","1","XOX.OO..X"
"XOX..O..X","..X..OXOX","O","6","-1","XOX..OO.X"
"XOX..O..X","..X..OXOX","O","3","-1","XOXO.O..X"
"XOX..O..X","..X..OXOX","O","7","-1","XOX..O.OX"
"XOX..O.OX","..XO.OXOX","X","4","1","XOX.XO.OX"
"XOX..O.OX","..XO.OXOX","X","6","-1","XOX..OXOX"
"XOX..O.OX","..XO.OXOX","X","3","-1","XOXX.O.OX"
"XOX..O.X.","..XX.O.OX","O","4","0","XOX.OO.X."
"XOX..O.X.","..XX.O.OX","O","6","0","XOX..OOX."
"XOX..O.X.","..XX.O.OX","O","8","-1","XOX..O.XO"
"XOX..O.X.","..XX.O.OX","O","3","-1","XOXO.O.X."
"XOX..O.XO","..XX.OOOX","X","4","0","XOX.XO.XO"
"XOX..O.XO","..XX.OOOX","X","6","1","XOX..OXXO"
"XOX..O.XO","..XX.OOOX","X","3","0","XOXX.O.XO"
"XOX..OO.X","O.X..OXOX","X","4","1","XOX.XOO.X"
"XOX..OO.X","O.X..OXOX","X","3","0","XOXX.OO.X"
"XOX..OO.X","O.X..OXOX","X","7","0","XOX..OOXX"
"XOX..OOX.",".OXX.OO.X","X","4","0","XOX.XOOX."
"XOX..OOX.",".OXX.OO.X","X","8","0","XOX..OOXX"
"XOX..OOX.",".OXX.OO.X","X","3","0","XOXX.OOX."
"XOX..OOXX","O.XX.OXOX","O","4","0","XOX.OOOXX"
"XOX..OOXX","O.XX.OXOX","O","3","-1","XOXO.OOXX"
"XOX..OX..","..XO..XOX","O","4","-1","XOX.OOX.."
"XOX..OX..","..XO..XOX","O","8","-1","XOX..OX.O"
"XOX..OX..","..XO..XOX","O","3","-1","XOXO.OX.."
"XOX..OX..","..XO..XOX","O","7","-1","XOX..OXO."
"XOX..OX.O","O.XO..XOX","X","4","1","XOX.XOX.O"
"XOX..OX.O","O.XO..XOX","X","3","1","XOXX.OX.O"
"XOX..OX.O","O.XO..XOX","X","7","1","XOX..OXXO"
"XOX..OXO.",".OXO..XOX","X","4","1","XOX.XOXO."
"XOX..OXO.",".OXO..XOX","X","8","-1","XOX..OXOX"
"XOX..OXO.",".OXO..XOX","X","3","1","XOXX.OXO."
"XOX..OXOX","X.XO.OXOX","O","4","1","XOX.OOXOX"
"XOX..OXOX","X.XO.OXOX","O","3","-1","XOXO.OXOX"
"XOX..OXXO","OOXX.OX.X","O","4","-1","XOX.OOXXO"
"XOX..OXXO","OOXX.OX.X","O","3","-1","XOXO.OXXO"
"XOX..X..O","..O..XXOX","O","4","0","XOX.OX..O"
"XOX..X..O","..O..XXOX","O","6","0","XOX..XO.O"
"XOX..X..O","..O..XXOX","O","3","0","XOXO.X..O"
"XOX..X..O","..O..XXOX","O","7","1","XOX..X.OO"
"XOX..X.O.","..XO.O.XX","O","4","1","XOX.OX.O."
"XOX..X.O.","..XO.O.XX","O","6","-1","XOX..XOO."
"XOX..X.O.","..XO.O.XX","O","8","1","XOX..X.OO"
"XOX..X.O.","..XO.O.XX","O","3","-1","XOXO.X.O."
"XOX..X.OO","..XO.OOXX","X","4","-1","XOX.XX.OO"
"XOX..X.OO","..XO.OOXX","X","6","-1","XOX..XXOO"
"XOX..X.OO","..XO.OOXX","X","3","-1","XOXX.X.OO"
"XOX..XO..","..OX..XOX","O","4","-1","XOX.OXO.."
"XOX..XO..","..OX..XOX","O","8","0","XOX..XO.O"
"XOX..XO..","..OX..XOX","O","3","-1","XOXO.XO.."
"XOX..XO..","..OX..XOX","O","7","-1","XOX..XOO."
"XOX..XO.O","O.O..XXOX","X","4","-1","XOX.XXO.O"
"XOX..XO.O","O.O..XXOX","X","3","-1","XOXX.XO.O"
"XOX..XO.O","O.O..XXOX","X","7","0","XOX..XOXO"
"XOX..XOO.",".OOX..XOX","X","4","-1","XOX.XXOO."
"XOX..XOO.",".OOX..XOX","X","8","1","XOX..XOOX"
"XOX..XOO.",".OOX..XOX","X","3","-1","XOXX.XOO."
"XOX..XOXO","O.XX.OOXX","O","4","0","XOX.OXOXO"
"XOX..XOXO","O.XX.OOXX","O","3","0","XOXO.XOXO"
"XOX..XXOO","OOXX..XOX","O","4","1","XOX.OXXOO"
"XOX..XXOO","OOXX..XOX","O","3","-1","XOXO.XXOO"
"XOX.O....","....O.XOX","X","6","-1","XOX.O.X.."
"XOX.O....","....O.XOX","X","8","-1","XOX.O...X"
"XOX.O....","....O.XOX","X","3","-1","XOXXO...."
"XOX.O....","....O.XOX","X","5","-1","XOX.OX..."
"XOX.O....","....O.XOX","X","7","0","XOX.O..X."
"XOX.O...X","..X.O.XOX","O","6","-1","XOX.O.O.X"
"XOX.O...X","..X.O.XOX","O","3","-1","XOXOO...X"
"XOX.O...X","..X.O.XOX","O","5","1","XOX.OO..X"
"XOX.O...X","..X.O.XOX","O","7","1","XOX.O..OX"
"XOX.O..X.","..XXOO..X","O","6","0","XOX.O.OX."
"XOX.O..X.","..XXOO..X","O","8","0","XOX.O..XO"
"XOX.O..X.","..XXOO..X","O","3","0","XOXOO..X."
"XOX.O..X.","..XXOO..X","O","5","0","XOX.OO.X."
"XOX.O..XO","..XXOOO.X","X","6","0","XOX.O.XXO"
"XOX.O..XO","..XXOOO.X","X","3","0","XOXXO..XO"
"XOX.O..XO","..XXOOO.X","X","5","0","XOX.OX.XO"
"XOX.O.O.X","O.X.O.XOX","X","3","-1","XOXXO.O.X"
"XOX.O.O.X","O.X.O.XOX","X","5","1","XOX.OXO.X"
"XOX.O.O.X","O.X.O.XOX","X","7","0","XOX.O.OXX"
"XOX.O.OX.","..XXOOO.X","X","8","0","XOX.O.OXX"
"XOX.O.OX.","..XXOOO.X","X","3","0","XOXXO.OX."
"XOX.O.OX.","..XXOOO.X","X","5","0","XOX.OXOX."
"XOX.O.OXX","O.XXOOX.X","O","3","-1","XOXOO.OXX"
"XOX.O.OXX","O.XXOOX.X","O","5","0","XOX.OOOXX"
"XOX.O.X..","..X.O.XOX","O","8","-1","XOX.O.X.O"
"XOX.O.X..","..X.O.XOX","O","3","1","XOXOO.X.."
"XOX.O.X..","..X.O.XOX","O","5","-1","XOX.OOX.."
"XOX.O.X..","..X.O.XOX","O","7","1","XOX.O.XO."
"XOX.O.X.O","O.X.O.XOX","X","3","1","XOXXO.X.O"
"XOX.O.X.O","O.X.O.XOX","X","5","-1","XOX.OXX.O"
"XOX.O.X.O","O.X.O.XOX","X","7","0","XOX.O.XXO"
"XOX.O.XXO","O.XXOOX.X","O","3","0","XOXOO.XXO"
"XOX.O.XXO","O.XXOOX.X","O","5","-1","XOX.OOXXO"
"XOX.OO..X","..X.OOXOX","X","6","-1","XOX.OOX.X"
"XOX.OO..X","..X.OOXOX","X","3","-1","XOXXOO..X"
"XOX.OO..X","..X.OOXOX","X","7","-1","XOX.OO.XX"
"XOX.OO.X.","..XXOO.OX","X","6","-1","XOX.OOXX."
"XOX.OO.X.","..XXOO.OX","X","8","-1","XOX.OO.XX"
"XOX.OO.X.","..XXOO.OX","X","3","0","XOXXOO.X."
"XOX.OO.XX","..XXOOXOX","O","6","0","XOX.OOOXX"
"XOX.OO.XX","..XXOOXOX","O","3","1","XOXOOO.XX"
"XOX.OOOXX","O.XXOOXOX","X","3","0","XOXXOOOXX"
"XOX.OOX..","..XOO.XOX","X","8","-1","XOX.OOX.X"
"XOX.OOX..","..XOO.XOX","X","3","1","XOXXOOX.."
"XOX.OOX..","..XOO.XOX","X","7","-1","XOX.OOXX."
"XOX.OOX.X","X.X.OOXOX","O","3","1","XOXOOOX.X"
"XOX.OOX.X","X.X.OOXOX","O","7","1","XOX.OOXOX"
"XOX.OOXX.",".OXXOOX.X","O","8","-1","XOX.OOXXO"
"XOX.OOXX.",".OXXOOX.X","O","3","1","XOXOOOXX."
"XOX.OOXXO","OOXXOOX.X","X","3","1","XOXXOOXXO"
"XOX.OX...","....OXXOX","O","6","-1","XOX.OXO.."
"XOX.OX...","....OXXOX","O","8","0","XOX.OX..O"
"XOX.OX...","....OXXOX","O","3","-1","XOXOOX..."
"XOX.OX...","....OXXOX","O","7","1","XOX.OX.O."
"XOX.OX..O","..O.OXXOX","X","6","-1","XOX.OXX.O"
"XOX.OX..O","..O.OXXOX","X","3","-1","XOXXOX..O"
"XOX.OX..O","..O.OXXOX","X","7","0","XOX.OX.XO"
"XOX.OX.XO","..XXOOOXX","O","6","0","XOX.OXOXO"
"XOX.OX.XO","..XXOOOXX","O","3","0","XOXOOX.XO"
"XOX.OXO..","..OXO.XOX","X","8","1","XOX.OXO.X"
"XOX.OXO..","..OXO.XOX","X","3","-1","XOXXOXO.."
"XOX.OXO..","..OXO.XOX","X","7","0","XOX.OXOX."
"XOX.OXOX.",".XOXO.XOX","O","8","0","XOX.OXOXO"
"XOX.OXOX.",".XOXO.XOX","O","3","-1","XOXOOXOX."
"XOX.OXOXO","O.XXOOOXX","X","3","0","XOXXOXOXO"
"XOX.OXX.O","O.XXO.XOX","O","3","0","XOXOOXX.O"
"XOX.OXX.O","O.XXO.XOX","O","7","1","XOX.OXXOO"
"XOX.X...O","..O.X.XOX","O","6","0","XOX.X.O.O"
"XOX.X...O","..O.X.XOX","O","3","-1","XOXOX...O"
"XOX.X...O","..O.X.XOX","O","5","-1","XOX.XO..O"
"XOX.X...O","..O.X.XOX","O","7","-1","XOX.X..OO"
"XOX.X..O.","..XOXO..X","O","6","-1","XOX.X.OO."
"XOX.X..O.","..XOXO..X","O","8","-1","XOX.X..OO"
"XOX.X..O.","..XOXO..X","O","3","-1","XOXOX..O."
"XOX.X..O.","..XOXO..X","O","5","-1","XOX.XO.O."
"XOX.X..OO","..XOXOO.X","X","6","1","XOX.X.XOO"
"XOX.X..OO","..XOXOO.X","X","3","-1","XOXXX..OO"
"XOX.X..OO","..XOXOO.X","X","5","-1","XOX.XX.OO"
"XOX.X.O..","..O.X.XOX","O","8","0","XOX.X.O.O"
"XOX.X.O..","..O.X.XOX","O","3","-1","XOXOX.O.."
"XOX.X.O..","..O.X.XOX","O","5","-1","XOX.XOO.."
"XOX.X.O..","..O.X.XOX","O","7","-1","XOX.X.OO."
"XOX.X.O.O","O.O.X.XOX","X","3","-1","XOXXX.O.O"
"XOX.X.O.O","O.O.X.XOX","X","5","-1","XOX.XXO.O"
"XOX.X.O.O","O.O.X.XOX","X","7","0","XOX.X.OXO"
"XOX.X.OO.","..XOXOO.X","X","8","1","XOX.X.OOX"
"XOX.X.OO.","..XOXOO.X","X","3","-1","XOXXX.OO."
"XOX.X.OO.","..XOXOO.X","X","5","-1","XOX.XXOO."
"XOX.X.OXO","O.XXXOO.X","O","3","0","XOXOX.OXO"
"XOX.X.OXO","O.XXXOO.X","O","5","0","XOX.XOOXO"
"XOX.XO...","....XOXOX","O","6","-1","XOX.XOO.."
"XOX.XO...","....XOXOX","O","8","-1","XOX.XO..O"
"XOX.XO...","....XOXOX","O","3","-1","XOXOXO..."
"XOX.XO...","....XOXOX","O","7","-1","XOX.XO.O."
"XOX.XO..O","..O.XOXOX","X","6","1","XOX.XOX.O"
"XOX.XO..O","..O.XOXOX","X","3","0","XOXXXO..O"
"XOX.XO..O","..O.XOXOX","X","7","0","XOX.XO.XO"
"XOX.XO.O.","..XOXO.OX","X","6","1","XOX.XOXO."
"XOX.XO.O.","..XOXO.OX","X","8","1","XOX.XO.OX"
"XOX.XO.O.","..XOXO.OX","X","3","1","XOXXXO.O."
"XOX.XO.XO","..XXXOOOX","O","6","0","XOX.XOOXO"
"XOX.XO.XO","..XXXOOOX","O","3","-1","XOXOXO.XO"
"XOX.XOO..","..OOX.XOX","X","8","1","XOX.XOO.X"
"XOX.XOO..","..OOX.XOX","X","3","0","XOXXXOO.."
"XOX.XOO..","..OOX.XOX","X","7","0","XOX.XOOX."
"XOX.XOOX.",".OXXXOO.X","O","8","0","XOX.XOOXO"
"XOX.XOOX.",".OXXXOO.X","O","3","-1","XOXOXOOX."
"XOX.XOOXO","O.XXXOOOX","X","3","0","XOXXXOOXO"
"XOX.XX.OO","..XOXOOXX","O","6","1","XOX.XXOOO"
"XOX.XX.OO","..XOXOOXX","O","3","-1","XOXOXX.OO"
"XOX.XXO.O","O.O.XXXOX","O","3","0","XOXOXXO.O"
"XOX.XXO.O","O.O.XXXOX","O","7","1","XOX.XXOOO"
"XOX.XXOO.",".OOXX.XOX","O","8","1","XOX.XXOOO"
"XOX.XXOO.",".OOXX.XOX","O","3","-1","XOXOXXOO."
"XOXO.....",".....OXOX","X","4","1","XOXOX...."
"XOXO.....",".....OXOX","X","6","-1","XOXO..X.."
"XOXO.....",".....OXOX","X","8","1","XOXO....X"
"XOXO.....",".....OXOX","X","5","0","XOXO.X..."
"XOXO.....",".....OXOX","X","7","0","XOXO...X."
"XOXO....X","..XO..XOX","O","4","-1","XOXOO...X"
"XOXO....X","..XO..XOX","O","6","-1","XOXO..O.X"
"XOXO....X","..XO..XOX","O","5","-1","XOXO.O..X"
"XOXO....X","..XO..XOX","O","7","-1","XOXO...OX"
"XOXO...OX",".OXO..XOX","X","4","1","XOXOX..OX"
"XOXO...OX",".OXO..XOX","X","6","-1","XOXO..XOX"
"XOXO...OX",".OXO..XOX","X","5","1","XOXO.X.OX"
"XOXO...X.","..XX.O.OX","O","4","0","XOXOO..X."
"XOXO...X.","..XX.O.OX","O","6","-1","XOXO..OX."
"XOXO...X.","..XX.O.OX","O","8","0","XOXO...XO"
"XOXO...X.","..XX.O.OX","O","5","-1","XOXO.O.X."
"XOXO...XO",".OXX.OO.X","X","4","0","XOXOX..XO"
"XOXO...XO",".OXX.OO.X","X","6","0","XOXO..XXO"
"XOXO...XO",".OXX.OO.X","X","5","0","XOXO.X.XO"
"XOXO..O.X","O.XO..XOX","X","4","1","XOXOX.O.X"
"XOXO..O.X","O.XO..XOX","X","5","1","XOXO.XO.X"
"XOXO..O.X","O.XO..XOX","X","7","1","XOXO..OXX"
"XOXO..OX.","..XX.OOOX","X","4","0","XOXOX.OX."
"XOXO..OX.","..XX.OOOX","X","8","1","XOXO..OXX"
"XOXO..OX.","..XX.OOOX","X","5","0","XOXO.XOX."
"XOXO..OXX","OOXX.OX.X","O","4","-1","XOXOO.OXX"
"XOXO..OXX","OOXX.OX.X","O","5","-1","XOXO.OOXX"
"XOXO..X..","..X..OXOX","O","4","1","XOXOO.X.."
"XOXO..X..","..X..OXOX","O","8","-1","XOXO..X.O"
"XOXO..X..","..X..OXOX","O","5","-1","XOXO.OX.."
"XOXO..X..","..X..OXOX","O","7","-1","XOXO..XO."
"XOXO..X.O","O.X..OXOX","X","4","1","XOXOX.X.O"
"XOXO..X.O","O.X..OXOX","X","5","0","XOXO.XX.O"
"XOXO..X.O","O.X..OXOX","X","7","0","XOXO..XXO"
"XOXO..XO.","..XO.OXOX","X","4","1","XOXOX.XO."
"XOXO..XO.","..XO.OXOX","X","8","-1","XOXO..XOX"
"XOXO..XO.","..XO.OXOX","X","5","-1","XOXO.XXO."
"XOXO..XOX","X.XO.OXOX","O","4","1","XOXOO.XOX"
"XOXO..XOX","X.XO.OXOX","O","5","-1","XOXO.OXOX"
"XOXO..XXO","O.XX.OXOX","O","4","0","XOXOO.XXO"
"XOXO..XXO","O.XX.OXOX","O","5","-1","XOXO.OXXO"
"XOXO.O..X","..XO.OXOX","X","4","1","XOXOXO..X"
"XOXO.O..X","..XO.OXOX","X","6","-1","XOXO.OX.X"
"XOXO.O..X","..XO.OXOX","X","7","-1","XOXO.O.XX"
"XOXO.O.X.",".OXX.O.OX","X","4","1","XOXOXO.X."
"XOXO.O.X.",".OXX.O.OX","X","6","-1","XOXO.OXX."
"XOXO.O.X.",".OXX.O.OX","X","8","-1","XOXO.O.XX"
"XOXO.O.XX",".OXX.OXOX","O","4","1","XOXOOO.XX"
"XOXO.O.XX",".OXX.OXOX","O","6","-1","XOXO.OOXX"
"XOXO.OOXX","OOXX.OXOX","X","4","1","XOXOXOOXX"
"XOXO.OX..","..XO.OXOX","X","4","1","XOXOXOX.."
"XOXO.OX..","..XO.OXOX","X","8","-1","XOXO.OX.X"
"XOXO.OX..","..XO.OXOX","X","7","-1","XOXO.OXX."
"XOXO.OX.X","X.XO.OXOX","O","4","1","XOXOOOX.X"
"XOXO.OX.X","X.XO.OXOX","O","7","-1","XOXO.OXOX"
"XOXO.OXOX","XOXO.OXOX","X","4","1","XOXOXOXOX"
"XOXO.OXX.",".OXX.OXOX","O","4","1","XOXOOOXX."
"XOXO.OXX.",".OXX.OXOX","O","8","-1","XOXO.OXXO"
"XOXO.OXXO","OOXX.OXOX","X","4","1","XOXOXOXXO"
"XOXO.X...","...O.XXOX","O","4","-1","XOXOOX..."
"XOXO.X...","...O.XXOX","O","6","-1","XOXO.XO.."
"XOXO.X...","...O.XXOX","O","8","0","XOXO.X..O"
"XOXO.X...","...O.XXOX","O","7","-1","XOXO.X.O."
"XOXO.X..O","..OO.XXOX","X","4","0","XOXOXX..O"
"XOXO.X..O","..OO.XXOX","X","6","0","XOXO.XX.O"
"XOXO.X..O","..OO.XXOX","X","7","0","XOXO.X.XO"
"XOXO.X.O.",".O.O.XXOX","X","4","1","XOXOXX.O."
"XOXO.X.O.",".O.O.XXOX","X","6","-1","XOXO.XXO."
"XOXO.X.O.",".O.O.XXOX","X","8","1","XOXO.X.OX"
"XOXO.X.XO",".OXX.OOXX","O","4","0","XOXOOX.XO"
"XOXO.X.XO",".OXX.OOXX","O","6","0","XOXO.XOXO"
"XOXO.XO..","..OX.OXOX","X","4","0","XOXOXXO.."
"XOXO.XO..","..OX.OXOX","X","8","1","XOXO.XO.X"
"XOXO.XO..","..OX.OXOX","X","7","0","XOXO.XOX."
"XOXO.XOX.",".XOX.OXOX","O","4","-1","XOXOOXOX."
"XOXO.XOX.",".XOX.OXOX","O","8","0","XOXO.XOXO"
"XOXO.XOXO","OOXX.OOXX","X","4","0","XOXOXXOXO"
"XOXO.XX.O","O.XX.OXOX","O","4","0","XOXOOXX.O"
"XOXO.XX.O","O.XX.OXOX","O","7","-1","XOXO.XXOO"
"XOXO.XXO.",".OXX.OXOX","O","4","1","XOXOOXXO."
"XOXO.XXO.",".OXX.OXOX","O","8","-1","XOXO.XXOO"
"XOXO.XXOO","OOXX.OXOX","X","4","1","XOXOXXXOO"
"XOXOO...X","..XOO.XOX","X","6","-1","XOXOO.X.X"
"XOXOO...X","..XOO.XOX","X","5","1","XOXOOX..X"
"XOXOO...X","..XOO.XOX","X","7","-1","XOXOO..XX"
"XOXOO..X.","..XXOO.OX","X","6","-1","XOXOO.XX."
"XOXOO..X.","..XXOO.OX","X","8","-1","XOXOO..XX"
"XOXOO..X.","..XXOO.OX","X","5","0","XOXOOX.X."
"XOXOO..XX",".OXXOOX.X","O","6","-1","XOXOO.OXX"
"XOXOO..XX",".OXXOOX.X","O","5","1","XOXOOO.XX"
"XOXOO.OXX","OOXXOOX.X","X","5","1","XOXOOXOXX"
"XOXOO.X..","..X.OOXOX","X","8","-1","XOXOO.X.X"
"XOXOO.X..","..X.OOXOX","X","5","-1","XOXOOXX.."
"XOXOO.X..","..X.OOXOX","X","7","-1","XOXOO.XX."
"XOXOO.X.X","X.X.OOXOX","O","5","1","XOXOOOX.X"
"XOXOO.X.X","X.X.OOXOX","O","7","1","XOXOO.XOX"
"XOXOO.XX.","..XXOOXOX","O","8","0","XOXOO.XXO"
"XOXOO.XX.","..XXOOXOX","O","5","1","XOXOOOXX."
"XOXOO.XXO","O.XXOOXOX","X","5","0","XOXOOXXXO"
"XOXOOX...","...OOXXOX","X","6","-1","XOXOOXX.."
"XOXOOX...","...OOXXOX","X","8","1","XOXOOX..X"
"XOXOOX...","...OOXXOX","X","7","0","XOXOOX.X."
"XOXOOX.X.",".OXXOO.XX","O","6","-1","XOXOOXOX."
"XOXOOX.X.",".OXXOO.XX","O","8","0","XOXOOX.XO"
"XOXOOX.XO",".OXXOOOXX","X","6","0","XOXOOXXXO"
"XOXOOXOX.",".XOXOOXOX","X","8","1","XOXOOXOXX"
"XOXOOXX..","..XXOOXOX","O","8","0","XOXOOXX.O"
"XOXOOXX..","..XXOOXOX","O","7","1","XOXOOXXO."
"XOXOOXX.O","O.XXOOXOX","X","7","0","XOXOOXXXO"
"XOXOX....","....XOXOX","O","6","-1","XOXOX.O.."
"XOXOX....","....XOXOX","O","8","-1","XOXOX...O"
"XOXOX....","....XOXOX","O","5","-1","XOXOXO..."
"XOXOX....","....XOXOX","O","7","-1","XOXOX..O."
"XOXOX...O","..OOX.XOX","X","6","1","XOXOX.X.O"
"XOXOX...O","..OOX.XOX","X","5","0","XOXOXX..O"
"XOXOX...O","..OOX.XOX","X","7","0","XOXOX..XO"
"XOXOX..O.","..XOXO.OX","X","6","1","XOXOX.XO."
"XOXOX..O.","..XOXO.OX","X","8","1","XOXOX..OX"
"XOXOX..O.","..XOXO.OX","X","5","1","XOXOXX.O."
"XOXOX..XO",".OXXXOO.X","O","6","0","XOXOX.OXO"
"XOXOX..XO",".OXXXOO.X","O","5","-1","XOXOXO.XO"
"XOXOX.O..","..O.XOXOX","X","8","1","XOXOX.O.X"
"XOXOX.O..","..O.XOXOX","X","5","0","XOXOXXO.."
"XOXOX.O..","..O.XOXOX","X","7","0","XOXOX.OX."
"XOXOX.OX.","..XXXOOOX","O","8","0","XOXOX.OXO"
"XOXOX.OX.","..XXXOOOX","O","5","-1","XOXOXOOX."
"XOXOX.OXO","O.XXXOOOX","X","5","0","XOXOXXOXO"
"XOXOXO...","...OXOXOX","X","6","1","XOXOXOX.."
"XOXOXO...","...OXOXOX","X","8","1","XOXOXO..X"
"XOXOXO...","...OXOXOX","X","7","1","XOXOXO.X."
"XOXOXO.X.",".OXXXO.OX","O","6","-1","XOXOXOOX."
"XOXOXO.X.",".OXXXO.OX","O","8","-1","XOXOXO.XO"
"XOXOXO.XO",".OXXXOOOX","X","6","1","XOXOXOXXO"
"XOXOXOOX.",".OXXXOOOX","X","8","1","XOXOXOOXX"
"XOXOXX..O","..OOXXXOX","O","6","0","XOXOXXO.O"
"XOXOXX..O","..OOXXXOX","O","7","-1","XOXOXX.OO"
"XOXOXX.O.",".O.OXXXOX","O","6","-1","XOXOXXOO."
"XOXOXX.O.",".O.OXXXOX","O","8","-1","XOXOXX.OO"
"XOXOXX.OO",".OOOXXXOX","X","6","1","XOXOXXXOO"
"XOXOXXO..","..OXXOXOX","O","8","0","XOXOXXO.O"
"XOXOXXO..","..OXXOXOX","O","7","-1","XOXOXXOO."
"XOXOXXO.O","O.OOXXXOX","X","7","0","XOXOXXOXO"
"XOXOXXOO.",".OOXXOXOX","X","8","1","XOXOXXOOX"
"XOXX....O","..OX..XOX","O","4","-1","XOXXO...O"
"XOXX....O","..OX..XOX","O","6","0","XOXX..O.O"
"XOXX....O","..OX..XOX","O","5","-1","XOXX.O..O"
"XOXX....O","..OX..XOX","O","7","-1","XOXX...OO"
"XOXX...O.","..XO.O.XX","O","4","1","XOXXO..O."
"XOXX...O.","..XO.O.XX","O","6","1","XOXX..OO."
"XOXX...O.","..XO.O.XX","O","8","-1","XOXX...OO"
"XOXX...O.","..XO.O.XX","O","5","-1","XOXX.O.O."
"XOXX...OO",".OOX..XOX","X","4","-1","XOXXX..OO"
"XOXX...OO",".OOX..XOX","X","6","1","XOXX..XOO"
"XOXX...OO",".OOX..XOX","X","5","-1","XOXX.X.OO"
"XOXX..O..","..O..XXOX","O","4","0","XOXXO.O.."
"XOXX..O..","..O..XXOX","O","8","0","XOXX..O.O"
"XOXX..O..","..O..XXOX","O","5","0","XOXX.OO.."
"XOXX..O..","..O..XXOX","O","7","1","XOXX..OO."
"XOXX..O.O","O.O..XXOX","X","4","-1","XOXXX.O.O"
"XOXX..O.O","O.O..XXOX","X","5","-1","XOXX.XO.O"
"XOXX..O.O","O.O..XXOX","X","7","0","XOXX..OXO"
"XOXX..OO.","..XO.OOXX","X","4","-1","XOXXX.OO."
"XOXX..OO.","..XO.OOXX","X","8","-1","XOXX..OOX"
"XOXX..OO.","..XO.OOXX","X","5","-1","XOXX.XOO."
"XOXX..OOX","OOXX..XOX","O","4","1","XOXXO.OOX"
"XOXX..OOX","OOXX..XOX","O","5","-1","XOXX.OOOX"
"XOXX..OXO","O.XX.OOXX","O","4","0","XOXXO.OXO"
"XOXX..OXO","O.XX.OOXX","O","5","0","XOXX.OOXO"
"XOXX.O...","...O.XXOX","O","4","-1","XOXXOO..."
"XOXX.O...","...O.XXOX","O","6","0","XOXX.OO.."
"XOXX.O...","...O.XXOX","O","8","-1","XOXX.O..O"
"XOXX.O...","...O.XXOX","O","7","-1","XOXX.O.O."
"XOXX.O..O","..OX.OXOX","X","4","0","XOXXXO..O"
"XOXX.O..O","..OX.OXOX","X","6","1","XOXX.OX.O"
"XOXX.O..O","..OX.OXOX","X","7","0","XOXX.O.XO"
"XOXX.O.O.",".O.O.XXOX","X","4","1","XOXXXO.O."
"XOXX.O.O.",".O.O.XXOX","X","6","1","XOXX.OXO."
"XOXX.O.O.",".O.O.XXOX","X","8","-1","XOXX.O.OX"
"XOXX.O.OX",".OXX.OXOX","O","4","1","XOXXOO.OX"
"XOXX.O.OX",".OXX.OXOX","O","6","-1","XOXX.OOOX"
"XOXX.O.XO",".XOX.OXOX","O","4","-1","XOXXOO.XO"
"XOXX.O.XO",".XOX.OXOX","O","6","0","XOXX.OOXO"
"XOXX.OO..","..OO.XXOX","X","4","0","XOXXXOO.."
"XOXX.OO..","..OO.XXOX","X","8","0","XOXX.OO.X"
"XOXX.OO..","..OO.XXOX","X","7","0","XOXX.OOX."
"XOXX.OO.X","O.XX.OXOX","O","4","0","XOXXOOO.X"
"XOXX.OO.X","O.XX.OXOX","O","7","-1","XOXX.OOOX"
"XOXX.OOOX","OOXX.OXOX","X","4","1","XOXXXOOOX"
"XOXX.OOX.",".OXX.OOXX","O","4","0","XOXXOOOX."
"XOXX.OOX.",".OXX.OOXX","O","8","0","XOXX.OOXO"
"XOXX.OOXO","OOXX.OOXX","X","4","0","XOXXXOOXO"
"XOXX.X.OO",".OOX.XXOX","O","4","1","XOXXOX.OO"
"XOXX.X.OO",".OOX.XXOX","O","6","1","XOXX.XOOO"
"XOXX.XO.O","O.OX.XXOX","O","4","0","XOXXOXO.O"
"XOXX.XO.O","O.OX.XXOX","O","7","1","XOXX.XOOO"
"XOXX.XOO.",".OOX.XXOX","O","4","1","XOXXOXOO."
"XOXX.XOO.",".OOX.XXOX","O","8","1","XOXX.XOOO"
"XOXXO....","....OXXOX","O","6","0","XOXXO.O.."
"XOXXO....","....OXXOX","O","8","-1","XOXXO...O"
"XOXXO....","....OXXOX","O","5","-1","XOXXOO..."
"XOXXO....","....OXXOX","O","7","1","XOXXO..O."
"XOXXO...O","..OXO.XOX","X","6","1","XOXXO.X.O"
"XOXXO...O","..OXO.XOX","X","5","-1","XOXXOX..O"
"XOXXO...O","..OXO.XOX","X","7","0","XOXXO..XO"
"XOXXO..XO",".XOXO.XOX","O","6","0","XOXXO.OXO"
"XOXXO..XO",".XOXO.XOX","O","5","-1","XOXXOO.XO"
"XOXXO.O..","..O.OXXOX","X","8","-1","XOXXO.O.X"
"XOXXO.O..","..O.OXXOX","X","5","-1","XOXXOXO.."
"XOXXO.O..","..O.OXXOX","X","7","0","XOXXO.OX."
"XOXXO.O.X","O.XXO.XOX","O","5","0","XOXXOOO.X"
"XOXXO.O.X","O.XXO.XOX","O","7","1","XOXXO.OOX"
"XOXXO.OX.","..XXOOOXX","O","8","0","XOXXO.OXO"
"XOXXO.OX.","..XXOOOXX","O","5","0","XOXXOOOX."
"XOXXO.OXO","O.XXOOOXX","X","5","0","XOXXOXOXO"
"XOXXOO...","...OOXXOX","X","6","1","XOXXOOX.."
"XOXXOO...","...OOXXOX","X","8","-1","XOXXOO..X"
"XOXXOO...","...OOXXOX","X","7","0","XOXXOO.X."
"XOXXOO..X","..XXOOXOX","O","6","0","XOXXOOO.X"
"XOXXOO..X","..XXOOXOX","O","7","1","XOXXOO.OX"
"XOXXOO.X.",".OXXOO.XX","O","6","0","XOXXOOOX."
"XOXXOO.X.",".OXXOO.XX","O","8","-1","XOXXOO.XO"
"XOXXOO.XO",".XOXOOXOX","X","6","1","XOXXOOXXO"
"XOXXOOO.X","O.XXOOXOX","X","7","0","XOXXOOOXX"
"XOXXOOOX.",".OXXOOOXX","X","8","0","XOXXOOOXX"
"XOXXOX..O","..OXOXXOX","O","6","0","XOXXOXO.O"
"XOXXOX..O","..OXOXXOX","O","7","1","XOXXOX.OO"
"XOXXOXO..","..OXOXXOX","O","8","0","XOXXOXO.O"
"XOXXOXO..","..OXOXXOX","O","7","1","XOXXOXOO."
"XOXXOXO.O","O.OXOXXOX","X","7","0","XOXXOXOXO"
"XOXXX..OO",".OOXX.XOX","O","6","1","XOXXX.OOO"
"XOXXX..OO",".OOXX.XOX","O","5","-1","XOXXXO.OO"
"XOXXX.O.O","O.O.XXXOX","O","5","0","XOXXXOO.O"
"XOXXX.O.O","O.O.XXXOX","O","7","1","XOXXX.OOO"
"XOXXX.OO.","..XOXOOXX","O","8","1","XOXXX.OOO"
"XOXXX.OO.","..XOXOOXX","O","5","-1","XOXXXOOO."
"XOXXXO..O","..OXXOXOX","O","6","0","XOXXXOO.O"
"XOXXXO..O","..OXXOXOX","O","7","-1","XOXXXO.OO"
"XOXXXO.O.",".O.OXXXOX","O","6","-1","XOXXXOOO."
"XOXXXO.O.",".O.OXXXOX","O","8","-1","XOXXXO.OO"
"XOXXXO.OO",".OOXXOXOX","X","6","1","XOXXXOXOO"
"XOXXXOO..","..OOXXXOX","O","8","0","XOXXXOO.O"
"XOXXXOO..","..OOXXXOX","O","7","-1","XOXXXOOO."
"XOXXXOO.O","O.OOXXXOX","X","7","0","XOXXXOOXO"
"XOXXXOOO.",".OOOXXXOX","X","8","1","XOXXXOOOX"
"XX......O","..O...XX.","O","4","-1","XX..O...O"
"XX......O","..O...XX.","O","2","1","XXO.....O"
"XX......O","..O...XX.","O","6","-1","XX....O.O"
"XX......O","..O...XX.","O","3","-1","XX.O....O"
"XX......O","..O...XX.","O","5","-1","XX...O..O"
"XX......O","..O...XX.","O","7","-1","XX.....OO"
"XX.....O.","...O.X..X","O","4","-1","XX..O..O."
"XX.....O.","...O.X..X","O","2","0","XXO....O."
"XX.....O.","...O.X..X","O","6","-1","XX....OO."
"XX.....O.","...O.X..X","O","8","-1","XX.....OO"
"XX.....O.","...O.X..X","O","3","-1","XX.O...O."
"XX.....O.","...O.X..X","O","5","-1","XX...O.O."
"XX.....OO","..OX.OX..","X","4","-1","XX..X..OO"
"XX.....OO","..OX.OX..","X","2","1","XXX....OO"
"XX.....OO","..OX.OX..","X","6","1","XX....XOO"
"XX.....OO","..OX.OX..","X","3","-1","XX.X...OO"
"XX.....OO","..OX.OX..","X","5","-1","XX...X.OO"
"XX....O..",".....XO.X","O","4","-1","XX..O.O.."
"XX....O..",".....XO.X","O","2","-1","XXO...O.."
"XX....O..",".....XO.X","O","8","-1","XX....O.O"
"XX....O..",".....XO.X","O","3","-1","XX.O..O.."
"XX....O..",".....XO.X","O","5","-1","XX...OO.."
"XX....O..",".....XO.X","O","7","-1","XX....OO."
"XX....O.O","..OX..X.O","X","4","-1","XX..X.O.O"
"XX....O.O","..OX..X.O","X","2","1","XXX...O.O"
"XX....O.O","..OX..X.O","X","3","-1","XX.X..O.O"
"XX....O.O","..OX..X.O","X","5","-1","XX...XO.O"
"XX....O.O","..OX..X.O","X","7","1","XX....OXO"
"XX....OO.","...O.XO.X","X","4","-1","XX..X.OO."
"XX....OO.","...O.XO.X","X","2","1","XXX...OO."
"XX....OO.","...O.XO.X","X","8","1","XX....OOX"
"XX....OO.","...O.XO.X","X","3","-1","XX.X..OO."
"XX....OO.","...O.XO.X","X","5","-1","XX...XOO."
"XX....OOX","..XX.OX.O","O","4","-1","XX..O.OOX"
"XX....OOX","..XX.OX.O","O","2","-1","XXO...OOX"
"XX....OOX","..XX.OX.O","O","3","-1","XX.O..OOX"
"XX....OOX","..XX.OX.O","O","5","-1","XX...OOOX"
"XX....OXO","..OX.XX.O","O","4","-1","XX..O.OXO"
"XX....OXO","..OX.XX.O","O","2","-1","XXO...OXO"
"XX....OXO","..OX.XX.O","O","3","-1","XX.O..OXO"
"XX....OXO","..OX.XX.O","O","5","-1","XX...OOXO"
"XX....XOO","..OX.OX.X","O","4","-1","XX..O.XOO"
"XX....XOO","..OX.OX.X","O","2","-1","XXO...XOO"
"XX....XOO","..OX.OX.X","O","3","-1","XX.O..XOO"
"XX....XOO","..OX.OX.X","O","5","-1","XX...OXOO"
"XX...O...",".....OXX.","O","4","-1","XX..OO..."
"XX...O...",".....OXX.","O","2","1","XXO..O..."
"XX...O...",".....OXX.","O","6","-1","XX...OO.."
"XX...O...",".....OXX.","O","8","-1","XX...O..O"
"XX...O...",".....OXX.","O","3","-1","XX.O.O..."
"XX...O...",".....OXX.","O","7","-1","XX...O.O."
"XX...O..O","..O..OXX.","X","4","-1","XX..XO..O"
"XX...O..O","..O..OXX.","X","2","1","XXX..O..O"
"XX...O..O","..O..OXX.","X","6","-1","XX...OX.O"
"XX...O..O","..O..OXX.","X","3","-1","XX.X.O..O"
"XX...O..O","..O..OXX.","X","7","-1","XX...O.XO"
"XX...O.O.","..XO.X.O.","X","4","1","XX..XO.O."
"XX...O.O.","..XO.X.O.","X","2","1","XXX..O.O."
"XX...O.O.","..XO.X.O.","X","6","1","XX...OXO."
"XX...O.O.","..XO.X.O.","X","8","1","XX...O.OX"
"XX...O.O.","..XO.X.O.","X","3","1","XX.X.O.O."
"XX...O.OX","..XO.XXO.","O","4","-1","XX..OO.OX"
"XX...O.OX","..XO.XXO.","O","2","-1","XXO..O.OX"
"XX...O.OX","..XO.XXO.","O","6","-1","XX...OOOX"
"XX...O.OX","..XO.XXO.","O","3","-1","XX.O.O.OX"
"XX...O.XO","..XX.XOO.","O","4","-1","XX..OO.XO"
"XX...O.XO","..XX.XOO.","O","2","1","XXO..O.XO"
"XX...O.XO","..XX.XOO.","O","6","-1","XX...OOXO"
"XX...O.XO","..XX.XOO.","O","3","-1","XX.O.O.XO"
"XX...OO..","..OO...XX","X","4","1","XX..XOO.."
"XX...OO..","..OO...XX","X","2","1","XXX..OO.."
"XX...OO..","..OO...XX","X","8","1","XX...OO.X"
"XX...OO..","..OO...XX","X","3","-1","XX.X.OO.."
"XX...OO..","..OO...XX","X","7","1","XX...OOX."
"XX...OO.X",".OXX..X.O","O","4","-1","XX..OOO.X"
"XX...OO.X",".OXX..X.O","O","2","-1","XXO..OO.X"
"XX...OO.X",".OXX..X.O","O","3","-1","XX.O.OO.X"
"XX...OO.X",".OXX..X.O","O","7","-1","XX...OOOX"
"XX...OOOX",".OXX.OX.O","X","4","1","XX..XOOOX"
"XX...OOOX",".OXX.OX.O","X","2","1","XXX..OOOX"
"XX...OOOX",".OXX.OX.O","X","3","1","XX.X.OOOX"
"XX...OOX.",".O.X.XO.X","O","4","-1","XX..OOOX."
"XX...OOX.",".O.X.XO.X","O","2","-1","XXO..OOX."
"XX...OOX.",".O.X.XO.X","O","8","-1","XX...OOXO"
"XX...OOX.",".O.X.XO.X","O","3","-1","XX.O.OOX."
"XX...OOXO",".OOX.XX.O","X","4","1","XX..XOOXO"
"XX...OOXO",".OOX.XX.O","X","2","1","XXX..OOXO"
"XX...OOXO",".OOX.XX.O","X","3","-1","XX.X.OOXO"
"XX...OX.O",".OOX..X.X","O","4","-1","XX..OOX.O"
"XX...OX.O",".OOX..X.X","O","2","1","XXO..OX.O"
"XX...OX.O",".OOX..X.X","O","3","-1","XX.O.OX.O"
"XX...OX.O",".OOX..X.X","O","7","-1","XX...OXOO"
"XX...OXO.",".O.O.XX.X","O","4","-1","XX..OOXO."
"XX...OXO.",".O.O.XX.X","O","2","-1","XXO..OXO."
"XX...OXO.",".O.O.XX.X","O","8","-1","XX...OXOO"
"XX...OXO.",".O.O.XX.X","O","3","-1","XX.O.OXO."
"XX...OXOO",".OOX.OX.X","X","4","-1","XX..XOXOO"
"XX...OXOO",".OOX.OX.X","X","2","1","XXX..OXOO"
"XX...OXOO",".OOX.OX.X","X","3","1","XX.X.OXOO"
"XX...X.OO","..XO.XOX.","O","4","-1","XX..OX.OO"
"XX...X.OO","..XO.XOX.","O","2","0","XXO..X.OO"
"XX...X.OO","..XO.XOX.","O","6","1","XX...XOOO"
"XX...X.OO","..XO.XOX.","O","3","-1","XX.O.X.OO"
"XX...XO.O",".XOX..X.O","O","4","-1","XX..OXO.O"
"XX...XO.O",".XOX..X.O","O","2","1","XXO..XO.O"
"XX...XO.O",".XOX..X.O","O","3","-1","XX.O.XO.O"
"XX...XO.O",".XOX..X.O","O","7","1","XX...XOOO"
"XX...XOO.",".OOX...XX","O","4","-1","XX..OXOO."
"XX...XOO.",".OOX...XX","O","2","1","XXO..XOO."
"XX...XOO.",".OOX...XX","O","8","1","XX...XOOO"
"XX...XOO.",".OOX...XX","O","3","-1","XX.O.XOO."
"XX..O....","....O..XX","O","2","0","XXO.O...."
"XX..O....","....O..XX","O","6","-1","XX..O.O.."
"XX..O....","....O..XX","O","8","-1","XX..O...O"
"XX..O....","....O..XX","O","3","-1","XX.OO...."
"XX..O....","....O..XX","O","5","-1","XX..OO..."
"XX..O....","....O..XX","O","7","-1","XX..O..O."
"XX..O...O","..O.O.XX.","X","2","1","XXX.O...O"
"XX..O...O","..O.O.XX.","X","6","1","XX..O.X.O"
"XX..O...O","..O.O.XX.","X","3","1","XX.XO...O"
"XX..O...O","..O.O.XX.","X","5","0","XX..OX..O"
"XX..O...O","..O.O.XX.","X","7","-1","XX..O..XO"
"XX..O..O.","...OOX..X","X","2","1","XXX.O..O."
"XX..O..O.","...OOX..X","X","6","1","XX..O.XO."
"XX..O..O.","...OOX..X","X","8","0","XX..O..OX"
"XX..O..O.","...OOX..X","X","3","1","XX.XO..O."
"XX..O..O.","...OOX..X","X","5","0","XX..OX.O."
"XX..O..OX","..XOOXX..","O","2","0","XXO.O..OX"
"XX..O..OX","..XOOXX..","O","6","-1","XX..O.OOX"
"XX..O..OX","..XOOXX..","O","3","-1","XX.OO..OX"
"XX..O..OX","..XOOXX..","O","5","-1","XX..OO.OX"
"XX..O..XO","..OXOXX..","O","2","1","XXO.O..XO"
"XX..O..XO","..OXOXX..","O","6","-1","XX..O.OXO"
"XX..O..XO","..OXOXX..","O","3","-1","XX.OO..XO"
"XX..O..XO","..OXOXX..","O","5","-1","XX..OO.XO"
"XX..O.O..","....OXO.X","X","2","1","XXX.O.O.."
"XX..O.O..","....OXO.X","X","8","-1","XX..O.O.X"
"XX..O.O..","....OXO.X","X","3","-1","XX.XO.O.."
"XX..O.O..","....OXO.X","X","5","-1","XX..OXO.."
"XX..O.O..","....OXO.X","X","7","-1","XX..O.OX."
"XX..O.O.X","..XXO.X.O","O","2","1","XXO.O.O.X"
"XX..O.O.X","..XXO.X.O","O","3","-1","XX.OO.O.X"
"XX..O.O.X","..XXO.X.O","O","5","-1","XX..OOO.X"
"XX..O.O.X","..XXO.X.O","O","7","-1","XX..O.OOX"
"XX..O.OOX","..XXOOX.O","X","2","1","XXX.O.OOX"
"XX..O.OOX","..XXOOX.O","X","3","-1","XX.XO.OOX"
"XX..O.OOX","..XXOOX.O","X","5","-1","XX..OXOOX"
"XX..O.OX.","...XOXO.X","O","2","1","XXO.O.OX."
"XX..O.OX.","...XOXO.X","O","8","-1","XX..O.OXO"
"XX..O.OX.","...XOXO.X","O","3","-1","XX.OO.OX."
"XX..O.OX.","...XOXO.X","O","5","-1","XX..OOOX."
"XX..O.OXO","..OXOXX.O","X","2","1","XXX.O.OXO"
"XX..O.OXO","..OXOXX.O","X","3","-1","XX.XO.OXO"
"XX..O.OXO","..OXOXX.O","X","5","-1","XX..OXOXO"
"XX..O.X.O","..OXO.X.X","O","2","-1","XXO.O.X.O"
"XX..O.X.O","..OXO.X.X","O","3","-1","XX.OO.X.O"
"XX..O.X.O","..OXO.X.X","O","5","-1","XX..OOX.O"
"XX..O.X.O","..OXO.X.X","O","7","-1","XX..O.XOO"
"XX..O.XO.","...OOXX.X","O","2","-1","XXO.O.XO."
"XX..O.XO.","...OOXX.X","O","8","-1","XX..O.XOO"
"XX..O.XO.","...OOXX.X","O","3","-1","XX.OO.XO."
"XX..O.XO.","...OOXX.X","O","5","-1","XX..OOXO."
"XX..O.XOO","..OXOOX.X","X","2","1","XXX.O.XOO"
"XX..O.XOO","..OXOOX.X","X","3","1","XX.XO.XOO"
"XX..O.XOO","..OXOOX.X","X","5","1","XX..OXXOO"
"XX..OO...","....OOXX.","X","2","1","XXX.OO..."
"XX..OO...","....OOXX.","X","6","-1","XX..OOX.."
"XX..OO...","....OOXX.","X","8","-1","XX..OO..X"
"XX..OO...","....OOXX.","X","3","1","XX.XOO..."
"XX..OO...","....OOXX.","X","7","-1","XX..OO.X."
"XX..OO..X","..X.OOXX.","O","2","1","XXO.OO..X"
"XX..OO..X","..X.OOXX.","O","6","-1","XX..OOO.X"
"XX..OO..X","..X.OOXX.","O","3","1","XX.OOO..X"
"XX..OO..X","..X.OOXX.","O","7","-1","XX..OO.OX"
"XX..OO.OX","..XOOXXO.","X","2","1","XXX.OO.OX"
"XX..OO.OX","..XOOXXO.","X","6","-1","XX..OOXOX"
"XX..OO.OX","..XOOXXO.","X","3","1","XX.XOO.OX"
"XX..OO.X.","..XXOX.O.","O","2","1","XXO.OO.X."
"XX..OO.X.","..XXOX.O.","O","6","-1","XX..OOOX."
"XX..OO.X.","..XXOX.O.","O","8","-1","XX..OO.XO"
"XX..OO.X.","..XXOX.O.","O","3","1","XX.OOO.X."
"XX..OO.XO","..XXOXOO.","X","2","1","XXX.OO.XO"
"XX..OO.XO","..XXOXOO.","X","6","-1","XX..OOXXO"
"XX..OO.XO","..XXOXOO.","X","3","-1","XX.XOO.XO"
"XX..OOO.X",".OXXO.X.O","X","2","1","XXX.OOO.X"
"XX..OOO.X",".OXXO.X.O","X","3","-1","XX.XOOO.X"
"XX..OOO.X",".OXXO.X.O","X","7","-1","XX..OOOXX"
"XX..OOOX.",".O.XOXO.X","X","2","1","XXX.OOOX."
"XX..OOOX.",".O.XOXO.X","X","8","-1","XX..OOOXX"
"XX..OOOX.",".O.XOXO.X","X","3","-1","XX.XOOOX."
"XX..OOOXX",".OXXOXX.O","O","2","1","XXO.OOOXX"
"XX..OOOXX",".OXXOXX.O","O","3","1","XX.OOOOXX"
"XX..OOX..","..XOO..XX","O","2","-1","XXO.OOX.."
"XX..OOX..","..XOO..XX","O","8","-1","XX..OOX.O"
"XX..OOX..","..XOO..XX","O","3","1","XX.OOOX.."
"XX..OOX..","..XOO..XX","O","7","-1","XX..OOXO."
"XX..OOX.O",".OOXO.X.X","X","2","1","XXX.OOX.O"
"XX..OOX.O",".OOXO.X.X","X","3","1","XX.XOOX.O"
"XX..OOX.O",".OOXO.X.X","X","7","-1","XX..OOXXO"
"XX..OOXO.",".O.OOXX.X","X","2","1","XXX.OOXO."
"XX..OOXO.",".O.OOXX.X","X","8","-1","XX..OOXOX"
"XX..OOXO.",".O.OOXX.X","X","3","1","XX.XOOXO."
"XX..OOXOX",".OXXOOX.X","O","2","-1","XXO.OOXOX"
"XX..OOXOX",".OXXOOX.X","O","3","1","XX.OOOXOX"
"XX..OOXXO",".OOXOXX.X","O","2","1","XXO.OOXXO"
"XX..OOXXO",".OOXOXX.X","O","3","1","XX.OOOXXO"
"XX..OX..O","..O.OXXX.","O","2","0","XXO.OX..O"
"XX..OX..O","..O.OXXX.","O","6","-1","XX..OXO.O"
"XX..OX..O","..O.OXXX.","O","3","-1","XX.OOX..O"
"XX..OX..O","..O.OXXX.","O","7","-1","XX..OX.OO"
"XX..OX.O.","..XOOX.X.","O","2","0","XXO.OX.O."
"XX..OX.O.","..XOOX.X.","O","6","-1","XX..OXOO."
"XX..OX.O.","..XOOX.X.","O","8","-1","XX..OX.OO"
"XX..OX.O.","..XOOX.X.","O","3","-1","XX.OOX.O."
"XX..OX.OO","..XOOXOX.","X","2","1","XXX.OX.OO"
"XX..OX.OO","..XOOXOX.","X","6","1","XX..OXXOO"
"XX..OX.OO","..XOOXOX.","X","3","-1","XX.XOX.OO"
"XX..OXO..","..OXO..XX","O","2","1","XXO.OXO.."
"XX..OXO..","..OXO..XX","O","8","-1","XX..OXO.O"
"XX..OXO..","..OXO..XX","O","3","-1","XX.OOXO.."
"XX..OXO..","..OXO..XX","O","7","-1","XX..OXOO."
"XX..OXO.O",".XOXO.X.O","X","2","1","XXX.OXO.O"
"XX..OXO.O",".XOXO.X.O","X","3","-1","XX.XOXO.O"
"XX..OXO.O",".XOXO.X.O","X","7","-1","XX..OXOXO"
"XX..OXOO.",".OOXO..XX","X","2","1","XXX.OXOO."
"XX..OXOO.",".OOXO..XX","X","8","-1","XX..OXOOX"
"XX..OXOO.",".OOXO..XX","X","3","-1","XX.XOXOO."
"XX..OXOOX",".XXXO.XOO","O","2","1","XXO.OXOOX"
"XX..OXOOX",".XXXO.XOO","O","3","-1","XX.OOXOOX"
"XX..OXOXO",".XOXOXX.O","O","2","1","XXO.OXOXO"
"XX..OXOXO",".XOXOXX.O","O","3","-1","XX.OOXOXO"
"XX..OXXOO",".XOXOOX.X","O","2","-1","XXO.OXXOO"
"XX..OXXOO",".XOXOOX.X","O","3","-1","XX.OOXXOO"
"XX..X..OO","..OXXOX..","O","2","1","XXO.X..OO"
"XX..X..OO","..OXXOX..","O","6","1","XX..X.OOO"
"XX..X..OO","..OXXOX..","O","3","-1","XX.OX..OO"
"XX..X..OO","..OXXOX..","O","5","-1","XX..XO.OO"
"XX..X.O.O","..OXX.X.O","O","2","-1","XXO.X.O.O"
"XX..X.O.O","..OXX.X.O","O","3","-1","XX.OX.O.O"
"XX..X.O.O","..OXX.X.O","O","5","-1","XX..XOO.O"
"XX..X.O.O","..OXX.X.O","O","7","1","XX..X.OOO"
"XX..X.OO.","...OXXO.X","O","2","-1","XXO.X.OO."
"XX..X.OO.","...OXXO.X","O","8","1","XX..X.OOO"
"XX..X.OO.","...OXXO.X","O","3","-1","XX.OX.OO."
"XX..X.OO.","...OXXO.X","O","5","-1","XX..XOOO."
"XX..XO..O","..O.XOXX.","O","2","1","XXO.XO..O"
"XX..XO..O","..O.XOXX.","O","6","-1","XX..XOO.O"
"XX..XO..O","..O.XOXX.","O","3","-1","XX.OXO..O"
"XX..XO..O","..O.XOXX.","O","7","-1","XX..XO.OO"
"XX..XO.O.","..XOXX.O.","O","2","-1","XXO.XO.O."
"XX..XO.O.","..XOXX.O.","O","6","-1","XX..XOOO."
"XX..XO.O.","..XOXX.O.","O","8","-1","XX..XO.OO"
"XX..XO.O.","..XOXX.O.","O","3","-1","XX.OXO.O."
"XX..XO.OO","..XOXXOO.","X","2","1","XXX.XO.OO"
"XX..XO.OO","..XOXXOO.","X","6","-1","XX..XOXOO"
"XX..XO.OO","..XOXXOO.","X","3","-1","XX.XXO.OO"
"XX..XOO..","..OOX..XX","O","2","-1","XXO.XOO.."
"XX..XOO..","..OOX..XX","O","8","-1","XX..XOO.O"
"XX..XOO..","..OOX..XX","O","3","-1","XX.OXOO.."
"XX..XOO..","..OOX..XX","O","7","-1","XX..XOOO."
"XX..XOO.O",".OOXX.X.O","X","2","1","XXX.XOO.O"
"XX..XOO.O",".OOXX.X.O","X","3","-1","XX.XXOO.O"
"XX..XOO.O",".OOXX.X.O","X","7","1","XX..XOOXO"
"XX..XOOO.",".O.OXXO.X","X","2","1","XXX.XOOO."
"XX..XOOO.",".O.OXXO.X","X","8","1","XX..XOOOX"
"XX..XOOO.",".O.OXXO.X","X","3","-1","XX.XXOOO."
"XX..XOXOO",".OOXXOX.X","O","2","1","XXO.XOXOO"
"XX..XOXOO",".OOXXOX.X","O","3","-1","XX.OXOXOO"
"XX.O.....",".....O.XX","O","4","-1","XX.OO...."
"XX.O.....",".....O.XX","O","2","-1","XXOO....."
"XX.O.....",".....O.XX","O","6","-1","XX.O..O.."
"XX.O.....",".....O.XX","O","8","-1","XX.O....O"
"XX.O.....",".....O.XX","O","5","-1","XX.O.O..."
"XX.O.....",".....O.XX","O","7","-1","XX.O...O."
"XX.O....O","..OO..XX.","X","4","1","XX.OX...O"
"XX.O....O","..OO..XX.","X","2","1","XXXO....O"
"XX.O....O","..OO..XX.","X","6","0","XX.O..X.O"
"XX.O....O","..OO..XX.","X","5","0","XX.O.X..O"
"XX.O....O","..OO..XX.","X","7","1","XX.O...XO"
"XX.O...O.","...O.X.OX","X","4","1","XX.OX..O."
"XX.O...O.","...O.X.OX","X","2","1","XXXO...O."
"XX.O...O.","...O.X.OX","X","6","0","XX.O..XO."
"XX.O...O.","...O.X.OX","X","8","1","XX.O...OX"
"XX.O...O.","...O.X.OX","X","5","0","XX.O.X.O."
"XX.O...OX","..XX.OXO.","O","4","-1","XX.OO..OX"
"XX.O...OX","..XX.OXO.","O","2","-1","XXOO...OX"
"XX.O...OX","..XX.OXO.","O","6","-1","XX.O..OOX"
"XX.O...OX","..XX.OXO.","O","5","-1","XX.O.O.OX"
"XX.O...XO","..OX.XXO.","O","4","-1","XX.OO..XO"
"XX.O...XO","..OX.XXO.","O","2","-1","XXOO...XO"
"XX.O...XO","..OX.XXO.","O","6","-1","XX.O..OXO"
"XX.O...XO","..OX.XXO.","O","5","-1","XX.O.O.XO"
"XX.O..O..",".....XOOX","X","4","1","XX.OX.O.."
"XX.O..O..",".....XOOX","X","2","1","XXXO..O.."
"XX.O..O..",".....XOOX","X","8","1","XX.O..O.X"
"XX.O..O..",".....XOOX","X","5","1","XX.O.XO.."
"XX.O..O..",".....XOOX","X","7","1","XX.O..OX."
"XX.O..O.X","..XX..XOO","O","4","-1","XX.OO.O.X"
"XX.O..O.X","..XX..XOO","O","2","-1","XXOO..O.X"
"XX.O..O.X","..XX..XOO","O","5","-1","XX.O.OO.X"
"XX.O..O.X","..XX..XOO","O","7","-1","XX.O..OOX"
"XX.O..OOX","..XX.OXOO","X","4","1","XX.OX.OOX"
"XX.O..OOX","..XX.OXOO","X","2","1","XXXO..OOX"
"XX.O..OOX","..XX.OXOO","X","5","1","XX.O.XOOX"
"XX.O..OX.","...X.XOOX","O","4","-1","XX.OO.OX."
"XX.O..OX.","...X.XOOX","O","2","-1","XXOO..OX."
"XX.O..OX.","...X.XOOX","O","8","-1","XX.O..OXO"
"XX.O..OX.","...X.XOOX","O","5","-1","XX.O.OOX."
"XX.O..OXO","..OX.XXOO","X","4","1","XX.OX.OXO"
"XX.O..OXO","..OX.XXOO","X","2","1","XXXO..OXO"
"XX.O..OXO","..OX.XXOO","X","5","1","XX.O.XOXO"
"XX.O..X.O","..OX..XOX","O","4","-1","XX.OO.X.O"
"XX.O..X.O","..OX..XOX","O","2","0","XXOO..X.O"
"XX.O..X.O","..OX..XOX","O","5","-1","XX.O.OX.O"
"XX.O..X.O","..OX..XOX","O","7","-1","XX.O..XOO"
"XX.O..XO.","...O.XXOX","O","4","-1","XX.OO.XO."
"XX.O..XO.","...O.XXOX","O","2","0","XXOO..XO."
"XX.O..XO.","...O.XXOX","O","8","-1","XX.O..XOO"
"XX.O..XO.","...O.XXOX","O","5","-1","XX.O.OXO."
"XX.O..XOO","..OX.OXOX","X","4","0","XX.OX.XOO"
"XX.O..XOO","..OX.OXOX","X","2","1","XXXO..XOO"
"XX.O..XOO","..OX.OXOX","X","5","0","XX.O.XXOO"
"XX.O.O...","...O.O.XX","X","4","1","XX.OXO..."
"XX.O.O...","...O.O.XX","X","2","1","XXXO.O..."
"XX.O.O...","...O.O.XX","X","6","-1","XX.O.OX.."
"XX.O.O...","...O.O.XX","X","8","-1","XX.O.O..X"
"XX.O.O...","...O.O.XX","X","7","-1","XX.O.O.X."
"XX.O.O..X","..XO.OXX.","O","4","1","XX.OOO..X"
"XX.O.O..X","..XO.OXX.","O","2","-1","XXOO.O..X"
"XX.O.O..X","..XO.OXX.","O","6","-1","XX.O.OO.X"
"XX.O.O..X","..XO.OXX.","O","7","-1","XX.O.O.OX"
"XX.O.O.OX",".OXO.OXX.","X","4","1","XX.OXO.OX"
"XX.O.O.OX",".OXO.OXX.","X","2","1","XXXO.O.OX"
"XX.O.O.OX",".OXO.OXX.","X","6","-1","XX.O.OXOX"
"XX.O.O.X.",".O.X.X.OX","O","4","1","XX.OOO.X."
"XX.O.O.X.",".O.X.X.OX","O","2","-1","XXOO.O.X."
"XX.O.O.X.",".O.X.X.OX","O","6","-1","XX.O.OOX."
"XX.O.O.X.",".O.X.X.OX","O","8","-1","XX.O.O.XO"
"XX.O.O.XO",".OOX.XXO.","X","4","1","XX.OXO.XO"
"XX.O.O.XO",".OOX.XXO.","X","2","1","XXXO.O.XO"
"XX.O.O.XO",".OOX.XXO.","X","6","-1","XX.O.OXXO"
"XX.O.OO.X",".OXX..XOO","X","4","1","XX.OXOO.X"
"XX.O.OO.X",".OXX..XOO","X","2","1","XXXO.OO.X"
"XX.O.OO.X",".OXX..XOO","X","7","-1","XX.O.OOXX"
"XX.O.OOX.",".O.X.XOOX","X","4","1","XX.OXOOX."
"XX.O.OOX.",".O.X.XOOX","X","2","1","XXXO.OOX."
"XX.O.OOX.",".O.X.XOOX","X","8","-1","XX.O.OOXX"
"XX.O.OOXX",".OXX.XXOO","O","4","1","XX.OOOOXX"
"XX.O.OOXX",".OXX.XXOO","O","2","-1","XXOO.OOXX"
"XX.O.OX..","..XO.O.XX","O","4","1","XX.OOOX.."
"XX.O.OX..","..XO.O.XX","O","2","1","XXOO.OX.."
"XX.O.OX..","..XO.O.XX","O","8","-1","XX.O.OX.O"
"XX.O.OX..","..XO.O.XX","O","7","-1","XX.O.OXO."
"XX.O.OX.O",".OOX..XOX","X","4","-1","XX.OXOX.O"
"XX.O.OX.O",".OOX..XOX","X","2","1","XXXO.OX.O"
"XX.O.OX.O",".OOX..XOX","X","7","-1","XX.O.OXXO"
"XX.O.OXO.",".O.O.XXOX","X","4","1","XX.OXOXO."
"XX.O.OXO.",".O.O.XXOX","X","2","1","XXXO.OXO."
"XX.O.OXO.",".O.O.XXOX","X","8","-1","XX.O.OXOX"
"XX.O.OXOX",".OXX.OXOX","O","4","1","XX.OOOXOX"
"XX.O.OXOX",".OXX.OXOX","O","2","-1","XXOO.OXOX"
"XX.O.OXXO",".OOX.XXOX","O","4","1","XX.OOOXXO"
"XX.O.OXXO",".OOX.XXOX","O","2","1","XXOO.OXXO"
"XX.O.X..O","..OO.XXX.","O","4","-1","XX.OOX..O"
"XX.O.X..O","..OO.XXX.","O","2","0","XXOO.X..O"
"XX.O.X..O","..OO.XXX.","O","6","-1","XX.O.XO.O"
"XX.O.X..O","..OO.XXX.","O","7","-1","XX.O.X.OO"
"XX.O.X.O.",".O.O.XXX.","O","4","-1","XX.OOX.O."
"XX.O.X.O.",".O.O.XXX.","O","2","0","XXOO.X.O."
"XX.O.X.O.",".O.O.XXX.","O","6","-1","XX.O.XOO."
"XX.O.X.O.",".O.O.XXX.","O","8","-1","XX.O.X.OO"
"XX.O.X.OO",".OOO.XXX.","X","4","-1","XX.OXX.OO"
"XX.O.X.OO",".OOO.XXX.","X","2","1","XXXO.X.OO"
"XX.O.X.OO",".OOO.XXX.","X","6","0","XX.O.XXOO"
"XX.O.XO..","..OX.O.XX","O","4","-1","XX.OOXO.."
"XX.O.XO..","..OX.O.XX","O","2","-1","XXOO.XO.."
"XX.O.XO..","..OX.O.XX","O","8","-1","XX.O.XO.O"
"XX.O.XO..","..OX.O.XX","O","7","-1","XX.O.XOO."
"XX.O.XO.O",".XOX..XOO","X","4","-1","XX.OXXO.O"
"XX.O.XO.O",".XOX..XOO","X","2","1","XXXO.XO.O"
"XX.O.XO.O",".XOX..XOO","X","7","1","XX.O.XOXO"
"XX.O.XOO.",".OOX.O.XX","X","4","-1","XX.OXXOO."
"XX.O.XOO.",".OOX.O.XX","X","2","1","XXXO.XOO."
"XX.O.XOO.",".OOX.O.XX","X","8","1","XX.O.XOOX"
"XX.O.XOOX",".XXX.OXOO","O","4","-1","XX.OOXOOX"
"XX.O.XOOX",".XXX.OXOO","O","2","-1","XXOO.XOOX"
"XX.O.XOXO",".XOX.XXOO","O","4","-1","XX.OOXOXO"
"XX.O.XOXO",".XOX.XXOO","O","2","-1","XXOO.XOXO"
"XX.O.XXOO",".XOX.OXOX","O","4","-1","XX.OOXXOO"
"XX.O.XXOO",".XOX.OXOX","O","2","0","XXOO.XXOO"
"XX.OO....","....OO.XX","X","2","1","XXXOO...."
"XX.OO....","....OO.XX","X","6","-1","XX.OO.X.."
"XX.OO....","....OO.XX","X","8","-1","XX.OO...X"
"XX.OO....","....OO.XX","X","5","0","XX.OOX..."
"XX.OO....","....OO.XX","X","7","-1","XX.OO..X."
"XX.OO...X","..XOO.XX.","O","2","1","XXOOO...X"
"XX.OO...X","..XOO.XX.","O","6","-1","XX.OO.O.X"
"XX.OO...X","..XOO.XX.","O","5","1","XX.OOO..X"
"XX.OO...X","..XOO.XX.","O","7","-1","XX.OO..OX"
"XX.OO..OX","..XXOOXO.","X","2","1","XXXOO..OX"
"XX.OO..OX","..XXOOXO.","X","6","-1","XX.OO.XOX"
"XX.OO..OX","..XXOOXO.","X","5","0","XX.OOX.OX"
"XX.OO..X.","...XOX.OX","O","2","1","XXOOO..X."
"XX.OO..X.","...XOX.OX","O","6","-1","XX.OO.OX."
"XX.OO..X.","...XOX.OX","O","8","-1","XX.OO..XO"
"XX.OO..X.","...XOX.OX","O","5","1","XX.OOO.X."
"XX.OO..XO","..OXOXXO.","X","2","1","XXXOO..XO"
"XX.OO..XO","..OXOXXO.","X","6","-1","XX.OO.XXO"
"XX.OO..XO","..OXOXXO.","X","5","0","XX.OOX.XO"
"XX.OO.O.X","..XXO.XOO","X","2","1","XXXOO.O.X"
"XX.OO.O.X","..XXO.XOO","X","5","-1","XX.OOXO.X"
"XX.OO.O.X","..XXO.XOO","X","7","-1","XX.OO.OXX"
"XX.OO.OX.","...XOXOOX","X","2","1","XXXOO.OX."
"XX.OO.OX.","...XOXOOX","X","8","-1","XX.OO.OXX"
"XX.OO.OX.","...XOXOOX","X","5","-1","XX.OOXOX."
"XX.OO.OXX","..XXOXXOO","O","2","1","XXOOO.OXX"
"XX.OO.OXX","..XXOXXOO","O","5","1","XX.OOOOXX"
"XX.OO.X..","....OXXOX","O","2","0","XXOOO.X.."
"XX.OO.X..","....OXXOX","O","8","-1","XX.OO.X.O"
"XX.OO.X..","....OXXOX","O","5","1","XX.OOOX.."
"XX.OO.X..","....OXXOX","O","7","-1","XX.OO.XO."
"XX.OO.X.O","..OXO.XOX","X","2","1","XXXOO.X.O"
"XX.OO.X.O","..OXO.XOX","X","5","0","XX.OOXX.O"
"XX.OO.X.O","..OXO.XOX","X","7","-1","XX.OO.XXO"
"XX.OO.XO.","...OOXXOX","X","2","1","XXXOO.XO."
"XX.OO.XO.","...OOXXOX","X","8","-1","XX.OO.XOX"
"XX.OO.XO.","...OOXXOX","X","5","0","XX.OOXXO."
"XX.OO.XOX","..XXOOXOX","O","2","0","XXOOO.XOX"
"XX.OO.XOX","..XXOOXOX","O","5","1","XX.OOOXOX"
"XX.OO.XXO","..OXOXXOX","O","2","0","XXOOO.XXO"
"XX.OO.XXO","..OXOXXOX","O","5","1","XX.OOOXXO"
"XX.OOX...","...OOXXX.","O","2","0","XXOOOX..."
"XX.OOX...","...OOXXX.","O","6","-1","XX.OOXO.."
"XX.OOX...","...OOXXX.","O","8","-1","XX.OOX..O"
"XX.OOX...","...OOXXX.","O","7","-1","XX.OOX.O."
"XX.OOX..O","..OOOXXX.","X","2","1","XXXOOX..O"
"XX.OOX..O","..OOOXXX.","X","6","0","XX.OOXX.O"
"XX.OOX..O","..OOOXXX.","X","7","0","XX.OOX.XO"
"XX.OOX.O.",".O.OOXXX.","X","2","1","XXXOOX.O."
"XX.OOX.O.",".O.OOXXX.","X","6","0","XX.OOXXO."
"XX.OOX.O.",".O.OOXXX.","X","8","0","XX.OOX.OX"
"XX.OOX.OX",".OXOOXXX.","O","2","0","XXOOOX.OX"
"XX.OOX.OX",".OXOOXXX.","O","6","-1","XX.OOXOOX"
"XX.OOX.XO",".OXXOXOX.","O","2","0","XXOOOX.XO"
"XX.OOX.XO",".OXXOXOX.","O","6","-1","XX.OOXOXO"
"XX.OOXO..","..OXOO.XX","X","2","1","XXXOOXO.."
"XX.OOXO..","..OXOO.XX","X","8","-1","XX.OOXO.X"
"XX.OOXO..","..OXOO.XX","X","7","-1","XX.OOXOX."
"XX.OOXO.X",".XXXO.XOO","O","2","1","XXOOOXO.X"
"XX.OOXO.X",".XXXO.XOO","O","7","-1","XX.OOXOOX"
"XX.OOXOOX",".XXXOOXOO","X","2","1","XXXOOXOOX"
"XX.OOXOX.",".X.XOXOOX","O","2","1","XXOOOXOX."
"XX.OOXOX.",".X.XOXOOX","O","8","-1","XX.OOXOXO"
"XX.OOXOXO",".XOXOXXOO","X","2","1","XXXOOXOXO"
"XX.OOXX.O",".XOXO.XOX","O","2","0","XXOOOXX.O"
"XX.OOXX.O",".XOXO.XOX","O","7","-1","XX.OOXXOO"
"XX.OOXXO.",".OXXOO.XX","O","2","0","XXOOOXXO."
"XX.OOXXO.",".OXXOO.XX","O","8","-1","XX.OOXXOO"
"XX.OOXXOO",".XOXOOXOX","X","2","1","XXXOOXXOO"
"XX.OX...O","..OOX.XX.","O","2","-1","XXOOX...O"
"XX.OX...O","..OOX.XX.","O","6","-1","XX.OX.O.O"
"XX.OX...O","..OOX.XX.","O","5","-1","XX.OXO..O"
"XX.OX...O","..OOX.XX.","O","7","-1","XX.OX..OO"
"XX.OX..O.","...OXX.OX","O","2","-1","XXOOX..O."
"XX.OX..O.","...OXX.OX","O","6","-1","XX.OX.OO."
"XX.OX..O.","...OXX.OX","O","8","-1","XX.OX..OO"
"XX.OX..O.","...OXX.OX","O","5","-1","XX.OXO.O."
"XX.OX..OO","..OXXOXO.","X","2","1","XXXOX..OO"
"XX.OX..OO","..OXXOXO.","X","6","0","XX.OX.XOO"
"XX.OX..OO","..OXXOXO.","X","5","-1","XX.OXX.OO"
"XX.OX.O..","....XXOOX","O","2","-1","XXOOX.O.."
"XX.OX.O..","....XXOOX","O","8","-1","XX.OX.O.O"
"XX.OX.O..","....XXOOX","O","5","-1","XX.OXOO.."
"XX.OX.O..","....XXOOX","O","7","-1","XX.OX.OO."
"XX.OX.O.O","..OXX.XOO","X","2","1","XXXOX.O.O"
"XX.OX.O.O","..OXX.XOO","X","5","-1","XX.OXXO.O"
"XX.OX.O.O","..OXX.XOO","X","7","1","XX.OX.OXO"
"XX.OX.OO.","...OXXOOX","X","2","1","XXXOX.OO."
"XX.OX.OO.","...OXXOOX","X","8","1","XX.OX.OOX"
"XX.OX.OO.","...OXXOOX","X","5","-1","XX.OXXOO."
"XX.OX.XOO","..OXXOXOX","O","2","0","XXOOX.XOO"
"XX.OX.XOO","..OXXOXOX","O","5","-1","XX.OXOXOO"
"XX.OXO...","...OXO.XX","O","2","-1","XXOOXO..."
"XX.OXO...","...OXO.XX","O","6","-1","XX.OXOO.."
"XX.OXO...","...OXO.XX","O","8","-1","XX.OXO..O"
"XX.OXO...","...OXO.XX","O","7","-1","XX.OXO.O."
"XX.OXO..O","..OOXOXX.","X","2","1","XXXOXO..O"
"XX.OXO..O","..OOXOXX.","X","6","-1","XX.OXOX.O"
"XX.OXO..O","..OOXOXX.","X","7","1","XX.OXO.XO"
"XX.OXO.O.",".O.OXO.XX","X","2","1","XXXOXO.O."
"XX.OXO.O.",".O.OXO.XX","X","6","1","XX.OXOXO."
"XX.OXO.O.",".O.OXO.XX","X","8","1","XX.OXO.OX"
"XX.OXOO..","..OOXO.XX","X","2","1","XXXOXOO.."
"XX.OXOO..","..OOXO.XX","X","8","1","XX.OXOO.X"
"XX.OXOO..","..OOXO.XX","X","7","1","XX.OXOOX."
"XX.OXOX.O",".OOXX.XOX","O","2","1","XXOOXOX.O"
"XX.OXOX.O",".OOXX.XOX","O","7","-1","XX.OXOXOO"
"XX.OXOXO.",".O.OXXXOX","O","2","-1","XXOOXOXO."
"XX.OXOXO.",".O.OXXXOX","O","8","-1","XX.OXOXOO"
"XX.OXOXOO",".OOXXOXOX","X","2","1","XXXOXOXOO"
"XX.OXX.OO",".OOOXXXX.","O","2","0","XXOOXX.OO"
"XX.OXX.OO",".OOOXXXX.","O","6","1","XX.OXXOOO"
"XX.OXXO.O",".XOXX.XOO","O","2","-1","XXOOXXO.O"
"XX.OXXO.O",".XOXX.XOO","O","7","1","XX.OXXOOO"
"XX.OXXOO.",".OOXXO.XX","O","2","-1","XXOOXXOO."
"XX.OXXOO.",".OOXXO.XX","O","8","1","XX.OXXOOO"
"XX.X...OO","..OX.OXX.","O","4","-1","XX.XO..OO"
"XX.X...OO","..OX.OXX.","O","2","-1","XXOX...OO"
"XX.X...OO","..OX.OXX.","O","6","1","XX.X..OOO"
"XX.X...OO","..OX.OXX.","O","5","-1","XX.X.O.OO"
"XX.X..O.O","..OX..XXO","O","4","-1","XX.XO.O.O"
"XX.X..O.O","..OX..XXO","O","2","1","XXOX..O.O"
"XX.X..O.O","..OX..XXO","O","5","-1","XX.X.OO.O"
"XX.X..O.O","..OX..XXO","O","7","1","XX.X..OOO"
"XX.X..OO.","...O.XOXX","O","4","-1","XX.XO.OO."
"XX.X..OO.","...O.XOXX","O","2","1","XXOX..OO."
"XX.X..OO.","...O.XOXX","O","8","1","XX.X..OOO"
"XX.X..OO.","...O.XOXX","O","5","-1","XX.X.OOO."
"XX.X.O..O","..OX.OXX.","O","4","-1","XX.XOO..O"
"XX.X.O..O","..OX.OXX.","O","2","1","XXOX.O..O"
"XX.X.O..O","..OX.OXX.","O","6","-1","XX.X.OO.O"
"XX.X.O..O","..OX.OXX.","O","7","-1","XX.X.O.OO"
"XX.X.O.O.",".O.O.X.XX","O","4","-1","XX.XOO.O."
"XX.X.O.O.",".O.O.X.XX","O","2","-1","XXOX.O.O."
"XX.X.O.O.",".O.O.X.XX","O","6","-1","XX.X.OOO."
"XX.X.O.O.",".O.O.X.XX","O","8","-1","XX.X.O.OO"
"XX.X.O.OO",".OOX.OXX.","X","4","-1","XX.XXO.OO"
"XX.X.O.OO",".OOX.OXX.","X","2","1","XXXX.O.OO"
"XX.X.O.OO",".OOX.OXX.","X","6","1","XX.X.OXOO"
"XX.X.OO..","..OO.X.XX","O","4","-1","XX.XOOO.."
"XX.X.OO..","..OO.X.XX","O","2","1","XXOX.OO.."
"XX.X.OO..","..OO.X.XX","O","8","-1","XX.X.OO.O"
"XX.X.OO..","..OO.X.XX","O","7","-1","XX.X.OOO."
"XX.X.OO.O",".OOX..XXO","X","4","-1","XX.XXOO.O"
"XX.X.OO.O",".OOX..XXO","X","2","1","XXXX.OO.O"
"XX.X.OO.O",".OOX..XXO","X","7","-1","XX.X.OOXO"
"XX.X.OOO.",".O.O.XOXX","X","4","-1","XX.XXOOO."
"XX.X.OOO.",".O.O.XOXX","X","2","1","XXXX.OOO."
"XX.X.OOO.",".O.O.XOXX","X","8","1","XX.X.OOOX"
"XX.X.OOOX",".OXX.OXXO","O","4","-1","XX.XOOOOX"
"XX.X.OOOX",".OXX.OXXO","O","2","-1","XXOX.OOOX"
"XX.X.OOXO",".OOX.XXXO","O","4","-1","XX.XOOOXO"
"XX.X.OOXO",".OOX.XXXO","O","2","1","XXOX.OOXO"
"XX.XO...O","..OXO.XX.","O","2","-1","XXOXO...O"
"XX.XO...O","..OXO.XX.","O","6","-1","XX.XO.O.O"
"XX.XO...O","..OXO.XX.","O","5","-1","XX.XOO..O"
"XX.XO...O","..OXO.XX.","O","7","-1","XX.XO..OO"
"XX.XO..O.","...OOX.XX","O","2","-1","XXOXO..O."
"XX.XO..O.","...OOX.XX","O","6","-1","XX.XO.OO."
"XX.XO..O.","...OOX.XX","O","8","-1","XX.XO..OO"
"XX.XO..O.","...OOX.XX","O","5","-1","XX.XOO.O."
"XX.XO..OO","..OXOOXX.","X","2","1","XXXXO..OO"
"XX.XO..OO","..OXOOXX.","X","6","1","XX.XO.XOO"
"XX.XO..OO","..OXOOXX.","X","5","-1","XX.XOX.OO"
"XX.XO.O..","....OXOXX","O","2","1","XXOXO.O.."
"XX.XO.O..","....OXOXX","O","8","-1","XX.XO.O.O"
"XX.XO.O..","....OXOXX","O","5","-1","XX.XOOO.."
"XX.XO.O..","....OXOXX","O","7","-1","XX.XO.OO."
"XX.XO.O.O","..OXO.XXO","X","2","1","XXXXO.O.O"
"XX.XO.O.O","..OXO.XXO","X","5","-1","XX.XOXO.O"
"XX.XO.O.O","..OXO.XXO","X","7","-1","XX.XO.OXO"
"XX.XO.OO.","...OOXOXX","X","2","1","XXXXO.OO."
"XX.XO.OO.","...OOXOXX","X","8","-1","XX.XO.OOX"
"XX.XO.OO.","...OOXOXX","X","5","-1","XX.XOXOO."
"XX.XO.OOX","..XXOOXXO","O","2","1","XXOXO.OOX"
"XX.XO.OOX","..XXOOXXO","O","5","-1","XX.XOOOOX"
"XX.XO.OXO","..OXOXXXO","O","2","1","XXOXO.OXO"
"XX.XO.OXO","..OXOXXXO","O","5","-1","XX.XOOOXO"
"XX.XOO...","...OOX.XX","O","2","-1","XXOXOO..."
"XX.XOO...","...OOX.XX","O","6","-1","XX.XOOO.."
"XX.XOO...","...OOX.XX","O","8","-1","XX.XOO..O"
"XX.XOO...","...OOX.XX","O","7","-1","XX.XOO.O."
"XX.XOO..O","..OXOOXX.","X","2","1","XXXXOO..O"
"XX.XOO..O","..OXOOXX.","X","6","1","XX.XOOX.O"
"XX.XOO..O","..OXOOXX.","X","7","-1","XX.XOO.XO"
"XX.XOO.O.",".O.OOX.XX","X","2","1","XXXXOO.O."
"XX.XOO.O.",".O.OOX.XX","X","6","1","XX.XOOXO."
"XX.XOO.O.",".O.OOX.XX","X","8","1","XX.XOO.OX"
"XX.XOO.OX",".OXXOOXX.","O","2","-1","XXOXOO.OX"
"XX.XOO.OX",".OXXOOXX.","O","6","-1","XX.XOOOOX"
"XX.XOO.XO",".OOXOXXX.","O","2","1","XXOXOO.XO"
"XX.XOO.XO",".OOXOXXX.","O","6","-1","XX.XOOOXO"
"XX.XOOO..","..OOOX.XX","X","2","1","XXXXOOO.."
"XX.XOOO..","..OOOX.XX","X","8","-1","XX.XOOO.X"
"XX.XOOO..","..OOOX.XX","X","7","-1","XX.XOOOX."
"XX.XOOO.X",".OXXO.XXO","O","2","1","XXOXOOO.X"
"XX.XOOO.X",".OXXO.XXO","O","7","-1","XX.XOOOOX"
"XX.XOOOOX",".OXXOOXXO","X","2","1","XXXXOOOOX"
"XX.XOOOX.",".O.XOXOXX","O","2","1","XXOXOOOX."
"XX.XOOOX.",".O.XOXOXX","O","8","-1","XX.XOOOXO"
"XX.XOOOXO",".OOXOXXXO","X","2","1","XXXXOOOXO"
"XX.XOX.OO",".OOXOXXX.","O","2","-1","XXOXOX.OO"
"XX.XOX.OO",".OOXOXXX.","O","6","1","XX.XOXOOO"
"XX.XOXO.O",".XOXO.XXO","O","2","1","XXOXOXO.O"
"XX.XOXO.O",".XOXO.XXO","O","7","1","XX.XOXOOO"
"XX.XOXOO.",".OOXOX.XX","O","2","1","XXOXOXOO."
"XX.XOXOO.",".OOXOX.XX","O","8","1","XX.XOXOOO"
"XX.XXO.OO",".OOXXOXX.","O","2","1","XXOXXO.OO"
"XX.XXO.OO",".OOXXOXX.","O","6","1","XX.XXOOOO"
"XX.XXOO.O",".OOXX.XXO","O","2","1","XXOXXOO.O"
"XX.XXOO.O",".OOXX.XXO","O","7","1","XX.XXOOOO"
"XX.XXOOO.",".O.OXXOXX","O","2","-1","XXOXXOOO."
"XX.XXOOO.",".O.OXXOXX","O","8","1","XX.XXOOOO"
"XXO......","......OXX","O","4","0","XXO.O...."
"XXO......","......OXX","O","6","-1","XXO...O.."
"XXO......","......OXX","O","8","1","XXO.....O"
"XXO......","......OXX","O","3","-1","XXOO....."
"XXO......","......OXX","O","5","1","XXO..O..."
"XXO......","......OXX","O","7","0","XXO....O."
"XXO.....O","..O...XXO","X","4","-1","XXO.X...O"
"XXO.....O","..O...XXO","X","6","-1","XXO...X.O"
"XXO.....O","..O...XXO","X","3","-1","XXOX....O"
"XXO.....O","..O...XXO","X","5","-1","XXO..X..O"
"XXO.....O","..O...XXO","X","7","-1","XXO....XO"
"XXO....O.","..OO.X..X","X","4","-1","XXO.X..O."
"XXO....O.","..OO.X..X","X","6","0","XXO...XO."
"XXO....O.","..OO.X..X","X","8","0","XXO....OX"
"XXO....O.","..OO.X..X","X","3","-1","XXOX...O."
"XXO....O.","..OO.X..X","X","5","-1","XXO..X.O."
"XXO....OX","..XO.XX.O","O","4","0","XXO.O..OX"
"XXO....OX","..XO.XX.O","O","6","-1","XXO...OOX"
"XXO....OX","..XO.XX.O","O","3","-1","XXOO...OX"
"XXO....OX","..XO.XX.O","O","5","-1","XXO..O.OX"
"XXO....XO","..XX.XO.O","O","4","1","XXO.O..XO"
"XXO....XO","..XX.XO.O","O","6","-1","XXO...OXO"
"XXO....XO","..XX.XO.O","O","3","-1","XXOO...XO"
"XXO....XO","..XX.XO.O","O","5","1","XXO..O.XO"
"XXO...O..","..O...OXX","X","4","1","XXO.X.O.."
"XXO...O..","..O...OXX","X","8","-1","XXO...O.X"
"XXO...O..","..O...OXX","X","3","-1","XXOX..O.."
"XXO...O..","..O...OXX","X","5","-1","XXO..XO.."
"XXO...O..","..O...OXX","X","7","-1","XXO...OX."
"XXO...O.X","O.X...XXO","O","4","1","XXO.O.O.X"
"XXO...O.X","O.X...XXO","O","3","-1","XXOO..O.X"
"XXO...O.X","O.X...XXO","O","5","-1","XXO..OO.X"
"XXO...O.X","O.X...XXO","O","7","-1","XXO...OOX"
"XXO...OOX","O.XO.XX.O","X","4","1","XXO.X.OOX"
"XXO...OOX","O.XO.XX.O","X","3","-1","XXOX..OOX"
"XXO...OOX","O.XO.XX.O","X","5","-1","XXO..XOOX"
"XXO...OX.","..OX.XO.X","O","4","1","XXO.O.OX."
"XXO...OX.","..OX.XO.X","O","8","-1","XXO...OXO"
"XXO...OX.","..OX.XO.X","O","3","-1","XXOO..OX."
"XXO...OX.","..OX.XO.X","O","5","-1","XXO..OOX."
"XXO...OXO","O.OX.XO.X","X","4","1","XXO.X.OXO"
"XXO...OXO","O.OX.XO.X","X","3","-1","XXOX..OXO"
"XXO...OXO","O.OX.XO.X","X","5","-1","XXO..XOXO"
"XXO...X.O","O.O..XX.X","O","4","-1","XXO.O.X.O"
"XXO...X.O","O.O..XX.X","O","3","0","XXOO..X.O"
"XXO...X.O","O.O..XX.X","O","5","1","XXO..OX.O"
"XXO...X.O","O.O..XX.X","O","7","-1","XXO...XOO"
"XXO...XO.","..OO.XX.X","O","4","-1","XXO.O.XO."
"XXO...XO.","..OO.XX.X","O","8","-1","XXO...XOO"
"XXO...XO.","..OO.XX.X","O","3","0","XXOO..XO."
"XXO...XO.","..OO.XX.X","O","5","-1","XXO..OXO."
"XXO...XOO","O.OO.XX.X","X","4","-1","XXO.X.XOO"
"XXO...XOO","O.OO.XX.X","X","3","1","XXOX..XOO"
"XXO...XOO","O.OO.XX.X","X","5","0","XXO..XXOO"
"XXO..O...",".....OXXO","X","4","-1","XXO.XO..."
"XXO..O...",".....OXXO","X","6","-1","XXO..OX.."
"XXO..O...",".....OXXO","X","8","-1","XXO..O..X"
"XXO..O...",".....OXXO","X","3","-1","XXOX.O..."
"XXO..O...",".....OXXO","X","7","-1","XXO..O.X."
"XXO..O..X","..X..OXXO","O","4","1","XXO.OO..X"
"XXO..O..X","..X..OXXO","O","6","-1","XXO..OO.X"
"XXO..O..X","..X..OXXO","O","3","-1","XXOO.O..X"
"XXO..O..X","..X..OXXO","O","7","-1","XXO..O.OX"
"XXO..O.OX","..XO.XXOO","X","4","1","XXO.XO.OX"
"XXO..O.OX","..XO.XXOO","X","6","1","XXO..OXOX"
"XXO..O.OX","..XO.XXOO","X","3","1","XXOX.O.OX"
"XXO..O.X.","..XX.X.OO","O","4","1","XXO.OO.X."
"XXO..O.X.","..XX.X.OO","O","6","-1","XXO..OOX."
"XXO..O.X.","..XX.X.OO","O","8","1","XXO..O.XO"
"XXO..O.X.","..XX.X.OO","O","3","-1","XXOO.O.X."
"XXO..OO.X","O.X..OXXO","X","4","1","XXO.XOO.X"
"XXO..OO.X","O.X..OXXO","X","3","-1","XXOX.OO.X"
"XXO..OO.X","O.X..OXXO","X","7","-1","XXO..OOXX"
"XXO..OOX.",".OOX.XO.X","X","4","1","XXO.XOOX."
"XXO..OOX.",".OOX.XO.X","X","8","-1","XXO..OOXX"
"XXO..OOX.",".OOX.XO.X","X","3","-1","XXOX.OOX."
"XXO..OOXX","O.XX.XXOO","O","4","1","XXO.OOOXX"
"XXO..OOXX","O.XX.XXOO","O","3","-1","XXOO.OOXX"
"XXO..OX..","..XO..OXX","O","4","-1","XXO.OOX.."
"XXO..OX..","..XO..OXX","O","8","1","XXO..OX.O"
"XXO..OX..","..XO..OXX","O","3","1","XXOO.OX.."
"XXO..OX..","..XO..OXX","O","7","-1","XXO..OXO."
"XXO..OXO.",".OOO.XX.X","X","4","-1","XXO.XOXO."
"XXO..OXO.",".OOO.XX.X","X","8","1","XXO..OXOX"
"XXO..OXO.",".OOO.XX.X","X","3","1","XXOX.OXO."
"XXO..OXOX","OOXX.OX.X","O","4","-1","XXO.OOXOX"
"XXO..OXOX","OOXX.OX.X","O","3","-1","XXOO.OXOX"
"XXO..X..O","..O..XXXO","O","4","0","XXO.OX..O"
"XXO..X..O","..O..XXXO","O","6","1","XXO..XO.O"
"XXO..X..O","..O..XXXO","O","3","0","XXOO.X..O"
"XXO..X..O","..O..XXXO","O","7","0","XXO..X.OO"
"XXO..X.O.","..XO.X.XO","O","4","0","XXO.OX.O."
"XXO..X.O.","..XO.X.XO","O","6","1","XXO..XOO."
"XXO..X.O.","..XO.X.XO","O","8","0","XXO..X.OO"
"XXO..X.O.","..XO.X.XO","O","3","0","XXOO.X.O."
"XXO..X.OO","..XO.XOXO","X","4","-1","XXO.XX.OO"
"XXO..X.OO","..XO.XOXO","X","6","0","XXO..XXOO"
"XXO..X.OO","..XO.XOXO","X","3","-1","XXOX.X.OO"
"XXO..XO..","..OX..OXX","O","4","1","XXO.OXO.."
"XXO..XO..","..OX..OXX","O","8","1","XXO..XO.O"
"XXO..XO..","..OX..OXX","O","3","-1","XXOO.XO.."
"XXO..XO..","..OX..OXX","O","7","1","XXO..XOO."
"XXO..XO.O","O.O..XXXO","X","4","-1","XXO.XXO.O"
"XXO..XO.O","O.O..XXXO","X","3","-1","XXOX.XO.O"
"XXO..XO.O","O.O..XXXO","X","7","-1","XXO..XOXO"
"XXO..XOO.",".OOX..OXX","X","4","-1","XXO.XXOO."
"XXO..XOO.",".OOX..OXX","X","8","-1","XXO..XOOX"
"XXO..XOO.",".OOX..OXX","X","3","-1","XXOX.XOO."
"XXO..XOOX","O.XO.XXXO","O","4","1","XXO.OXOOX"
"XXO..XOOX","O.XO.XXXO","O","3","-1","XXOO.XOOX"
"XXO..XOXO","O.XX.XOXO","O","4","1","XXO.OXOXO"
"XXO..XOXO","O.XX.XOXO","O","3","-1","XXOO.XOXO"
"XXO..XXOO","OOXX..OXX","O","4","-1","XXO.OXXOO"
"XXO..XXOO","OOXX..OXX","O","3","0","XXOO.XXOO"
"XXO.O....","....O.OXX","X","6","0","XXO.O.X.."
"XXO.O....","....O.OXX","X","8","-1","XXO.O...X"
"XXO.O....","....O.OXX","X","3","-1","XXOXO...."
"XXO.O....","....O.OXX","X","5","-1","XXO.OX..."
"XXO.O....","....O.OXX","X","7","-1","XXO.O..X."
"XXO.O...X","..X.O.XXO","O","6","1","XXO.O.O.X"
"XXO.O...X","..X.O.XXO","O","3","1","XXOOO...X"
"XXO.O...X","..X.O.XXO","O","5","1","XXO.OO..X"
"XXO.O...X","..X.O.XXO","O","7","0","XXO.O..OX"
"XXO.O..OX","..XOOXX.O","X","6","0","XXO.O.XOX"
"XXO.O..OX","..XOOXX.O","X","3","-1","XXOXO..OX"
"XXO.O..OX","..XOOXX.O","X","5","-1","XXO.OX.OX"
"XXO.O..X.","..OXOX..X","O","6","1","XXO.O.OX."
"XXO.O..X.","..OXOX..X","O","8","1","XXO.O..XO"
"XXO.O..X.","..OXOX..X","O","3","1","XXOOO..X."
"XXO.O..X.","..OXOX..X","O","5","1","XXO.OO.X."
"XXO.O..XO","..XXOXO.O","X","6","-1","XXO.O.XXO"
"XXO.O..XO","..XXOXO.O","X","3","-1","XXOXO..XO"
"XXO.O..XO","..XXOXO.O","X","5","-1","XXO.OX.XO"
"XXO.O.X..","..O.OXX.X","O","8","-1","XXO.O.X.O"
"XXO.O.X..","..O.OXX.X","O","3","0","XXOOO.X.."
"XXO.O.X..","..O.OXX.X","O","5","-1","XXO.OOX.."
"XXO.O.X..","..O.OXX.X","O","7","-1","XXO.O.XO."
"XXO.O.X.O","O.O.OXX.X","X","3","1","XXOXO.X.O"
"XXO.O.X.O","O.O.OXX.X","X","5","0","XXO.OXX.O"
"XXO.O.X.O","O.O.OXX.X","X","7","-1","XXO.O.XXO"
"XXO.O.XO.","..OOOXX.X","X","8","0","XXO.O.XOX"
"XXO.O.XO.","..OOOXX.X","X","3","1","XXOXO.XO."
"XXO.O.XO.","..OOOXX.X","X","5","0","XXO.OXXO."
"XXO.O.XOX","O.XXOOX.X","O","3","0","XXOOO.XOX"
"XXO.O.XOX","O.XXOOX.X","O","5","-1","XXO.OOXOX"
"XXO.O.XXO","O.OXOXX.X","O","3","0","XXOOO.XXO"
"XXO.O.XXO","O.OXOXX.X","O","5","1","XXO.OOXXO"
"XXO.OO..X","..X.OOXXO","X","6","-1","XXO.OOX.X"
"XXO.OO..X","..X.OOXXO","X","3","-1","XXOXOO..X"
"XXO.OO..X","..X.OOXXO","X","7","-1","XXO.OO.XX"
"XXO.OO.X.","..XXOX.OO","X","6","-1","XXO.OOXX."
"XXO.OO.X.","..XXOX.OO","X","8","-1","XXO.OO.XX"
"XXO.OO.X.","..XXOX.OO","X","3","-1","XXOXOO.X."
"XXO.OO.XX","..XXOXXOO","O","6","1","XXO.OOOXX"
"XXO.OO.XX","..XXOXXOO","O","3","1","XXOOOO.XX"
"XXO.OOX..","..XOO.OXX","X","8","-1","XXO.OOX.X"
"XXO.OOX..","..XOO.OXX","X","3","1","XXOXOOX.."
"XXO.OOX..","..XOO.OXX","X","7","-1","XXO.OOXX."
"XXO.OOX.X","OOXXO.X.X","O","3","1","XXOOOOX.X"
"XXO.OOX.X","OOXXO.X.X","O","7","-1","XXO.OOXOX"
"XXO.OOXOX","OOXXOOX.X","X","3","1","XXOXOOXOX"
"XXO.OOXX.",".OOXOXX.X","O","8","1","XXO.OOXXO"
"XXO.OOXX.",".OOXOXX.X","O","3","1","XXOOOOXX."
"XXO.OX...","....OXXXO","O","6","1","XXO.OXO.."
"XXO.OX...","....OXXXO","O","8","0","XXO.OX..O"
"XXO.OX...","....OXXXO","O","3","0","XXOOOX..."
"XXO.OX...","....OXXXO","O","7","0","XXO.OX.O."
"XXO.OX..O","..O.OXXXO","X","6","0","XXO.OXX.O"
"XXO.OX..O","..O.OXXXO","X","3","-1","XXOXOX..O"
"XXO.OX..O","..O.OXXXO","X","7","-1","XXO.OX.XO"
"XXO.OX.O.","..XOOX.XO","X","6","0","XXO.OXXO."
"XXO.OX.O.","..XOOX.XO","X","8","-1","XXO.OX.OX"
"XXO.OX.O.","..XOOX.XO","X","3","-1","XXOXOX.O."
"XXO.OX.OX","..XOOXXXO","O","6","1","XXO.OXOOX"
"XXO.OX.OX","..XOOXXXO","O","3","0","XXOOOX.OX"
"XXO.OX.XO","..XXOXOXO","O","6","1","XXO.OXOXO"
"XXO.OX.XO","..XXOXOXO","O","3","0","XXOOOX.XO"
"XXO.OXX.O","O.XXO.OXX","O","3","0","XXOOOXX.O"
"XXO.OXX.O","O.XXO.OXX","O","7","-1","XXO.OXXOO"
"XXO.OXXO.",".OXXO.OXX","O","8","-1","XXO.OXXOO"
"XXO.OXXO.",".OXXO.OXX","O","3","0","XXOOOXXO."
"XXO.OXXOO","OOXXO.OXX","X","3","1","XXOXOXXOO"
"XXO.X...O","..O.X.XXO","O","6","-1","XXO.X.O.O"
"XXO.X...O","..O.X.XXO","O","3","-1","XXOOX...O"
"XXO.X...O","..O.X.XXO","O","5","1","XXO.XO..O"
"XXO.X...O","..O.X.XXO","O","7","1","XXO.X..OO"
"XXO.X..O.","..OOXX..X","O","6","-1","XXO.X.OO."
"XXO.X..O.","..OOXX..X","O","8","1","XXO.X..OO"
"XXO.X..O.","..OOXX..X","O","3","-1","XXOOX..O."
"XXO.X..O.","..OOXX..X","O","5","-1","XXO.XO.O."
"XXO.X..OO","..XOXXO.O","X","6","-1","XXO.X.XOO"
"XXO.X..OO","..XOXXO.O","X","3","-1","XXOXX..OO"
"XXO.X..OO","..XOXXO.O","X","5","-1","XXO.XX.OO"
"XXO.X.O..","..O.X.OXX","O","8","-1","XXO.X.O.O"
"XXO.X.O..","..O.X.OXX","O","3","-1","XXOOX.O.."
"XXO.X.O..","..O.X.OXX","O","5","-1","XXO.XOO.."
"XXO.X.O..","..O.X.OXX","O","7","-1","XXO.X.OO."
"XXO.X.O.O","O.O.X.OXX","X","3","-1","XXOXX.O.O"
"XXO.X.O.O","O.O.X.OXX","X","5","-1","XXO.XXO.O"
"XXO.X.O.O","O.O.X.OXX","X","7","1","XXO.X.OXO"
"XXO.X.OO.","..OOXXO.X","X","8","1","XXO.X.OOX"
"XXO.X.OO.","..OOXXO.X","X","3","-1","XXOXX.OO."
"XXO.X.OO.","..OOXXO.X","X","5","-1","XXO.XXOO."
"XXO.X.XOO","O.OOXXX.X","O","3","0","XXOOX.XOO"
"XXO.X.XOO","O.OOXXX.X","O","5","1","XXO.XOXOO"
"XXO.XO...","....XOXXO","O","6","-1","XXO.XOO.."
"XXO.XO...","....XOXXO","O","8","1","XXO.XO..O"
"XXO.XO...","....XOXXO","O","3","-1","XXOOXO..."
"XXO.XO...","....XOXXO","O","7","-1","XXO.XO.O."
"XXO.XO.O.","..XOXX.OO","X","6","-1","XXO.XOXO."
"XXO.XO.O.","..XOXX.OO","X","8","1","XXO.XO.OX"
"XXO.XO.O.","..XOXX.OO","X","3","-1","XXOXXO.O."
"XXO.XOO..","..OOX.OXX","X","8","1","XXO.XOO.X"
"XXO.XOO..","..OOX.OXX","X","3","-1","XXOXXOO.."
"XXO.XOO..","..OOX.OXX","X","7","1","XXO.XOOX."
"XXO.XOXO.",".OOOXXX.X","O","8","1","XXO.XOXOO"
"XXO.XOXO.",".OOOXXX.X","O","3","-1","XXOOXOXO."
"XXO.XX.OO","..XOXXOXO","O","6","1","XXO.XXOOO"
"XXO.XX.OO","..XOXXOXO","O","3","0","XXOOXX.OO"
"XXO.XXO.O","O.O.XXXXO","O","3","-1","XXOOXXO.O"
"XXO.XXO.O","O.O.XXXXO","O","7","1","XXO.XXOOO"
"XXO.XXOO.",".OOXX.OXX","O","8","1","XXO.XXOOO"
"XXO.XXOO.",".OOXX.OXX","O","3","-1","XXOOXXOO."
"XXOO.....",".....OOXX","X","4","1","XXOOX...."
"XXOO.....",".....OOXX","X","6","-1","XXOO..X.."
"XXOO.....",".....OOXX","X","8","-1","XXOO....X"
"XXOO.....",".....OOXX","X","5","0","XXOO.X..."
"XXOO.....",".....OOXX","X","7","-1","XXOO...X."
"XXOO....X","..XO..XXO","O","4","1","XXOOO...X"
"XXOO....X","..XO..XXO","O","6","-1","XXOO..O.X"
"XXOO....X","..XO..XXO","O","5","-1","XXOO.O..X"
"XXOO....X","..XO..XXO","O","7","-1","XXOO...OX"
"XXOO...OX",".OXO..XXO","X","4","1","XXOOX..OX"
"XXOO...OX",".OXO..XXO","X","6","0","XXOO..XOX"
"XXOO...OX",".OXO..XXO","X","5","0","XXOO.X.OX"
"XXOO...X.","..OX.X.OX","O","4","1","XXOOO..X."
"XXOO...X.","..OX.X.OX","O","6","-1","XXOO..OX."
"XXOO...X.","..OX.X.OX","O","8","-1","XXOO...XO"
"XXOO...X.","..OX.X.OX","O","5","-1","XXOO.O.X."
"XXOO...XO",".OXX.XO.O","X","4","1","XXOOX..XO"
"XXOO...XO",".OXX.XO.O","X","6","-1","XXOO..XXO"
"XXOO...XO",".OXX.XO.O","X","5","0","XXOO.X.XO"
"XXOO..O.X","O.XO..XXO","X","4","1","XXOOX.O.X"
"XXOO..O.X","O.XO..XXO","X","5","-1","XXOO.XO.X"
"XXOO..O.X","O.XO..XXO","X","7","-1","XXOO..OXX"
"XXOO..OX.","..OX.XOOX","X","4","1","XXOOX.OX."
"XXOO..OX.","..OX.XOOX","X","8","-1","XXOO..OXX"
"XXOO..OX.","..OX.XOOX","X","5","-1","XXOO.XOX."
"XXOO..OXX","O.XX.XXOO","O","4","1","XXOOO.OXX"
"XXOO..OXX","O.XX.XXOO","O","5","-1","XXOO.OOXX"
"XXOO..X..","..O..XXOX","O","4","0","XXOOO.X.."
"XXOO..X..","..O..XXOX","O","8","0","XXOO..X.O"
"XXOO..X..","..O..XXOX","O","5","1","XXOO.OX.."
"XXOO..X..","..O..XXOX","O","7","0","XXOO..XO."
"XXOO..X.O","O.O..XXOX","X","4","-1","XXOOX.X.O"
"XXOO..X.O","O.O..XXOX","X","5","0","XXOO.XX.O"
"XXOO..X.O","O.O..XXOX","X","7","-1","XXOO..XXO"
"XXOO..XO.","..OO.XXOX","X","4","0","XXOOX.XO."
"XXOO..XO.","..OO.XXOX","X","8","0","XXOO..XOX"
"XXOO..XO.","..OO.XXOX","X","5","0","XXOO.XXO."
"XXOO..XOX","O.XX.OXOX","O","4","0","XXOOO.XOX"
"XXOO..XOX","O.XX.OXOX","O","5","-1","XXOO.OXOX"
"XXOO..XXO","O.OX.XXOX","O","4","0","XXOOO.XXO"
"XXOO..XXO","O.OX.XXOX","O","5","1","XXOO.OXXO"
"XXOO.O..X","..XO.OXXO","X","4","1","XXOOXO..X"
"XXOO.O..X","..XO.OXXO","X","6","-1","XXOO.OX.X"
"XXOO.O..X","..XO.OXXO","X","7","-1","XXOO.O.XX"
"XXOO.O.X.",".OOX.X.OX","X","4","1","XXOOXO.X."
"XXOO.O.X.",".OOX.X.OX","X","6","-1","XXOO.OXX."
"XXOO.O.X.",".OOX.X.OX","X","8","-1","XXOO.O.XX"
"XXOO.O.XX",".OXX.XXOO","O","4","1","XXOOOO.XX"
"XXOO.O.XX",".OXX.XXOO","O","6","-1","XXOO.OOXX"
"XXOO.OOXX","OOXX.XXOO","X","4","1","XXOOXOOXX"
"XXOO.OX..","..XO.OOXX","X","4","-1","XXOOXOX.."
"XXOO.OX..","..XO.OOXX","X","8","-1","XXOO.OX.X"
"XXOO.OX..","..XO.OOXX","X","7","-1","XXOO.OXX."
"XXOO.OX.X","OOXX..XOX","O","4","1","XXOOOOX.X"
"XXOO.OX.X","OOXX..XOX","O","7","-1","XXOO.OXOX"
"XXOO.OXOX","OOXX.OXOX","X","4","1","XXOOXOXOX"
"XXOO.OXX.",".OOX.XXOX","O","4","1","XXOOOOXX."
"XXOO.OXX.",".OOX.XXOX","O","8","1","XXOO.OXXO"
"XXOO.X...","...O.XXXO","O","4","0","XXOOOX..."
"XXOO.X...","...O.XXXO","O","6","-1","XXOO.XO.."
"XXOO.X...","...O.XXXO","O","8","0","XXOO.X..O"
"XXOO.X...","...O.XXXO","O","7","0","XXOO.X.O."
"XXOO.X..O","..OO.XXXO","X","4","0","XXOOXX..O"
"XXOO.X..O","..OO.XXXO","X","6","0","XXOO.XX.O"
"XXOO.X..O","..OO.XXXO","X","7","0","XXOO.X.XO"
"XXOO.X.O.",".O.O.XXXO","X","4","0","XXOOXX.O."
"XXOO.X.O.",".O.O.XXXO","X","6","0","XXOO.XXO."
"XXOO.X.O.",".O.O.XXXO","X","8","0","XXOO.X.OX"
"XXOO.X.OX",".OXO.XXXO","O","4","0","XXOOOX.OX"
"XXOO.X.OX",".OXO.XXXO","O","6","-1","XXOO.XOOX"
"XXOO.X.XO",".OXX.XOXO","O","4","0","XXOOOX.XO"
"XXOO.X.XO",".OXX.XOXO","O","6","-1","XXOO.XOXO"
"XXOO.XO..","..OX.OOXX","X","4","1","XXOOXXO.."
"XXOO.XO..","..OX.OOXX","X","8","-1","XXOO.XO.X"
"XXOO.XO..","..OX.OOXX","X","7","-1","XXOO.XOX."
"XXOO.XO.X","O.XO.XXXO","O","4","1","XXOOOXO.X"
"XXOO.XO.X","O.XO.XXXO","O","7","-1","XXOO.XOOX"
"XXOO.XOOX","OOXO.XXXO","X","4","1","XXOOXXOOX"
"XXOO.XOX.",".XOX.OOXX","O","4","1","XXOOOXOX."
"XXOO.XOX.",".XOX.OOXX","O","8","-1","XXOO.XOXO"
"XXOO.XOXO","OOXX.XOXO","X","4","1","XXOOXXOXO"
"XXOO.XX.O","O.XX.OOXX","O","4","0","XXOOOXX.O"
"XXOO.XX.O","O.XX.OOXX","O","7","0","XXOO.XXOO"
"XXOO.XXO.",".OXX.OOXX","O","4","0","XXOOOXXO."
"XXOO.XXO.",".OXX.OOXX","O","8","0","XXOO.XXOO"
"XXOO.XXOO","OOXX.OOXX","X","4","0","XXOOXXXOO"
"XXOOO...X","..XOO.XXO","X","6","-1","XXOOO.X.X"
"XXOOO...X","..XOO.XXO","X","5","-1","XXOOOX..X"
"XXOOO...X","..XOO.XXO","X","7","-1","XXOOO..XX"
"XXOOO..X.","..OXOX.OX","X","6","-1","XXOOO.XX."
"XXOOO..X.","..OXOX.OX","X","8","-1","XXOOO..XX"
"XXOOO..X.","..OXOX.OX","X","5","-1","XXOOOX.X."
"XXOOO..XX",".OXXOXX.O","O","6","1","XXOOO.OXX"
"XXOOO..XX",".OXXOXX.O","O","5","1","XXOOOO.XX"
"XXOOO.X..","..O.OXXOX","X","8","-1","XXOOO.X.X"
"XXOOO.X..","..O.OXXOX","X","5","0","XXOOOXX.."
"XXOOO.X..","..O.OXXOX","X","7","-1","XXOOO.XX."
"XXOOO.X.X","O.XXO.XOX","O","5","1","XXOOOOX.X"
"XXOOO.X.X","O.XXO.XOX","O","7","0","XXOOO.XOX"
"XXOOO.XOX","O.XXOOXOX","X","5","0","XXOOOXXOX"
"XXOOO.XX.","..OXOXXOX","O","8","0","XXOOO.XXO"
"XXOOO.XX.","..OXOXXOX","O","5","1","XXOOOOXX."
"XXOOO.XXO","O.OXOXXOX","X","5","0","XXOOOXXXO"
"XXOOOX...","...OOXXXO","X","6","0","XXOOOXX.."
"XXOOOX...","...OOXXXO","X","8","-1","XXOOOX..X"
"XXOOOX...","...OOXXXO","X","7","-1","XXOOOX.X."
"XXOOOX..X","..XOOXXXO","O","6","1","XXOOOXO.X"
"XXOOOX..X","..XOOXXXO","O","7","0","XXOOOX.OX"
"XXOOOX.OX",".OXOOXXXO","X","6","0","XXOOOXXOX"
"XXOOOX.X.",".OXXOX.XO","O","6","1","XXOOOXOX."
"XXOOOX.X.",".OXXOX.XO","O","8","0","XXOOOX.XO"
"XXOOOX.XO",".OXXOXOXO","X","6","0","XXOOOXXXO"
"XXOOOXX..","..XXOOOXX","O","8","0","XXOOOXX.O"
"XXOOOXX..","..XXOOOXX","O","7","0","XXOOOXXO."
"XXOOOXX.O","O.XXOOOXX","X","7","0","XXOOOXXXO"
"XXOOOXXO.",".OXXOOOXX","X","8","0","XXOOOXXOX"
"XXOOX....","....XOOXX","O","6","-1","XXOOX.O.."
"XXOOX....","....XOOXX","O","8","-1","XXOOX...O"
"XXOOX....","....XOOXX","O","5","-1","XXOOXO..."
"XXOOX....","....XOOXX","O","7","-1","XXOOX..O."
"XXOOX...O","..OOX.XXO","X","6","-1","XXOOX.X.O"
"XXOOX...O","..OOX.XXO","X","5","0","XXOOXX..O"
"XXOOX...O","..OOX.XXO","X","7","1","XXOOX..XO"
"XXOOX..O.","..OOXX.OX","X","6","0","XXOOX.XO."
"XXOOX..O.","..OOXX.OX","X","8","1","XXOOX..OX"
"XXOOX..O.","..OOXX.OX","X","5","0","XXOOXX.O."
"XXOOX.O..","..O.XOOXX","X","8","1","XXOOX.O.X"
"XXOOX.O..","..O.XOOXX","X","5","1","XXOOXXO.."
"XXOOX.O..","..O.XOOXX","X","7","1","XXOOX.OX."
"XXOOX.X.O","O.O.XXXOX","O","5","1","XXOOXOX.O"
"XXOOX.X.O","O.O.XXXOX","O","7","0","XXOOX.XOO"
"XXOOX.XO.","..OOXXXOX","O","8","0","XXOOX.XOO"
"XXOOX.XO.","..OOXXXOX","O","5","-1","XXOOXOXO."
"XXOOX.XOO","O.OOXXXOX","X","5","0","XXOOXXXOO"
"XXOOXO...","...OXOOXX","X","6","-1","XXOOXOX.."
"XXOOXO...","...OXOOXX","X","8","1","XXOOXO..X"
"XXOOXO...","...OXOOXX","X","7","1","XXOOXO.X."
"XXOOXOX..","..XOXOOXX","O","8","1","XXOOXOX.O"
"XXOOXOX..","..XOXOOXX","O","7","-1","XXOOXOXO."
"XXOOXOXO.",".OOOXXXOX","X","8","1","XXOOXOXOX"
"XXOOXX..O","..OOXXXXO","O","6","-1","XXOOXXO.O"
"XXOOXX..O","..OOXXXXO","O","7","0","XXOOXX.OO"
"XXOOXX.O.",".O.OXXXXO","O","6","-1","XXOOXXOO."
"XXOOXX.O.",".O.OXXXXO","O","8","0","XXOOXX.OO"
"XXOOXX.OO",".OOOXXXXO","X","6","0","XXOOXXXOO"
"XXOOXXO..","..OXXOOXX","O","8","-1","XXOOXXO.O"
"XXOOXXO..","..OXXOOXX","O","7","-1","XXOOXXOO."
"XXOOXXO.O","O.OOXXXXO","X","7","1","XXOOXXOXO"
"XXOOXXOO.",".OOXXOOXX","X","8","1","XXOOXXOOX"
"XXOX....O","..OX..XXO","O","4","-1","XXOXO...O"
"XXOX....O","..OX..XXO","O","6","1","XXOX..O.O"
"XXOX....O","..OX..XXO","O","5","1","XXOX.O..O"
"XXOX....O","..OX..XXO","O","7","-1","XXOX...OO"
"XXOX...O.","..OO.X.XX","O","4","-1","XXOXO..O."
"XXOX...O.","..OO.X.XX","O","6","1","XXOX..OO."
"XXOX...O.","..OO.X.XX","O","8","-1","XXOX...OO"
"XXOX...O.","..OO.X.XX","O","5","-1","XXOX.O.O."
"XXOX...OO",".OOX..XXO","X","4","-1","XXOXX..OO"
"XXOX...OO",".OOX..XXO","X","6","1","XXOX..XOO"
"XXOX...OO",".OOX..XXO","X","5","-1","XXOX.X.OO"
"XXOX..O..","..O..XOXX","O","4","1","XXOXO.O.."
"XXOX..O..","..O..XOXX","O","8","1","XXOX..O.O"
"XXOX..O..","..O..XOXX","O","5","1","XXOX.OO.."
"XXOX..O..","..O..XOXX","O","7","1","XXOX..OO."
"XXOX..O.O","O.O..XOXX","X","4","-1","XXOXX.O.O"
"XXOX..O.O","O.O..XOXX","X","5","-1","XXOX.XO.O"
"XXOX..O.O","O.O..XOXX","X","7","-1","XXOX..OXO"
"XXOX..OO.","..OO.XOXX","X","4","-1","XXOXX.OO."
"XXOX..OO.","..OO.XOXX","X","8","-1","XXOX..OOX"
"XXOX..OO.","..OO.XOXX","X","5","-1","XXOX.XOO."
"XXOX..OOX","O.XX.OXXO","O","4","1","XXOXO.OOX"
"XXOX..OOX","O.XX.OXXO","O","5","-1","XXOX.OOOX"
"XXOX..OXO","O.OX.XOXX","O","4","1","XXOXO.OXO"
"XXOX..OXO","O.OX.XOXX","O","5","1","XXOX.OOXO"
"XXOX.O...","...O.XOXX","O","4","-1","XXOXOO..."
"XXOX.O...","...O.XOXX","O","6","1","XXOX.OO.."
"XXOX.O...","...O.XOXX","O","8","1","XXOX.O..O"
"XXOX.O...","...O.XOXX","O","7","-1","XXOX.O.O."
"XXOX.O.O.",".O.O.XOXX","X","4","-1","XXOXXO.O."
"XXOX.O.O.",".O.O.XOXX","X","6","1","XXOX.OXO."
"XXOX.O.O.",".O.O.XOXX","X","8","1","XXOX.O.OX"
"XXOX.O.OX",".OXX.OXXO","O","4","-1","XXOXOO.OX"
"XXOX.O.OX",".OXX.OXXO","O","6","-1","XXOX.OOOX"
"XXOX.OO..","..OO.XOXX","X","4","-1","XXOXXOO.."
"XXOX.OO..","..OO.XOXX","X","8","-1","XXOX.OO.X"
"XXOX.OO..","..OO.XOXX","X","7","-1","XXOX.OOX."
"XXOX.OO.X","O.XX.OXXO","O","4","1","XXOXOOO.X"
"XXOX.OO.X","O.XX.OXXO","O","7","-1","XXOX.OOOX"
"XXOX.OOOX","OOXX.OXXO","X","4","1","XXOXXOOOX"
"XXOX.OOX.",".OOX.XOXX","O","4","1","XXOXOOOX."
"XXOX.OOX.",".OOX.XOXX","O","8","1","XXOX.OOXO"
"XXOX.X.OO",".OOX.XXXO","O","4","-1","XXOXOX.OO"
"XXOX.X.OO",".OOX.XXXO","O","6","1","XXOX.XOOO"
"XXOX.XO.O","O.OX.XOXX","O","4","1","XXOXOXO.O"
"XXOX.XO.O","O.OX.XOXX","O","7","1","XXOX.XOOO"
"XXOX.XOO.",".OOX.XOXX","O","4","1","XXOXOXOO."
"XXOX.XOO.",".OOX.XOXX","O","8","1","XXOX.XOOO"
"XXOXO....","....OXOXX","O","6","1","XXOXO.O.."
"XXOXO....","....OXOXX","O","8","-1","XXOXO...O"
"XXOXO....","....OXOXX","O","5","-1","XXOXOO..."
"XXOXO....","....OXOXX","O","7","-1","XXOXO..O."
"XXOXO...O","..OXO.XXO","X","6","1","XXOXO.X.O"
"XXOXO...O","..OXO.XXO","X","5","-1","XXOXOX..O"
"XXOXO...O","..OXO.XXO","X","7","-1","XXOXO..XO"
"XXOXO..O.","..OOOX.XX","X","6","1","XXOXO.XO."
"XXOXO..O.","..OOOX.XX","X","8","-1","XXOXO..OX"
"XXOXO..O.","..OOOX.XX","X","5","-1","XXOXOX.O."
"XXOXO..OX",".OXXO.XXO","O","6","1","XXOXO.OOX"
"XXOXO..OX",".OXXO.XXO","O","5","-1","XXOXOO.OX"
"XXOXO..XO",".XOXO.XXO","O","6","1","XXOXO.OXO"
"XXOXO..XO",".XOXO.XXO","O","5","1","XXOXOO.XO"
"XXOXOO...","...OOXOXX","X","6","1","XXOXOOX.."
"XXOXOO...","...OOXOXX","X","8","-1","XXOXOO..X"
"XXOXOO...","...OOXOXX","X","7","-1","XXOXOO.X."
"XXOXOO..X","..XXOOXXO","O","6","1","XXOXOOO.X"
"XXOXOO..X","..XXOOXXO","O","7","-1","XXOXOO.OX"
"XXOXOO.OX",".OXXOOXXO","X","6","1","XXOXOOXOX"
"XXOXOO.X.",".OOXOX.XX","O","6","1","XXOXOOOX."
"XXOXOO.X.",".OOXOX.XX","O","8","1","XXOXOO.XO"
"XXOXOX..O","..OXOXXXO","O","6","1","XXOXOXO.O"
"XXOXOX..O","..OXOXXXO","O","7","-1","XXOXOX.OO"
"XXOXOX.O.",".O.XOXOXX","O","6","1","XXOXOXOO."
"XXOXOX.O.",".O.XOXOXX","O","8","-1","XXOXOX.OO"
"XXOXOX.OO",".OOXOXXXO","X","6","1","XXOXOXXOO"
"XXOXX..OO",".OOXX.XXO","O","6","1","XXOXX.OOO"
"XXOXX..OO",".OOXX.XXO","O","5","1","XXOXXO.OO"
"XXOXX.O.O","O.O.XXOXX","O","5","1","XXOXXOO.O"
"XXOXX.O.O","O.O.XXOXX","O","7","1","XXOXX.OOO"
"XXOXX.OO.","..OOXXOXX","O","8","1","XXOXX.OOO"
"XXOXX.OO.","..OOXXOXX","O","5","-1","XXOXXOOO."
"XXOXXO.O.",".O.OXXOXX","O","6","-1","XXOXXOOO."
"XXOXXO.O.",".O.OXXOXX","O","8","1","XXOXXO.OO"
"XXOXXOO..","..OOXXOXX","O","8","1","XXOXXOO.O"
"XXOXXOO..","..OOXXOXX","O","7","-1","XXOXXOOO."
"XXOXXOOO.",".OOOXXOXX","X","8","1","XXOXXOOOX"